[optimized-full] no VLLM GPU process found
[optimized-full] preflight train=8 eval=32
[optimized-full] selected global batch profile train=8 eval=32
[pilot] selected full benchmark runs: lora_gd_full_ar5_s500, lora_gd_full_ar3_s200, lora_rmu_full_sc200_s200, lora_rmu_full_sc50_s200
[pilot] /home/teacher1/miniconda3/envs/UT-p1/bin/python -u phase2/eval_benchmarks.py --benchmark-manifest data/benchmarks/hvue_gue_manifest.csv --benchmark-scope all --out-dir data/phase2/full_benchmarks_lora_optimized_s600/base --resume --device cuda:0 --batch-size 1 --cpu-threads 16 --epochs 3 --max-steps 600 --eval-every 200 --patience 3 --lr 0.0001 --weight-decay 0.0 --lora-rank 8 --lora-alpha 16 --lora-dropout 0.0 --metric-for-best auto --max-length 512 --seed 42 --task-filter gue_emp_h3,gue_emp_h3k14ac,gue_emp_h3k36me3,gue_emp_h3k4me1,gue_emp_h3k4me2,gue_emp_h3k4me3,gue_emp_h3k79me3,gue_emp_h3k9ac,gue_emp_h4,gue_emp_h4ac,gue_epi_gm12878,gue_epi_hela_s3,gue_epi_huvec,gue_epi_imr90,gue_epi_k562,gue_epi_nhek,gue_human_tf_0,gue_human_tf_1,gue_human_tf_2,gue_human_tf_3,gue_human_tf_4,gue_mouse_0,gue_mouse_1,gue_mouse_2,gue_mouse_3,gue_mouse_4,gue_prom_300_all,gue_prom_300_notata,gue_prom_300_tata,gue_prom_core_all,gue_prom_core_notata,gue_prom_core_tata,gue_splice_reconstructed,hvue_human_host_tropism,hvue_human_transmissibility_coronaviridae,hvue_human_transmissibility_orthomyxoviridae,hvue_human_virus_pathogenicity_bvbrc_cov,hvue_human_virus_pathogenicity_cini,virobench_all_taxon_genus,virobench_all_taxon_times,virobench_dna_taxon_genus,virobench_dna_taxon_times,virobench_rna_taxon_genus,virobench_rna_taxon_times --train-batch-size 8 --eval-batch-size 32 --validation-max-rows 2000 --discard-task-checkpoint
[bench-lora] runtime config: device=cuda:0 cpu_threads=16
[bench-lora] loaded rows=1701660 tasks=44 scope=all
[bench-lora] evaluating base model without unlearning checkpoint
[bench-lora] task 1/44 task=gue_emp_h3 rows=14965
[bench-lora] task=gue_emp_h3 step=200 train_loss=0.4481 val_loss=0.5385 auroc=0.8745638937989895
[bench-lora] task=gue_emp_h3 step=400 train_loss=0.3337 val_loss=0.4127 auroc=0.9023916653275484
[bench-lora] task=gue_emp_h3 step=600 train_loss=0.2524 val_loss=0.3789 auroc=0.9237720284964379
[bench-lora] finished task=gue_emp_h3 best_step=600 test_auroc=0.9306135199300263 test_f1=0.8650055713091862 test_acc=0.8650634602538411
[bench-lora] removed temporary checkpoint data/phase2/full_benchmarks_lora_optimized_s600/base/checkpoints/gue_emp_h3/best.pt
[bench-lora] task 2/44 task=gue_emp_h3k14ac rows=33048
[bench-lora] task=gue_emp_h3k14ac validation subset rows=2000/3305 labels={'0': 1000, '1': 1000}
[bench-lora] task=gue_emp_h3k14ac step=200 train_loss=0.8373 val_loss=0.6080 auroc=0.7799550000000001
[bench-lora] task=gue_emp_h3k14ac step=400 train_loss=0.7897 val_loss=0.5463 auroc=0.7967345
[bench-lora] task=gue_emp_h3k14ac step=600 train_loss=0.5863 val_loss=0.5568 auroc=0.81789
[bench-lora] finished task=gue_emp_h3k14ac best_step=600 test_auroc=0.8021792545211166 test_f1=0.6841871275987381 test_acc=0.686535552193646
[bench-lora] removed temporary checkpoint data/phase2/full_benchmarks_lora_optimized_s600/base/checkpoints/gue_emp_h3k14ac/best.pt
[bench-lora] task 3/44 task=gue_emp_h3k36me3 rows=34880
[bench-lora] task=gue_emp_h3k36me3 validation subset rows=2000/3488 labels={'0': 1000, '1': 1000}
[bench-lora] task=gue_emp_h3k36me3 step=200 train_loss=0.6585 val_loss=0.5834 auroc=0.792857
[bench-lora] task=gue_emp_h3k36me3 step=400 train_loss=0.3516 val_loss=0.5318 auroc=0.8253199999999999
[bench-lora] task=gue_emp_h3k36me3 step=600 train_loss=0.6800 val_loss=0.5235 auroc=0.837771
[bench-lora] finished task=gue_emp_h3k36me3 best_step=600 test_auroc=0.8365014262246813 test_f1=0.7727855237466655 test_acc=0.7826834862385321
[bench-lora] removed temporary checkpoint data/phase2/full_benchmarks_lora_optimized_s600/base/checkpoints/gue_emp_h3k36me3/best.pt
[bench-lora] task 4/44 task=gue_emp_h3k4me1 rows=31677
[bench-lora] task=gue_emp_h3k4me1 validation subset rows=2000/3168 labels={'0': 1000, '1': 1000}
[bench-lora] task=gue_emp_h3k4me1 step=200 train_loss=0.5572 val_loss=0.5920 auroc=0.7666489999999999
[bench-lora] task=gue_emp_h3k4me1 step=400 train_loss=0.3542 val_loss=0.5931 auroc=0.787692
[bench-lora] task=gue_emp_h3k4me1 step=600 train_loss=0.2882 val_loss=0.5595 auroc=0.7925719999999999
[bench-lora] finished task=gue_emp_h3k4me1 best_step=600 test_auroc=0.7803407604735224 test_f1=0.7365259793867389 test_acc=0.7424242424242424
[bench-lora] removed temporary checkpoint data/phase2/full_benchmarks_lora_optimized_s600/base/checkpoints/gue_emp_h3k4me1/best.pt
[bench-lora] task 5/44 task=gue_emp_h3k4me2 rows=30683
[bench-lora] task=gue_emp_h3k4me2 validation subset rows=2000/3069 labels={'0': 1000, '1': 1000}
[bench-lora] task=gue_emp_h3k4me2 step=200 train_loss=0.9083 val_loss=0.9067 auroc=0.6230870000000001
[bench-lora] task=gue_emp_h3k4me2 step=400 train_loss=0.6305 val_loss=0.6825 auroc=0.6439400000000001
[bench-lora] task=gue_emp_h3k4me2 step=600 train_loss=0.7470 val_loss=0.6957 auroc=0.684324
[bench-lora] finished task=gue_emp_h3k4me2 best_step=600 test_auroc=0.6926190403309384 test_f1=0.613081178325044 test_acc=0.613229064841968
[bench-lora] removed temporary checkpoint data/phase2/full_benchmarks_lora_optimized_s600/base/checkpoints/gue_emp_h3k4me2/best.pt
[bench-lora] task 6/44 task=gue_emp_h3k4me3 rows=36799
[bench-lora] task=gue_emp_h3k4me3 validation subset rows=2000/3680 labels={'0': 1000, '1': 1000}
[bench-lora] task=gue_emp_h3k4me3 step=200 train_loss=0.6837 val_loss=0.6933 auroc=0.5164234999999999
[bench-lora] task=gue_emp_h3k4me3 step=400 train_loss=0.7112 val_loss=0.6865 auroc=0.6645000000000001
[bench-lora] task=gue_emp_h3k4me3 step=600 train_loss=0.5414 val_loss=0.6347 auroc=0.7067439999999998
[bench-lora] finished task=gue_emp_h3k4me3 best_step=600 test_auroc=0.7079475202291595 test_f1=0.6518086546764891 test_acc=0.6527173913043478
[bench-lora] removed temporary checkpoint data/phase2/full_benchmarks_lora_optimized_s600/base/checkpoints/gue_emp_h3k4me3/best.pt
[bench-lora] task 7/44 task=gue_emp_h3k79me3 rows=28837
[bench-lora] task=gue_emp_h3k79me3 validation subset rows=2000/2884 labels={'0': 1000, '1': 1000}
[bench-lora] task=gue_emp_h3k79me3 step=200 train_loss=0.4308 val_loss=0.5147 auroc=0.8489365
[bench-lora] task=gue_emp_h3k79me3 step=400 train_loss=0.2797 val_loss=0.4614 auroc=0.868072
[bench-lora] task=gue_emp_h3k79me3 step=600 train_loss=0.6833 val_loss=0.5443 auroc=0.8713329999999999
[bench-lora] finished task=gue_emp_h3k79me3 best_step=600 test_auroc=0.8682522096136289 test_f1=0.7514942830620828 test_acc=0.7617891816920943
[bench-lora] removed temporary checkpoint data/phase2/full_benchmarks_lora_optimized_s600/base/checkpoints/gue_emp_h3k79me3/best.pt
[bench-lora] task 8/44 task=gue_emp_h3k9ac rows=27782
[bench-lora] task=gue_emp_h3k9ac validation subset rows=2000/2779 labels={'0': 1000, '1': 1000}
[bench-lora] task=gue_emp_h3k9ac step=200 train_loss=0.5774 val_loss=0.6343 auroc=0.7292065
[bench-lora] task=gue_emp_h3k9ac step=400 train_loss=0.8267 val_loss=0.5763 auroc=0.787288
[bench-lora] task=gue_emp_h3k9ac step=600 train_loss=0.1998 val_loss=0.5955 auroc=0.8099050000000001
[bench-lora] finished task=gue_emp_h3k9ac best_step=600 test_auroc=0.8296453596154046 test_f1=0.7578665670898681 test_acc=0.7581863979848866
[bench-lora] removed temporary checkpoint data/phase2/full_benchmarks_lora_optimized_s600/base/checkpoints/gue_emp_h3k9ac/best.pt
[bench-lora] task 9/44 task=gue_emp_h4 rows=14601
[bench-lora] task=gue_emp_h4 step=200 train_loss=0.3016 val_loss=0.3456 auroc=0.9333636782624924
[bench-lora] task=gue_emp_h4 step=400 train_loss=0.4525 val_loss=0.3844 auroc=0.9317734262218276
[bench-lora] task=gue_emp_h4 step=600 train_loss=0.0217 val_loss=0.3196 auroc=0.9387438722922865
[bench-lora] finished task=gue_emp_h4 best_step=600 test_auroc=0.9495422076565818 test_f1=0.896784602753327 test_acc=0.8986995208761123
[bench-lora] removed temporary checkpoint data/phase2/full_benchmarks_lora_optimized_s600/base/checkpoints/gue_emp_h4/best.pt
[bench-lora] task 10/44 task=gue_emp_h4ac rows=7113
[bench-lora] task=gue_emp_h4ac validation subset rows=2000/3410 labels={'0': 1000, '1': 1000}
[bench-lora] finished task=gue_emp_h4ac best_step=111 test_auroc=0.6535582096254653 test_f1=0.5718783845111108 test_acc=0.6011730205278593
[bench-lora] removed temporary checkpoint data/phase2/full_benchmarks_lora_optimized_s600/base/checkpoints/gue_emp_h4ac/best.pt
[bench-lora] task 11/44 task=gue_epi_gm12878 rows=14000
[bench-lora] task=gue_epi_gm12878 step=200 train_loss=0.6972 val_loss=0.7109 auroc=0.5488927647644752
[bench-lora] task=gue_epi_gm12878 step=400 train_loss=0.7343 val_loss=0.7251 auroc=0.5514768491742176
[bench-lora] task=gue_epi_gm12878 step=600 train_loss=0.7369 val_loss=0.7042 auroc=0.5461580634278003
[bench-lora] finished task=gue_epi_gm12878 best_step=400 test_auroc=0.5720699901622276 test_f1=0.3143640726774083 test_acc=0.4585
[bench-lora] removed temporary checkpoint data/phase2/full_benchmarks_lora_optimized_s600/base/checkpoints/gue_epi_gm12878/best.pt
[bench-lora] task 12/44 task=gue_epi_hela_s3 rows=14000
[bench-lora] task=gue_epi_hela_s3 step=200 train_loss=0.6950 val_loss=0.6915 auroc=0.533019785499992
[bench-lora] task=gue_epi_hela_s3 step=400 train_loss=0.7340 val_loss=0.6902 auroc=0.5499866639392919
[bench-lora] task=gue_epi_hela_s3 step=600 train_loss=0.5430 val_loss=0.8020 auroc=0.5472527714941201
[bench-lora] finished task=gue_epi_hela_s3 best_step=400 test_auroc=0.5662343373711227 test_f1=0.3425378040762656 test_acc=0.521
[bench-lora] removed temporary checkpoint data/phase2/full_benchmarks_lora_optimized_s600/base/checkpoints/gue_epi_hela_s3/best.pt
[bench-lora] task 13/44 task=gue_epi_huvec rows=14000
[bench-lora] task=gue_epi_huvec step=200 train_loss=0.6938 val_loss=0.6878 auroc=0.5710137421344824
[bench-lora] task=gue_epi_huvec step=400 train_loss=0.6385 val_loss=0.6967 auroc=0.5618576723989966
[bench-lora] task=gue_epi_huvec step=600 train_loss=0.7520 val_loss=0.6833 auroc=0.5762351710715572
[bench-lora] finished task=gue_epi_huvec best_step=600 test_auroc=0.564299621016572 test_f1=0.539450035945363 test_acc=0.549
[bench-lora] removed temporary checkpoint data/phase2/full_benchmarks_lora_optimized_s600/base/checkpoints/gue_epi_huvec/best.pt
[bench-lora] task 14/44 task=gue_epi_imr90 rows=14000
[bench-lora] task=gue_epi_imr90 step=200 train_loss=0.7228 val_loss=0.6914 auroc=0.5056856563271934
[bench-lora] task=gue_epi_imr90 step=400 train_loss=0.6828 val_loss=0.6885 auroc=0.5929910195838716
[bench-lora] task=gue_epi_imr90 step=600 train_loss=0.7264 val_loss=0.6942 auroc=0.5875291961388327
[bench-lora] finished task=gue_epi_imr90 best_step=400 test_auroc=0.553659159798592 test_f1=0.3841190703130728 test_acc=0.5275
[bench-lora] removed temporary checkpoint data/phase2/full_benchmarks_lora_optimized_s600/base/checkpoints/gue_epi_imr90/best.pt
[bench-lora] task 15/44 task=gue_epi_k562 rows=14000
[bench-lora] task=gue_epi_k562 step=200 train_loss=0.7244 val_loss=0.7034 auroc=0.486282963972701
[bench-lora] task=gue_epi_k562 step=400 train_loss=0.7077 val_loss=0.6980 auroc=0.5071760350454733
[bench-lora] task=gue_epi_k562 step=600 train_loss=0.8019 val_loss=0.8015 auroc=0.5086777980281416
[bench-lora] finished task=gue_epi_k562 best_step=600 test_auroc=0.48859172364535186 test_f1=0.34554973821989526 test_acc=0.528
[bench-lora] removed temporary checkpoint data/phase2/full_benchmarks_lora_optimized_s600/base/checkpoints/gue_epi_k562/best.pt
[bench-lora] task 16/44 task=gue_epi_nhek rows=14000
[bench-lora] task=gue_epi_nhek step=200 train_loss=0.5976 val_loss=0.7361 auroc=0.5349924580692658
[bench-lora] task=gue_epi_nhek step=400 train_loss=0.7316 val_loss=0.6938 auroc=0.4900989653351258
[bench-lora] task=gue_epi_nhek step=600 train_loss=0.7042 val_loss=0.6926 auroc=0.5361277487036682
[bench-lora] finished task=gue_epi_nhek best_step=600 test_auroc=0.5281428080603494 test_f1=0.5116434549951359 test_acc=0.5305
[bench-lora] removed temporary checkpoint data/phase2/full_benchmarks_lora_optimized_s600/base/checkpoints/gue_epi_nhek/best.pt
[bench-lora] task 17/44 task=gue_human_tf_0 rows=34378
[bench-lora] task=gue_human_tf_0 step=200 train_loss=0.5676 val_loss=0.5981 auroc=0.7744472610337549
[bench-lora] task=gue_human_tf_0 step=400 train_loss=0.9016 val_loss=0.5511 auroc=0.8171566330678265
[bench-lora] task=gue_human_tf_0 step=600 train_loss=0.2542 val_loss=0.5249 auroc=0.8189346884999059
[bench-lora] finished task=gue_human_tf_0 best_step=600 test_auroc=0.8794440000000001 test_f1=0.788507710404615 test_acc=0.79
[bench-lora] removed temporary checkpoint data/phase2/full_benchmarks_lora_optimized_s600/base/checkpoints/gue_human_tf_0/best.pt
[bench-lora] task 18/44 task=gue_human_tf_1 rows=32672
[bench-lora] task=gue_human_tf_1 step=200 train_loss=0.7906 val_loss=0.6659 auroc=0.720630120327701
[bench-lora] task=gue_human_tf_1 step=400 train_loss=0.6164 val_loss=0.6193 auroc=0.7774517569124424
[bench-lora] task=gue_human_tf_1 step=600 train_loss=0.1064 val_loss=0.6070 auroc=0.797259024577573
[bench-lora] finished task=gue_human_tf_1 best_step=600 test_auroc=0.898856 test_f1=0.7915640849814372 test_acc=0.793
[bench-lora] removed temporary checkpoint data/phase2/full_benchmarks_lora_optimized_s600/base/checkpoints/gue_human_tf_1/best.pt
[bench-lora] task 19/44 task=gue_human_tf_2 rows=21000
[bench-lora] task=gue_human_tf_2 step=200 train_loss=0.7235 val_loss=0.6955 auroc=0.4884250368094232
[bench-lora] task=gue_human_tf_2 step=400 train_loss=0.6716 val_loss=0.6908 auroc=0.6259262371167019
[bench-lora] task=gue_human_tf_2 step=600 train_loss=0.7903 val_loss=0.6488 auroc=0.7116181742526086
[bench-lora] finished task=gue_human_tf_2 best_step=600 test_auroc=0.698096 test_f1=0.6094452896239224 test_acc=0.618
[bench-lora] removed temporary checkpoint data/phase2/full_benchmarks_lora_optimized_s600/base/checkpoints/gue_human_tf_2/best.pt
[bench-lora] task 20/44 task=gue_human_tf_3 rows=29294
[bench-lora] task=gue_human_tf_3 step=200 train_loss=0.6745 val_loss=0.6865 auroc=0.5827692689725885
[bench-lora] task=gue_human_tf_3 step=400 train_loss=0.6031 val_loss=0.6692 auroc=0.6373219692721768
[bench-lora] task=gue_human_tf_3 step=600 train_loss=0.6705 val_loss=0.6850 auroc=0.6429212259087778
[bench-lora] finished task=gue_human_tf_3 best_step=600 test_auroc=0.646468 test_f1=0.3974594519844327 test_acc=0.512
[bench-lora] removed temporary checkpoint data/phase2/full_benchmarks_lora_optimized_s600/base/checkpoints/gue_human_tf_3/best.pt
[bench-lora] task 21/44 task=gue_human_tf_4 rows=21000
[bench-lora] task=gue_human_tf_4 step=200 train_loss=0.9464 val_loss=0.6557 auroc=0.7044624462446245
[bench-lora] task=gue_human_tf_4 step=400 train_loss=0.7029 val_loss=0.5962 auroc=0.7996239623962396
[bench-lora] task=gue_human_tf_4 step=600 train_loss=0.4178 val_loss=0.5318 auroc=0.8101890189018903
[bench-lora] finished task=gue_human_tf_4 best_step=600 test_auroc=0.876104 test_f1=0.7929856295849663 test_acc=0.794
[bench-lora] removed temporary checkpoint data/phase2/full_benchmarks_lora_optimized_s600/base/checkpoints/gue_human_tf_4/best.pt
[bench-lora] task 22/44 task=gue_mouse_0 rows=8098
[bench-lora] task=gue_mouse_0 step=200 train_loss=0.6707 val_loss=0.7013 auroc=0.5656306237608663
[bench-lora] task=gue_mouse_0 step=400 train_loss=0.6631 val_loss=0.6869 auroc=0.6325392710080829
[bench-lora] task=gue_mouse_0 step=600 train_loss=0.6710 val_loss=0.6719 auroc=0.6602775659600426
[bench-lora] finished task=gue_mouse_0 best_step=600 test_auroc=0.6258741045572321 test_f1=0.5484373459847363 test_acc=0.5740740740740741
[bench-lora] removed temporary checkpoint data/phase2/full_benchmarks_lora_optimized_s600/base/checkpoints/gue_mouse_0/best.pt
[bench-lora] task 23/44 task=gue_mouse_1 rows=67442
[bench-lora] task=gue_mouse_1 validation subset rows=2000/6745 labels={'0': 1000, '1': 1000}
[bench-lora] task=gue_mouse_1 step=200 train_loss=0.1271 val_loss=0.5206 auroc=0.86072
[bench-lora] task=gue_mouse_1 step=400 train_loss=0.1451 val_loss=0.4378 auroc=0.9134249999999999
[bench-lora] task=gue_mouse_1 step=600 train_loss=1.1749 val_loss=0.4306 auroc=0.921768
[bench-lora] finished task=gue_mouse_1 best_step=600 test_auroc=0.9180131875521156 test_f1=0.8147694500158088 test_acc=0.8157153446997776
[bench-lora] removed temporary checkpoint data/phase2/full_benchmarks_lora_optimized_s600/base/checkpoints/gue_mouse_1/best.pt
[bench-lora] task 24/44 task=gue_mouse_2 rows=3276
[bench-lora] task=gue_mouse_2 step=200 train_loss=0.3718 val_loss=0.3854 auroc=0.8979736010410857
[bench-lora] task=gue_mouse_2 step=400 train_loss=0.8530 val_loss=0.4218 auroc=0.89923777653839
[bench-lora] task=gue_mouse_2 step=600 train_loss=0.4656 val_loss=0.6574 auroc=0.9249674660717606
[bench-lora] finished task=gue_mouse_2 best_step=600 test_auroc=0.9082391433670435 test_f1=0.7537033244590075 test_acc=0.7652439024390244
[bench-lora] removed temporary checkpoint data/phase2/full_benchmarks_lora_optimized_s600/base/checkpoints/gue_mouse_2/best.pt
[bench-lora] task 25/44 task=gue_mouse_3 rows=2382
[bench-lora] task=gue_mouse_3 step=200 train_loss=0.6346 val_loss=0.6869 auroc=0.5329831932773109
[bench-lora] task=gue_mouse_3 step=400 train_loss=0.6671 val_loss=0.6648 auroc=0.5601540616246499
[bench-lora] task=gue_mouse_3 step=600 train_loss=0.3906 val_loss=0.6848 auroc=0.648389355742297
[bench-lora] finished task=gue_mouse_3 best_step=600 test_auroc=0.680672268907563 test_f1=0.46617263333681247 test_acc=0.5523012552301255
[bench-lora] removed temporary checkpoint data/phase2/full_benchmarks_lora_optimized_s600/base/checkpoints/gue_mouse_3/best.pt
[bench-lora] task 26/44 task=gue_mouse_4 rows=18830
[bench-lora] task=gue_mouse_4 step=200 train_loss=0.6944 val_loss=0.6957 auroc=0.5050164390062027
[bench-lora] task=gue_mouse_4 step=400 train_loss=0.6321 val_loss=0.7072 auroc=0.5294427685320138
[bench-lora] task=gue_mouse_4 step=600 train_loss=0.6039 val_loss=0.7208 auroc=0.5931080455094961
[bench-lora] finished task=gue_mouse_4 best_step=600 test_auroc=0.5670814803784202 test_f1=0.33321529745042494 test_acc=0.4997344662772172
[bench-lora] removed temporary checkpoint data/phase2/full_benchmarks_lora_optimized_s600/base/checkpoints/gue_mouse_4/best.pt
[bench-lora] task 27/44 task=gue_prom_300_all rows=59196
[bench-lora] task=gue_prom_300_all validation subset rows=2000/5920 labels={'0': 1000, '1': 1000}
[bench-lora] task=gue_prom_300_all step=200 train_loss=0.5722 val_loss=0.3129 auroc=0.949982
[bench-lora] task=gue_prom_300_all step=400 train_loss=0.0146 val_loss=0.3052 auroc=0.9606389999999999
[bench-lora] task=gue_prom_300_all step=600 train_loss=0.0191 val_loss=0.2675 auroc=0.9655585
[bench-lora] finished task=gue_prom_300_all best_step=600 test_auroc=0.9564730288088389 test_f1=0.8997905900333689 test_acc=0.8998310810810811
[bench-lora] removed temporary checkpoint data/phase2/full_benchmarks_lora_optimized_s600/base/checkpoints/gue_prom_300_all/best.pt
[bench-lora] task 28/44 task=gue_prom_300_notata rows=53066
[bench-lora] task=gue_prom_300_notata validation subset rows=2000/5307 labels={'0': 1000, '1': 1000}
[bench-lora] task=gue_prom_300_notata step=200 train_loss=0.1387 val_loss=0.2112 auroc=0.9730879999999998
[bench-lora] task=gue_prom_300_notata step=400 train_loss=1.7135 val_loss=0.2485 auroc=0.980113
[bench-lora] task=gue_prom_300_notata step=600 train_loss=0.0814 val_loss=0.2274 auroc=0.981158
[bench-lora] finished task=gue_prom_300_notata best_step=600 test_auroc=0.9802725755477434 test_f1=0.9323365436320303 test_acc=0.9323534953834558
[bench-lora] removed temporary checkpoint data/phase2/full_benchmarks_lora_optimized_s600/base/checkpoints/gue_prom_300_notata/best.pt
[bench-lora] task 29/44 task=gue_prom_300_tata rows=6130
[bench-lora] task=gue_prom_300_tata step=200 train_loss=0.3771 val_loss=0.6368 auroc=0.7858866232518417
[bench-lora] task=gue_prom_300_tata step=400 train_loss=0.6246 val_loss=0.5525 auroc=0.8161097469840931
[bench-lora] task=gue_prom_300_tata step=600 train_loss=0.3923 val_loss=0.5001 auroc=0.8363083164300203
[bench-lora] finished task=gue_prom_300_tata best_step=600 test_auroc=0.8421327367636093 test_f1=0.7797505143279936 test_acc=0.7797716150081566
[bench-lora] removed temporary checkpoint data/phase2/full_benchmarks_lora_optimized_s600/base/checkpoints/gue_prom_300_tata/best.pt
[bench-lora] task 30/44 task=gue_prom_core_all rows=59196
[bench-lora] task=gue_prom_core_all validation subset rows=2000/5920 labels={'0': 1000, '1': 1000}
[bench-lora] task=gue_prom_core_all step=200 train_loss=0.4951 val_loss=0.5465 auroc=0.797628
[bench-lora] task=gue_prom_core_all step=400 train_loss=0.7677 val_loss=0.4715 auroc=0.8617090000000001
[bench-lora] task=gue_prom_core_all step=600 train_loss=0.1895 val_loss=0.4538 auroc=0.8704109999999999
[bench-lora] finished task=gue_prom_core_all best_step=600 test_auroc=0.8698982119117014 test_f1=0.7788232813350405 test_acc=0.7788851351351351
[bench-lora] removed temporary checkpoint data/phase2/full_benchmarks_lora_optimized_s600/base/checkpoints/gue_prom_core_all/best.pt
[bench-lora] task 31/44 task=gue_prom_core_notata rows=53066
[bench-lora] task=gue_prom_core_notata validation subset rows=2000/5307 labels={'0': 1000, '1': 1000}
[bench-lora] task=gue_prom_core_notata step=200 train_loss=0.4464 val_loss=0.5191 auroc=0.846179
[bench-lora] task=gue_prom_core_notata step=400 train_loss=0.6257 val_loss=0.4469 auroc=0.890063
[bench-lora] task=gue_prom_core_notata step=600 train_loss=0.3978 val_loss=0.4572 auroc=0.8990849999999999
[bench-lora] finished task=gue_prom_core_notata best_step=600 test_auroc=0.8835139507958492 test_f1=0.7657259372237031 test_acc=0.7695496514038063
[bench-lora] removed temporary checkpoint data/phase2/full_benchmarks_lora_optimized_s600/base/checkpoints/gue_prom_core_notata/best.pt
[bench-lora] task 32/44 task=gue_prom_core_tata rows=6130
[bench-lora] task=gue_prom_core_tata step=200 train_loss=0.8209 val_loss=0.5805 auroc=0.7914670754295202
[bench-lora] task=gue_prom_core_tata step=400 train_loss=0.2234 val_loss=0.3735 auroc=0.9218879734304145
[bench-lora] task=gue_prom_core_tata step=600 train_loss=0.1034 val_loss=0.3445 auroc=0.9352579251027229
[bench-lora] finished task=gue_prom_core_tata best_step=600 test_auroc=0.9387189150059615 test_f1=0.8530680728667306 test_acc=0.8531810766721044
[bench-lora] removed temporary checkpoint data/phase2/full_benchmarks_lora_optimized_s600/base/checkpoints/gue_prom_core_tata/best.pt
[bench-lora] task 33/44 task=gue_splice_reconstructed rows=45620
[bench-lora] task=gue_splice_reconstructed validation subset rows=2000/4562 labels={'0': 667, '1': 667, '2': 666}
[bench-lora] task=gue_splice_reconstructed step=200 train_loss=0.6099 val_loss=1.3998 auroc=0.5923889185419523
[bench-lora] task=gue_splice_reconstructed step=400 train_loss=1.1024 val_loss=1.1715 auroc=0.6306237152696426
[bench-lora] task=gue_splice_reconstructed step=600 train_loss=0.9981 val_loss=1.1055 auroc=0.6876784557602812
[bench-lora] finished task=gue_splice_reconstructed best_step=600 test_auroc=0.7104354434792975 test_f1=0.3556043639684714 test_acc=0.581543182814555
[bench-lora] removed temporary checkpoint data/phase2/full_benchmarks_lora_optimized_s600/base/checkpoints/gue_splice_reconstructed/best.pt
[bench-lora] task 34/44 task=hvue_human_host_tropism rows=69302
[bench-lora] task=hvue_human_host_tropism validation subset rows=2000/11256 labels={'0': 1000, '1': 1000}
[bench-lora] task=hvue_human_host_tropism step=200 train_loss=0.5140 val_loss=0.5094 auroc=0.841348
[bench-lora] task=hvue_human_host_tropism step=400 train_loss=0.4463 val_loss=0.4606 auroc=0.8721049999999999
[bench-lora] task=hvue_human_host_tropism step=600 train_loss=0.3382 val_loss=0.4133 auroc=0.8980630000000001
[bench-lora] finished task=hvue_human_host_tropism best_step=600 test_auroc=0.8911171946678217 test_f1=0.7876223536032929 test_acc=0.790821968300774
[bench-lora] removed temporary checkpoint data/phase2/full_benchmarks_lora_optimized_s600/base/checkpoints/hvue_human_host_tropism/best.pt
[bench-lora] task 35/44 task=hvue_human_transmissibility_coronaviridae rows=179142
[bench-lora] task=hvue_human_transmissibility_coronaviridae validation subset rows=2000/26871 labels={'0': 1000, '1': 1000}
[bench-lora] task=hvue_human_transmissibility_coronaviridae step=200 train_loss=0.6740 val_loss=0.6373 auroc=0.705681
[bench-lora] task=hvue_human_transmissibility_coronaviridae step=400 train_loss=0.5391 val_loss=0.6884 auroc=0.7410355
[bench-lora] task=hvue_human_transmissibility_coronaviridae step=600 train_loss=0.6572 val_loss=0.6477 auroc=0.76263
[bench-lora] finished task=hvue_human_transmissibility_coronaviridae best_step=600 test_auroc=0.7496671382983482 test_f1=0.6767015696773746 test_acc=0.790302173265853
[bench-lora] removed temporary checkpoint data/phase2/full_benchmarks_lora_optimized_s600/base/checkpoints/hvue_human_transmissibility_coronaviridae/best.pt
[bench-lora] task 36/44 task=hvue_human_transmissibility_orthomyxoviridae rows=421298
[bench-lora] task=hvue_human_transmissibility_orthomyxoviridae validation subset rows=2000/62957 labels={'0': 1000, '1': 1000}
[bench-lora] task=hvue_human_transmissibility_orthomyxoviridae step=200 train_loss=0.8637 val_loss=0.7169 auroc=0.8729089999999999
[bench-lora] task=hvue_human_transmissibility_orthomyxoviridae step=400 train_loss=0.1587 val_loss=0.7126 auroc=0.9328000000000001
[bench-lora] task=hvue_human_transmissibility_orthomyxoviridae step=600 train_loss=0.4364 val_loss=0.3030 auroc=0.958614
[bench-lora] finished task=hvue_human_transmissibility_orthomyxoviridae best_step=600 test_auroc=0.9455110865426382 test_f1=0.8481145029712527 test_acc=0.8808903623016813
[bench-lora] removed temporary checkpoint data/phase2/full_benchmarks_lora_optimized_s600/base/checkpoints/hvue_human_transmissibility_orthomyxoviridae/best.pt
[bench-lora] task 37/44 task=hvue_human_virus_pathogenicity_bvbrc_cov rows=131645
[bench-lora] task=hvue_human_virus_pathogenicity_bvbrc_cov validation subset rows=2000/19747 labels={'0': 1000, '1': 1000}
[bench-lora] task=hvue_human_virus_pathogenicity_bvbrc_cov step=200 train_loss=0.6919 val_loss=0.6945 auroc=0.533288
[bench-lora] task=hvue_human_virus_pathogenicity_bvbrc_cov step=400 train_loss=0.6947 val_loss=0.6899 auroc=0.574848
[bench-lora] task=hvue_human_virus_pathogenicity_bvbrc_cov step=600 train_loss=0.7092 val_loss=0.7085 auroc=0.42085500000000003
[bench-lora] finished task=hvue_human_virus_pathogenicity_bvbrc_cov best_step=400 test_auroc=0.5666375170336853 test_f1=0.5511881361211611 test_acc=0.5595786701777485
[bench-lora] removed temporary checkpoint data/phase2/full_benchmarks_lora_optimized_s600/base/checkpoints/hvue_human_virus_pathogenicity_bvbrc_cov/best.pt
[bench-lora] task 38/44 task=hvue_human_virus_pathogenicity_cini rows=3628
[bench-lora] task=hvue_human_virus_pathogenicity_cini step=200 train_loss=0.5046 val_loss=0.5302 auroc=0.7723166544717734
[bench-lora] task=hvue_human_virus_pathogenicity_cini step=400 train_loss=0.3204 val_loss=0.5444 auroc=0.7804919232284573
[bench-lora] task=hvue_human_virus_pathogenicity_cini step=600 train_loss=0.8535 val_loss=0.5225 auroc=0.7821945179264929
[bench-lora] finished task=hvue_human_virus_pathogenicity_cini best_step=600 test_auroc=0.735815948527978 test_f1=0.6727180339985217 test_acc=0.7137614678899082
[bench-lora] removed temporary checkpoint data/phase2/full_benchmarks_lora_optimized_s600/base/checkpoints/hvue_human_virus_pathogenicity_cini/best.pt
[bench-lora] task 39/44 task=virobench_all_taxon_genus rows=8000
[bench-lora] task=virobench_all_taxon_genus step=200 train_loss=1.3819 val_loss=3.0670 f1=0.007317806406368977
[bench-lora] task=virobench_all_taxon_genus step=400 train_loss=3.5725 val_loss=2.6752 f1=0.008670640258314048
[bench-lora] task=virobench_all_taxon_genus step=600 train_loss=1.8230 val_loss=2.5375 f1=0.012821592431045343
[bench-lora] finished task=virobench_all_taxon_genus best_step=600 test_auroc=None test_f1=0.012750949228361117 test_acc=0.5
[bench-lora] removed temporary checkpoint data/phase2/full_benchmarks_lora_optimized_s600/base/checkpoints/virobench_all_taxon_genus/best.pt
[bench-lora] task 40/44 task=virobench_all_taxon_times rows=8000
[bench-lora] task=virobench_all_taxon_times step=200 train_loss=3.0455 val_loss=2.7088 f1=0.029206139274934137
[bench-lora] task=virobench_all_taxon_times step=400 train_loss=1.4973 val_loss=2.5464 f1=0.03384207935736879
[bench-lora] task=virobench_all_taxon_times step=600 train_loss=1.5654 val_loss=2.3260 f1=0.041626537419220344
[bench-lora] finished task=virobench_all_taxon_times best_step=600 test_auroc=None test_f1=0.018613989534474906 test_acc=0.5
[bench-lora] removed temporary checkpoint data/phase2/full_benchmarks_lora_optimized_s600/base/checkpoints/virobench_all_taxon_times/best.pt
[bench-lora] task 41/44 task=virobench_dna_taxon_genus rows=1759
[bench-lora] task=virobench_dna_taxon_genus step=200 train_loss=4.6707 val_loss=3.3643 f1=0.021626049678777147
[bench-lora] task=virobench_dna_taxon_genus step=400 train_loss=2.0875 val_loss=3.0031 f1=0.05079815901171337
[bench-lora] finished task=virobench_dna_taxon_genus best_step=400 test_auroc=None test_f1=0.06844197489999589 test_acc=0.3693181818181818
[bench-lora] removed temporary checkpoint data/phase2/full_benchmarks_lora_optimized_s600/base/checkpoints/virobench_dna_taxon_genus/best.pt
[bench-lora] task 42/44 task=virobench_dna_taxon_times rows=1759
[bench-lora] task=virobench_dna_taxon_times step=200 train_loss=2.5637 val_loss=3.0125 f1=0.11140597992388512
[bench-lora] task=virobench_dna_taxon_times step=400 train_loss=2.3459 val_loss=2.8768 f1=0.19211160709136416
[bench-lora] finished task=virobench_dna_taxon_times best_step=400 test_auroc=None test_f1=0.10173095679024534 test_acc=0.3058823529411765
[bench-lora] removed temporary checkpoint data/phase2/full_benchmarks_lora_optimized_s600/base/checkpoints/virobench_dna_taxon_times/best.pt
[bench-lora] task 43/44 task=virobench_rna_taxon_genus rows=5983
[bench-lora] task=virobench_rna_taxon_genus step=200 train_loss=1.9710 val_loss=1.8127 f1=0.020559404346853886
[bench-lora] task=virobench_rna_taxon_genus step=400 train_loss=2.2990 val_loss=1.6234 f1=0.03629827104654892
[bench-lora] task=virobench_rna_taxon_genus step=600 train_loss=2.3875 val_loss=1.5431 f1=0.03294599558220994
[bench-lora] finished task=virobench_rna_taxon_genus best_step=400 test_auroc=None test_f1=0.037322553355607 test_acc=0.6477462437395659
[bench-lora] removed temporary checkpoint data/phase2/full_benchmarks_lora_optimized_s600/base/checkpoints/virobench_rna_taxon_genus/best.pt
[bench-lora] task 44/44 task=virobench_rna_taxon_times rows=5983
[bench-lora] task=virobench_rna_taxon_times step=200 train_loss=0.7513 val_loss=1.8176 f1=0.07402782645896185
[bench-lora] task=virobench_rna_taxon_times step=400 train_loss=0.8039 val_loss=1.6256 f1=0.05645236173421183
[bench-lora] task=virobench_rna_taxon_times step=600 train_loss=1.8705 val_loss=1.4347 f1=0.10839080459770115
[bench-lora] finished task=virobench_rna_taxon_times best_step=600 test_auroc=None test_f1=0.03185639838514125 test_acc=0.6191247974068071
[bench-lora] removed temporary checkpoint data/phase2/full_benchmarks_lora_optimized_s600/base/checkpoints/virobench_rna_taxon_times/best.pt
[bench-lora] wrote benchmark results to data/phase2/full_benchmarks_lora_optimized_s600/base/eval_benchmarks.csv
[bench-lora] wrote benchmark summary to data/phase2/full_benchmarks_lora_optimized_s600/base/eval_benchmarks_summary.json
[pilot] /home/teacher1/miniconda3/envs/UT-p1/bin/python -u phase2/eval_benchmarks.py --benchmark-manifest data/benchmarks/hvue_gue_manifest.csv --benchmark-scope all --out-dir data/phase2/full_benchmarks_lora_optimized_s600/lora_gd_full_ar5_s500 --resume --device cuda:0 --batch-size 1 --cpu-threads 16 --epochs 3 --max-steps 600 --eval-every 200 --patience 3 --lr 0.0001 --weight-decay 0.0 --lora-rank 8 --lora-alpha 16 --lora-dropout 0.0 --metric-for-best auto --max-length 512 --seed 42 --task-filter gue_emp_h3,gue_emp_h3k14ac,gue_emp_h3k36me3,gue_emp_h3k4me1,gue_emp_h3k4me2,gue_emp_h3k4me3,gue_emp_h3k79me3,gue_emp_h3k9ac,gue_emp_h4,gue_emp_h4ac,gue_epi_gm12878,gue_epi_hela_s3,gue_epi_huvec,gue_epi_imr90,gue_epi_k562,gue_epi_nhek,gue_human_tf_0,gue_human_tf_1,gue_human_tf_2,gue_human_tf_3,gue_human_tf_4,gue_mouse_0,gue_mouse_1,gue_mouse_2,gue_mouse_3,gue_mouse_4,gue_prom_300_all,gue_prom_300_notata,gue_prom_300_tata,gue_prom_core_all,gue_prom_core_notata,gue_prom_core_tata,gue_splice_reconstructed,hvue_human_host_tropism,hvue_human_transmissibility_coronaviridae,hvue_human_transmissibility_orthomyxoviridae,hvue_human_virus_pathogenicity_bvbrc_cov,hvue_human_virus_pathogenicity_cini,virobench_all_taxon_genus,virobench_all_taxon_times,virobench_dna_taxon_genus,virobench_dna_taxon_times,virobench_rna_taxon_genus,virobench_rna_taxon_times --train-batch-size 8 --eval-batch-size 32 --validation-max-rows 2000 --discard-task-checkpoint --ckpt data/phase2/checkpoints_lora_grid/lora_gd_full_ar5_s500/weights.safetensors
[bench-lora] runtime config: device=cuda:0 cpu_threads=16
[bench-lora] loaded rows=1701660 tasks=44 scope=all
[bench-lora] applied 439 checkpoint tensors from data/phase2/checkpoints_lora_grid/lora_gd_full_ar5_s500/weights.safetensors
[bench-lora] task 1/44 task=gue_emp_h3 rows=14965
[bench-lora] task=gue_emp_h3 step=200 train_loss=0.3102 val_loss=0.5523 auroc=0.8031513917903119
[bench-lora] task=gue_emp_h3 step=400 train_loss=0.2008 val_loss=0.4924 auroc=0.8548199332226328
[bench-lora] task=gue_emp_h3 step=600 train_loss=0.6107 val_loss=0.5326 auroc=0.8549127787597981
[bench-lora] finished task=gue_emp_h3 best_step=600 test_auroc=0.8696881526570395 test_f1=0.7799326642787225 test_acc=0.7808951235804943
[bench-lora] removed temporary checkpoint data/phase2/full_benchmarks_lora_optimized_s600/lora_gd_full_ar5_s500/checkpoints/gue_emp_h3/best.pt
[bench-lora] task 2/44 task=gue_emp_h3k14ac rows=33048
[bench-lora] task=gue_emp_h3k14ac validation subset rows=2000/3305 labels={'0': 1000, '1': 1000}
[bench-lora] task=gue_emp_h3k14ac step=200 train_loss=0.7100 val_loss=0.8630 auroc=0.48989350000000004
[bench-lora] task=gue_emp_h3k14ac step=400 train_loss=0.6855 val_loss=0.6905 auroc=0.564535
[bench-lora] task=gue_emp_h3k14ac step=600 train_loss=0.6567 val_loss=0.6907 auroc=0.5812615
[bench-lora] finished task=gue_emp_h3k14ac best_step=600 test_auroc=0.5797306271018439 test_f1=0.3790102102334322 test_acc=0.5706505295007565
[bench-lora] removed temporary checkpoint data/phase2/full_benchmarks_lora_optimized_s600/lora_gd_full_ar5_s500/checkpoints/gue_emp_h3k14ac/best.pt
[bench-lora] task 3/44 task=gue_emp_h3k36me3 rows=34880
[bench-lora] task=gue_emp_h3k36me3 validation subset rows=2000/3488 labels={'0': 1000, '1': 1000}
[bench-lora] task=gue_emp_h3k36me3 step=200 train_loss=0.6960 val_loss=0.6935 auroc=0.5035835
[bench-lora] task=gue_emp_h3k36me3 step=400 train_loss=0.7731 val_loss=0.7174 auroc=0.501505
[bench-lora] task=gue_emp_h3k36me3 step=600 train_loss=0.7089 val_loss=0.6932 auroc=0.5196455
[bench-lora] finished task=gue_emp_h3k36me3 best_step=600 test_auroc=0.5092734580985714 test_f1=0.36649593555227683 test_acc=0.5544724770642202
[bench-lora] removed temporary checkpoint data/phase2/full_benchmarks_lora_optimized_s600/lora_gd_full_ar5_s500/checkpoints/gue_emp_h3k36me3/best.pt
[bench-lora] task 4/44 task=gue_emp_h3k4me1 rows=31677
[bench-lora] task=gue_emp_h3k4me1 validation subset rows=2000/3168 labels={'0': 1000, '1': 1000}
[bench-lora] task=gue_emp_h3k4me1 step=200 train_loss=0.6828 val_loss=0.6922 auroc=0.543701
[bench-lora] task=gue_emp_h3k4me1 step=400 train_loss=0.6324 val_loss=0.7575 auroc=0.5897370000000001
[bench-lora] task=gue_emp_h3k4me1 step=600 train_loss=0.5379 val_loss=0.7261 auroc=0.6177919999999999
[bench-lora] finished task=gue_emp_h3k4me1 best_step=600 test_auroc=0.6066752568612973 test_f1=0.4417556191487065 test_acc=0.569760101010101
[bench-lora] removed temporary checkpoint data/phase2/full_benchmarks_lora_optimized_s600/lora_gd_full_ar5_s500/checkpoints/gue_emp_h3k4me1/best.pt
[bench-lora] task 5/44 task=gue_emp_h3k4me2 rows=30683
[bench-lora] task=gue_emp_h3k4me2 validation subset rows=2000/3069 labels={'0': 1000, '1': 1000}
[bench-lora] task=gue_emp_h3k4me2 step=200 train_loss=0.8371 val_loss=0.7519 auroc=0.659843
[bench-lora] task=gue_emp_h3k4me2 step=400 train_loss=0.4526 val_loss=0.7044 auroc=0.663977
[bench-lora] task=gue_emp_h3k4me2 step=600 train_loss=1.1356 val_loss=0.6839 auroc=0.6746159999999999
[bench-lora] finished task=gue_emp_h3k4me2 best_step=600 test_auroc=0.6545727054481532 test_f1=0.6051426138782461 test_acc=0.645487129358097
[bench-lora] removed temporary checkpoint data/phase2/full_benchmarks_lora_optimized_s600/lora_gd_full_ar5_s500/checkpoints/gue_emp_h3k4me2/best.pt
[bench-lora] task 6/44 task=gue_emp_h3k4me3 rows=36799
[bench-lora] task=gue_emp_h3k4me3 validation subset rows=2000/3680 labels={'0': 1000, '1': 1000}
[bench-lora] task=gue_emp_h3k4me3 step=200 train_loss=0.7628 val_loss=0.6996 auroc=0.5545169999999999
[bench-lora] task=gue_emp_h3k4me3 step=400 train_loss=0.7048 val_loss=0.6939 auroc=0.5397129999999999
[bench-lora] task=gue_emp_h3k4me3 step=600 train_loss=0.7129 val_loss=0.6947 auroc=0.579951
[bench-lora] finished task=gue_emp_h3k4me3 best_step=600 test_auroc=0.56427254314897 test_f1=0.5091521806574655 test_acc=0.5573369565217391
[bench-lora] removed temporary checkpoint data/phase2/full_benchmarks_lora_optimized_s600/lora_gd_full_ar5_s500/checkpoints/gue_emp_h3k4me3/best.pt
[bench-lora] task 7/44 task=gue_emp_h3k79me3 rows=28837
[bench-lora] task=gue_emp_h3k79me3 validation subset rows=2000/2884 labels={'0': 1000, '1': 1000}
[bench-lora] task=gue_emp_h3k79me3 step=200 train_loss=0.6312 val_loss=0.6888 auroc=0.616411
[bench-lora] task=gue_emp_h3k79me3 step=400 train_loss=0.7341 val_loss=0.6536 auroc=0.718373
[bench-lora] task=gue_emp_h3k79me3 step=600 train_loss=0.5102 val_loss=0.5888 auroc=0.7845129999999999
[bench-lora] finished task=gue_emp_h3k79me3 best_step=600 test_auroc=0.7793083846609673 test_f1=0.7063638458051235 test_acc=0.7149791955617198
[bench-lora] removed temporary checkpoint data/phase2/full_benchmarks_lora_optimized_s600/lora_gd_full_ar5_s500/checkpoints/gue_emp_h3k79me3/best.pt
[bench-lora] task 8/44 task=gue_emp_h3k9ac rows=27782
[bench-lora] task=gue_emp_h3k9ac validation subset rows=2000/2779 labels={'0': 1000, '1': 1000}
[bench-lora] task=gue_emp_h3k9ac step=200 train_loss=0.5568 val_loss=0.6950 auroc=0.71404
[bench-lora] task=gue_emp_h3k9ac step=400 train_loss=0.5471 val_loss=0.6136 auroc=0.729715
[bench-lora] task=gue_emp_h3k9ac step=600 train_loss=0.6776 val_loss=0.6414 auroc=0.722926
[bench-lora] finished task=gue_emp_h3k9ac best_step=400 test_auroc=0.7401531258837206 test_f1=0.674535864825845 test_acc=0.6747031306225261
[bench-lora] removed temporary checkpoint data/phase2/full_benchmarks_lora_optimized_s600/lora_gd_full_ar5_s500/checkpoints/gue_emp_h3k9ac/best.pt
[bench-lora] task 9/44 task=gue_emp_h4 rows=14601
[bench-lora] task=gue_emp_h4 step=200 train_loss=0.5958 val_loss=0.6584 auroc=0.6503692812822575
[bench-lora] task=gue_emp_h4 step=400 train_loss=0.4409 val_loss=0.4988 auroc=0.8438524855544172
[bench-lora] task=gue_emp_h4 step=600 train_loss=0.2669 val_loss=0.4548 auroc=0.869010844185772
[bench-lora] finished task=gue_emp_h4 best_step=600 test_auroc=0.8935438178096601 test_f1=0.8143677753418321 test_acc=0.8172484599589322
[bench-lora] removed temporary checkpoint data/phase2/full_benchmarks_lora_optimized_s600/lora_gd_full_ar5_s500/checkpoints/gue_emp_h4/best.pt
[bench-lora] task 10/44 task=gue_emp_h4ac rows=7113
[bench-lora] task=gue_emp_h4ac validation subset rows=2000/3410 labels={'0': 1000, '1': 1000}
[bench-lora] finished task=gue_emp_h4ac best_step=111 test_auroc=0.597968859296873 test_f1=0.3532661498198605 test_acc=0.5316715542521994
[bench-lora] removed temporary checkpoint data/phase2/full_benchmarks_lora_optimized_s600/lora_gd_full_ar5_s500/checkpoints/gue_emp_h4ac/best.pt
[bench-lora] task 11/44 task=gue_epi_gm12878 rows=14000
[bench-lora] task=gue_epi_gm12878 step=200 train_loss=0.6611 val_loss=0.7166 auroc=0.5250415702718335
[bench-lora] task=gue_epi_gm12878 step=400 train_loss=0.6943 val_loss=0.7046 auroc=0.504741420859842
[bench-lora] task=gue_epi_gm12878 step=600 train_loss=0.7108 val_loss=0.6899 auroc=0.5271903717627403
[bench-lora] finished task=gue_epi_gm12878 best_step=600 test_auroc=0.566075191997672 test_f1=0.46084626258383593 test_acc=0.561
[bench-lora] removed temporary checkpoint data/phase2/full_benchmarks_lora_optimized_s600/lora_gd_full_ar5_s500/checkpoints/gue_epi_gm12878/best.pt
[bench-lora] task 12/44 task=gue_epi_hela_s3 rows=14000
[bench-lora] task=gue_epi_hela_s3 step=200 train_loss=0.6865 val_loss=0.6916 auroc=0.5439418186777045
[bench-lora] task=gue_epi_hela_s3 step=400 train_loss=0.7217 val_loss=0.6911 auroc=0.5414480755964127
[bench-lora] task=gue_epi_hela_s3 step=600 train_loss=0.5917 val_loss=0.7346 auroc=0.5412615712887648
[bench-lora] finished task=gue_epi_hela_s3 best_step=200 test_auroc=0.5572339607066866 test_f1=0.5381669847625224 test_acc=0.54
[bench-lora] removed temporary checkpoint data/phase2/full_benchmarks_lora_optimized_s600/lora_gd_full_ar5_s500/checkpoints/gue_epi_hela_s3/best.pt
[bench-lora] task 13/44 task=gue_epi_huvec rows=14000
[bench-lora] task=gue_epi_huvec step=200 train_loss=0.7252 val_loss=0.7099 auroc=0.5551998988235223
[bench-lora] task=gue_epi_huvec step=400 train_loss=0.6877 val_loss=0.7136 auroc=0.5439761351990758
[bench-lora] task=gue_epi_huvec step=600 train_loss=0.7039 val_loss=0.6871 auroc=0.5619660757679324
[bench-lora] finished task=gue_epi_huvec best_step=600 test_auroc=0.5705531477234982 test_f1=0.5470091966253705 test_acc=0.553
[bench-lora] removed temporary checkpoint data/phase2/full_benchmarks_lora_optimized_s600/lora_gd_full_ar5_s500/checkpoints/gue_epi_huvec/best.pt
[bench-lora] task 14/44 task=gue_epi_imr90 rows=14000
[bench-lora] task=gue_epi_imr90 step=200 train_loss=0.8812 val_loss=0.7045 auroc=0.49580288252587884
[bench-lora] task=gue_epi_imr90 step=400 train_loss=0.6769 val_loss=0.6917 auroc=0.5093799026176402
[bench-lora] task=gue_epi_imr90 step=600 train_loss=0.7276 val_loss=0.6977 auroc=0.5046603411293422
[bench-lora] finished task=gue_epi_imr90 best_step=400 test_auroc=0.5080858738946367 test_f1=0.34318555008210183 test_acc=0.5225
[bench-lora] removed temporary checkpoint data/phase2/full_benchmarks_lora_optimized_s600/lora_gd_full_ar5_s500/checkpoints/gue_epi_imr90/best.pt
[bench-lora] task 15/44 task=gue_epi_k562 rows=14000
[bench-lora] task=gue_epi_k562 step=200 train_loss=0.7303 val_loss=0.7078 auroc=0.4817291342018637
[bench-lora] task=gue_epi_k562 step=400 train_loss=0.7101 val_loss=0.7113 auroc=0.504879603746751
[bench-lora] task=gue_epi_k562 step=600 train_loss=0.7861 val_loss=0.7885 auroc=0.4933959459905781
[bench-lora] finished task=gue_epi_k562 best_step=400 test_auroc=0.5013201399589111 test_f1=0.3768353246387602 test_acc=0.4865
[bench-lora] removed temporary checkpoint data/phase2/full_benchmarks_lora_optimized_s600/lora_gd_full_ar5_s500/checkpoints/gue_epi_k562/best.pt
[bench-lora] task 16/44 task=gue_epi_nhek rows=14000
[bench-lora] task=gue_epi_nhek step=200 train_loss=0.5977 val_loss=0.7323 auroc=0.5131118566352986
[bench-lora] task=gue_epi_nhek step=400 train_loss=0.7316 val_loss=0.6937 auroc=0.4899384242366046
[bench-lora] task=gue_epi_nhek step=600 train_loss=0.7296 val_loss=0.6949 auroc=0.49963940768836823
[bench-lora] finished task=gue_epi_nhek best_step=200 test_auroc=0.49730847554739516 test_f1=0.3240959783710713 test_acc=0.4795
[bench-lora] removed temporary checkpoint data/phase2/full_benchmarks_lora_optimized_s600/lora_gd_full_ar5_s500/checkpoints/gue_epi_nhek/best.pt
[bench-lora] task 17/44 task=gue_human_tf_0 rows=34378
[bench-lora] task=gue_human_tf_0 step=200 train_loss=0.9369 val_loss=0.7328 auroc=0.5666670671296018
[bench-lora] task=gue_human_tf_0 step=400 train_loss=0.7448 val_loss=0.6936 auroc=0.5583214195610126
[bench-lora] task=gue_human_tf_0 step=600 train_loss=0.6793 val_loss=0.6787 auroc=0.6207896328155348
[bench-lora] finished task=gue_human_tf_0 best_step=600 test_auroc=0.6321539999999999 test_f1=0.5180992313067785 test_acc=0.569
[bench-lora] removed temporary checkpoint data/phase2/full_benchmarks_lora_optimized_s600/lora_gd_full_ar5_s500/checkpoints/gue_human_tf_0/best.pt
[bench-lora] task 18/44 task=gue_human_tf_1 rows=32672
[bench-lora] task=gue_human_tf_1 step=200 train_loss=0.5904 val_loss=0.6884 auroc=0.5936779953917051
[bench-lora] task=gue_human_tf_1 step=400 train_loss=0.6303 val_loss=0.6426 auroc=0.6850758448540706
[bench-lora] task=gue_human_tf_1 step=600 train_loss=0.2100 val_loss=0.6645 auroc=0.7033170122887865
[bench-lora] finished task=gue_human_tf_1 best_step=600 test_auroc=0.8134519999999998 test_f1=0.7111496244945118 test_acc=0.718
[bench-lora] removed temporary checkpoint data/phase2/full_benchmarks_lora_optimized_s600/lora_gd_full_ar5_s500/checkpoints/gue_human_tf_1/best.pt
[bench-lora] task 19/44 task=gue_human_tf_2 rows=21000
[bench-lora] task=gue_human_tf_2 step=200 train_loss=0.7008 val_loss=0.6894 auroc=0.5806826547596184
[bench-lora] task=gue_human_tf_2 step=400 train_loss=0.5608 val_loss=0.7037 auroc=0.6195105947122463
[bench-lora] task=gue_human_tf_2 step=600 train_loss=1.0095 val_loss=0.6979 auroc=0.6586206068753601
[bench-lora] finished task=gue_human_tf_2 best_step=600 test_auroc=0.6768479999999999 test_f1=0.5251532459978825 test_acc=0.582
[bench-lora] removed temporary checkpoint data/phase2/full_benchmarks_lora_optimized_s600/lora_gd_full_ar5_s500/checkpoints/gue_human_tf_2/best.pt
[bench-lora] task 20/44 task=gue_human_tf_3 rows=29294
[bench-lora] task=gue_human_tf_3 step=200 train_loss=0.6813 val_loss=0.6932 auroc=0.5442032874605489
[bench-lora] task=gue_human_tf_3 step=400 train_loss=0.6642 val_loss=0.6923 auroc=0.5304875118153126
[bench-lora] task=gue_human_tf_3 step=600 train_loss=0.6954 val_loss=0.7097 auroc=0.5294621829891539
[bench-lora] finished task=gue_human_tf_3 best_step=200 test_auroc=0.533002 test_f1=0.3333333333333333 test_acc=0.5
[bench-lora] removed temporary checkpoint data/phase2/full_benchmarks_lora_optimized_s600/lora_gd_full_ar5_s500/checkpoints/gue_human_tf_3/best.pt
[bench-lora] task 21/44 task=gue_human_tf_4 rows=21000
[bench-lora] task=gue_human_tf_4 step=200 train_loss=0.7580 val_loss=0.6469 auroc=0.675035503550355
[bench-lora] task=gue_human_tf_4 step=400 train_loss=0.6354 val_loss=0.6557 auroc=0.6727872787278728
[bench-lora] task=gue_human_tf_4 step=600 train_loss=0.5058 val_loss=0.6178 auroc=0.7224162416241623
[bench-lora] finished task=gue_human_tf_4 best_step=600 test_auroc=0.775948 test_f1=0.724938111074992 test_acc=0.725
[bench-lora] removed temporary checkpoint data/phase2/full_benchmarks_lora_optimized_s600/lora_gd_full_ar5_s500/checkpoints/gue_human_tf_4/best.pt
[bench-lora] task 22/44 task=gue_mouse_0 rows=8098
[bench-lora] task=gue_mouse_0 step=200 train_loss=0.6732 val_loss=0.7050 auroc=0.5116608204971785
[bench-lora] task=gue_mouse_0 step=400 train_loss=0.6887 val_loss=0.6929 auroc=0.5223516852219003
[bench-lora] task=gue_mouse_0 step=600 train_loss=0.6879 val_loss=0.6928 auroc=0.5095195973768492
[bench-lora] finished task=gue_mouse_0 best_step=400 test_auroc=0.47011736015851247 test_f1=0.3333333333333333 test_acc=0.5
[bench-lora] removed temporary checkpoint data/phase2/full_benchmarks_lora_optimized_s600/lora_gd_full_ar5_s500/checkpoints/gue_mouse_0/best.pt
[bench-lora] task 23/44 task=gue_mouse_1 rows=67442
[bench-lora] task=gue_mouse_1 validation subset rows=2000/6745 labels={'0': 1000, '1': 1000}
[bench-lora] task=gue_mouse_1 step=200 train_loss=0.5420 val_loss=0.6300 auroc=0.685519
[bench-lora] task=gue_mouse_1 step=400 train_loss=0.8077 val_loss=0.6167 auroc=0.715877
[bench-lora] task=gue_mouse_1 step=600 train_loss=0.8955 val_loss=0.5958 auroc=0.760089
[bench-lora] finished task=gue_mouse_1 best_step=600 test_auroc=0.752750058995463 test_f1=0.6904210312337352 test_acc=0.6920681986656783
[bench-lora] removed temporary checkpoint data/phase2/full_benchmarks_lora_optimized_s600/lora_gd_full_ar5_s500/checkpoints/gue_mouse_1/best.pt
[bench-lora] task 24/44 task=gue_mouse_2 rows=3276
[bench-lora] task=gue_mouse_2 step=200 train_loss=0.5662 val_loss=0.6698 auroc=0.6465142219743447
[bench-lora] task=gue_mouse_2 step=400 train_loss=0.6153 val_loss=0.6087 auroc=0.733370514965607
[bench-lora] task=gue_mouse_2 step=600 train_loss=0.3735 val_loss=0.6315 auroc=0.782673359360476
[bench-lora] finished task=gue_mouse_2 best_step=600 test_auroc=0.8208283759666865 test_f1=0.6824409564324483 test_acc=0.698170731707317
[bench-lora] removed temporary checkpoint data/phase2/full_benchmarks_lora_optimized_s600/lora_gd_full_ar5_s500/checkpoints/gue_mouse_2/best.pt
[bench-lora] task 25/44 task=gue_mouse_3 rows=2382
[bench-lora] task=gue_mouse_3 step=200 train_loss=0.6559 val_loss=0.6998 auroc=0.5137955182072829
[bench-lora] task=gue_mouse_3 step=400 train_loss=0.7842 val_loss=0.7050 auroc=0.5100840336134453
[bench-lora] task=gue_mouse_3 step=600 train_loss=0.6736 val_loss=0.6916 auroc=0.5544117647058824
[bench-lora] finished task=gue_mouse_3 best_step=600 test_auroc=0.5171568627450981 test_f1=0.3964262218543749 test_acc=0.502092050209205
[bench-lora] removed temporary checkpoint data/phase2/full_benchmarks_lora_optimized_s600/lora_gd_full_ar5_s500/checkpoints/gue_mouse_3/best.pt
[bench-lora] task 26/44 task=gue_mouse_4 rows=18830
[bench-lora] task=gue_mouse_4 step=200 train_loss=0.7164 val_loss=0.6953 auroc=0.5241579952321234
[bench-lora] task=gue_mouse_4 step=400 train_loss=0.6034 val_loss=0.7197 auroc=0.5332847507033183
[bench-lora] task=gue_mouse_4 step=600 train_loss=0.5993 val_loss=0.7247 auroc=0.49562530364143764
[bench-lora] finished task=gue_mouse_4 best_step=400 test_auroc=0.5157977802897491 test_f1=0.3334513274336283 test_acc=0.5002655337227828
[bench-lora] removed temporary checkpoint data/phase2/full_benchmarks_lora_optimized_s600/lora_gd_full_ar5_s500/checkpoints/gue_mouse_4/best.pt
[bench-lora] task 27/44 task=gue_prom_300_all rows=59196
[bench-lora] task=gue_prom_300_all validation subset rows=2000/5920 labels={'0': 1000, '1': 1000}
[bench-lora] task=gue_prom_300_all step=200 train_loss=0.3937 val_loss=0.5018 auroc=0.84589
[bench-lora] task=gue_prom_300_all step=400 train_loss=0.0967 val_loss=0.4228 auroc=0.9003619999999999
[bench-lora] task=gue_prom_300_all step=600 train_loss=0.4856 val_loss=0.4005 auroc=0.91883
[bench-lora] finished task=gue_prom_300_all best_step=600 test_auroc=0.9115796922795965 test_f1=0.8416975651936922 test_acc=0.8417229729729729
[bench-lora] removed temporary checkpoint data/phase2/full_benchmarks_lora_optimized_s600/lora_gd_full_ar5_s500/checkpoints/gue_prom_300_all/best.pt
[bench-lora] task 28/44 task=gue_prom_300_notata rows=53066
[bench-lora] task=gue_prom_300_notata validation subset rows=2000/5307 labels={'0': 1000, '1': 1000}
[bench-lora] task=gue_prom_300_notata step=200 train_loss=0.5604 val_loss=0.5223 auroc=0.8330259999999999
[bench-lora] task=gue_prom_300_notata step=400 train_loss=0.5782 val_loss=0.4247 auroc=0.882848
[bench-lora] task=gue_prom_300_notata step=600 train_loss=0.2456 val_loss=0.3755 auroc=0.924756
[bench-lora] finished task=gue_prom_300_notata best_step=600 test_auroc=0.9161342281879195 test_f1=0.8321815272403694 test_acc=0.8328622573958923
[bench-lora] removed temporary checkpoint data/phase2/full_benchmarks_lora_optimized_s600/lora_gd_full_ar5_s500/checkpoints/gue_prom_300_notata/best.pt
[bench-lora] task 29/44 task=gue_prom_300_tata rows=6130
[bench-lora] task=gue_prom_300_tata step=200 train_loss=0.6196 val_loss=0.6932 auroc=0.548622824810505
[bench-lora] task=gue_prom_300_tata step=400 train_loss=0.7017 val_loss=0.6978 auroc=0.5292089249492901
[bench-lora] task=gue_prom_300_tata step=600 train_loss=0.6950 val_loss=0.6888 auroc=0.561524500907441
[bench-lora] finished task=gue_prom_300_tata best_step=600 test_auroc=0.5388196441887717 test_f1=0.3387497938767658 test_acc=0.48776508972267535
[bench-lora] removed temporary checkpoint data/phase2/full_benchmarks_lora_optimized_s600/lora_gd_full_ar5_s500/checkpoints/gue_prom_300_tata/best.pt
[bench-lora] task 30/44 task=gue_prom_core_all rows=59196
[bench-lora] task=gue_prom_core_all validation subset rows=2000/5920 labels={'0': 1000, '1': 1000}
[bench-lora] task=gue_prom_core_all step=200 train_loss=0.5859 val_loss=0.6446 auroc=0.6835159999999999
[bench-lora] task=gue_prom_core_all step=400 train_loss=0.6616 val_loss=0.6413 auroc=0.687354
[bench-lora] task=gue_prom_core_all step=600 train_loss=0.6724 val_loss=0.6413 auroc=0.6973259999999999
[bench-lora] finished task=gue_prom_core_all best_step=600 test_auroc=0.6986670487914448 test_f1=0.6537470178996238 test_acc=0.6545608108108109
[bench-lora] removed temporary checkpoint data/phase2/full_benchmarks_lora_optimized_s600/lora_gd_full_ar5_s500/checkpoints/gue_prom_core_all/best.pt
[bench-lora] task 31/44 task=gue_prom_core_notata rows=53066
[bench-lora] task=gue_prom_core_notata validation subset rows=2000/5307 labels={'0': 1000, '1': 1000}
[bench-lora] task=gue_prom_core_notata step=200 train_loss=0.6567 val_loss=0.6416 auroc=0.678789
[bench-lora] task=gue_prom_core_notata step=400 train_loss=0.5537 val_loss=0.6297 auroc=0.7518545000000001
[bench-lora] task=gue_prom_core_notata step=600 train_loss=0.7083 val_loss=0.6361 auroc=0.766752
[bench-lora] finished task=gue_prom_core_notata best_step=600 test_auroc=0.7554199441218277 test_f1=0.638038754764718 test_acc=0.6534765404183154
[bench-lora] removed temporary checkpoint data/phase2/full_benchmarks_lora_optimized_s600/lora_gd_full_ar5_s500/checkpoints/gue_prom_core_notata/best.pt
[bench-lora] task 32/44 task=gue_prom_core_tata rows=6130
[bench-lora] task=gue_prom_core_tata step=200 train_loss=0.7505 val_loss=0.6177 auroc=0.7410955696067787
[bench-lora] task=gue_prom_core_tata step=400 train_loss=0.9718 val_loss=0.5552 auroc=0.8399757297055629
[bench-lora] task=gue_prom_core_tata step=600 train_loss=0.1468 val_loss=0.4215 auroc=0.9156926614293927
[bench-lora] finished task=gue_prom_core_tata best_step=600 test_auroc=0.9032266649633793 test_f1=0.7544868047888117 test_acc=0.7585644371941273
[bench-lora] removed temporary checkpoint data/phase2/full_benchmarks_lora_optimized_s600/lora_gd_full_ar5_s500/checkpoints/gue_prom_core_tata/best.pt
[bench-lora] task 33/44 task=gue_splice_reconstructed rows=45620
[bench-lora] task=gue_splice_reconstructed validation subset rows=2000/4562 labels={'0': 667, '1': 667, '2': 666}
[bench-lora] task=gue_splice_reconstructed step=200 train_loss=0.7834 val_loss=1.2658 auroc=0.5119170958361735
[bench-lora] task=gue_splice_reconstructed step=400 train_loss=1.1575 val_loss=1.2125 auroc=0.5045547078946171
[bench-lora] task=gue_splice_reconstructed step=600 train_loss=1.0855 val_loss=1.1902 auroc=0.516899089558465
[bench-lora] finished task=gue_splice_reconstructed best_step=600 test_auroc=0.5223360517034027 test_f1=0.24088851556302207 test_acc=0.5657606313020604
[bench-lora] removed temporary checkpoint data/phase2/full_benchmarks_lora_optimized_s600/lora_gd_full_ar5_s500/checkpoints/gue_splice_reconstructed/best.pt
[bench-lora] task 34/44 task=hvue_human_host_tropism rows=69302
[bench-lora] task=hvue_human_host_tropism validation subset rows=2000/11256 labels={'0': 1000, '1': 1000}
[bench-lora] task=hvue_human_host_tropism step=200 train_loss=0.7508 val_loss=0.7099 auroc=0.632536
[bench-lora] task=hvue_human_host_tropism step=400 train_loss=0.9699 val_loss=0.5989 auroc=0.73093
[bench-lora] task=hvue_human_host_tropism step=600 train_loss=0.6958 val_loss=0.5886 auroc=0.7600910000000001
[bench-lora] finished task=hvue_human_host_tropism best_step=600 test_auroc=0.7618795165025014 test_f1=0.5993198723392152 test_acc=0.6196092886103944
[bench-lora] removed temporary checkpoint data/phase2/full_benchmarks_lora_optimized_s600/lora_gd_full_ar5_s500/checkpoints/hvue_human_host_tropism/best.pt
[bench-lora] task 35/44 task=hvue_human_transmissibility_coronaviridae rows=179142
[bench-lora] task=hvue_human_transmissibility_coronaviridae validation subset rows=2000/26871 labels={'0': 1000, '1': 1000}
[bench-lora] task=hvue_human_transmissibility_coronaviridae step=200 train_loss=0.3733 val_loss=0.6715 auroc=0.688032
[bench-lora] task=hvue_human_transmissibility_coronaviridae step=400 train_loss=0.2581 val_loss=0.7840 auroc=0.661373
[bench-lora] task=hvue_human_transmissibility_coronaviridae step=600 train_loss=0.8465 val_loss=0.7446 auroc=0.678385
[bench-lora] finished task=hvue_human_transmissibility_coronaviridae best_step=200 test_auroc=0.6646600361949 test_f1=0.6062405438356635 test_acc=0.7302768681155105
[bench-lora] removed temporary checkpoint data/phase2/full_benchmarks_lora_optimized_s600/lora_gd_full_ar5_s500/checkpoints/hvue_human_transmissibility_coronaviridae/best.pt
[bench-lora] task 36/44 task=hvue_human_transmissibility_orthomyxoviridae rows=421298
[bench-lora] task=hvue_human_transmissibility_orthomyxoviridae validation subset rows=2000/62957 labels={'0': 1000, '1': 1000}
[bench-lora] task=hvue_human_transmissibility_orthomyxoviridae step=200 train_loss=0.5698 val_loss=0.8418 auroc=0.6193015
[bench-lora] task=hvue_human_transmissibility_orthomyxoviridae step=400 train_loss=0.5284 val_loss=0.6503 auroc=0.765527
[bench-lora] task=hvue_human_transmissibility_orthomyxoviridae step=600 train_loss=0.5275 val_loss=0.7540 auroc=0.6868835
[bench-lora] finished task=hvue_human_transmissibility_orthomyxoviridae best_step=400 test_auroc=0.766373378555379 test_f1=0.6109431750319847 test_acc=0.7530823269397743
[bench-lora] removed temporary checkpoint data/phase2/full_benchmarks_lora_optimized_s600/lora_gd_full_ar5_s500/checkpoints/hvue_human_transmissibility_orthomyxoviridae/best.pt
[bench-lora] task 37/44 task=hvue_human_virus_pathogenicity_bvbrc_cov rows=131645
[bench-lora] task=hvue_human_virus_pathogenicity_bvbrc_cov validation subset rows=2000/19747 labels={'0': 1000, '1': 1000}
[bench-lora] task=hvue_human_virus_pathogenicity_bvbrc_cov step=200 train_loss=0.8197 val_loss=0.6720 auroc=0.625881
[bench-lora] task=hvue_human_virus_pathogenicity_bvbrc_cov step=400 train_loss=0.7717 val_loss=0.6822 auroc=0.6094269999999999
[bench-lora] task=hvue_human_virus_pathogenicity_bvbrc_cov step=600 train_loss=0.8145 val_loss=0.6829 auroc=0.606082
[bench-lora] finished task=hvue_human_virus_pathogenicity_bvbrc_cov best_step=200 test_auroc=0.6065471521402541 test_f1=0.5661996173808688 test_acc=0.5802906770648706
[bench-lora] removed temporary checkpoint data/phase2/full_benchmarks_lora_optimized_s600/lora_gd_full_ar5_s500/checkpoints/hvue_human_virus_pathogenicity_bvbrc_cov/best.pt
[bench-lora] task 38/44 task=hvue_human_virus_pathogenicity_cini rows=3628
[bench-lora] task=hvue_human_virus_pathogenicity_cini step=200 train_loss=0.4010 val_loss=0.6599 auroc=0.6842882872741598
[bench-lora] task=hvue_human_virus_pathogenicity_cini step=400 train_loss=0.5048 val_loss=0.6152 auroc=0.7010890977655204
[bench-lora] task=hvue_human_virus_pathogenicity_cini step=600 train_loss=0.8996 val_loss=0.6054 auroc=0.7135701018742613
[bench-lora] finished task=hvue_human_virus_pathogenicity_cini best_step=600 test_auroc=0.6694705177840292 test_f1=0.6018829502001706 test_acc=0.671559633027523
[bench-lora] removed temporary checkpoint data/phase2/full_benchmarks_lora_optimized_s600/lora_gd_full_ar5_s500/checkpoints/hvue_human_virus_pathogenicity_cini/best.pt
[bench-lora] task 39/44 task=virobench_all_taxon_genus rows=8000
[bench-lora] task=virobench_all_taxon_genus step=200 train_loss=1.4093 val_loss=3.0302 f1=0.0060815475247237225
[bench-lora] task=virobench_all_taxon_genus step=400 train_loss=3.8130 val_loss=2.7619 f1=0.008255068557414686
[bench-lora] task=virobench_all_taxon_genus step=600 train_loss=1.6369 val_loss=2.7226 f1=0.010099715689372662
[bench-lora] finished task=virobench_all_taxon_genus best_step=600 test_auroc=None test_f1=0.012130947187462758 test_acc=0.4775
[bench-lora] removed temporary checkpoint data/phase2/full_benchmarks_lora_optimized_s600/lora_gd_full_ar5_s500/checkpoints/virobench_all_taxon_genus/best.pt
[bench-lora] task 40/44 task=virobench_all_taxon_times rows=8000
[bench-lora] task=virobench_all_taxon_times step=200 train_loss=3.5751 val_loss=3.0073 f1=0.02015006167104069
[bench-lora] task=virobench_all_taxon_times step=400 train_loss=1.8804 val_loss=2.6021 f1=0.024824360802605243
[bench-lora] task=virobench_all_taxon_times step=600 train_loss=2.5737 val_loss=2.5400 f1=0.027499909486896824
[bench-lora] finished task=virobench_all_taxon_times best_step=600 test_auroc=None test_f1=0.01500912536082302 test_acc=0.49
[bench-lora] removed temporary checkpoint data/phase2/full_benchmarks_lora_optimized_s600/lora_gd_full_ar5_s500/checkpoints/virobench_all_taxon_times/best.pt
[bench-lora] task 41/44 task=virobench_dna_taxon_genus rows=1759
[bench-lora] task=virobench_dna_taxon_genus step=200 train_loss=4.5579 val_loss=3.6284 f1=0.010106778810376754
[bench-lora] task=virobench_dna_taxon_genus step=400 train_loss=2.9566 val_loss=3.3613 f1=0.02179195991803114
[bench-lora] finished task=virobench_dna_taxon_genus best_step=400 test_auroc=None test_f1=0.03726599326599326 test_acc=0.2897727272727273
[bench-lora] removed temporary checkpoint data/phase2/full_benchmarks_lora_optimized_s600/lora_gd_full_ar5_s500/checkpoints/virobench_dna_taxon_genus/best.pt
[bench-lora] task 42/44 task=virobench_dna_taxon_times rows=1759
[bench-lora] task=virobench_dna_taxon_times step=200 train_loss=2.6316 val_loss=3.2665 f1=0.0434261755016472
[bench-lora] task=virobench_dna_taxon_times step=400 train_loss=2.0959 val_loss=2.9473 f1=0.045468561657275815
[bench-lora] finished task=virobench_dna_taxon_times best_step=400 test_auroc=None test_f1=0.02285761106931917 test_acc=0.20588235294117646
[bench-lora] removed temporary checkpoint data/phase2/full_benchmarks_lora_optimized_s600/lora_gd_full_ar5_s500/checkpoints/virobench_dna_taxon_times/best.pt
[bench-lora] task 43/44 task=virobench_rna_taxon_genus rows=5983
[bench-lora] task=virobench_rna_taxon_genus step=200 train_loss=2.4052 val_loss=2.1438 f1=0.010489362044759492
[bench-lora] task=virobench_rna_taxon_genus step=400 train_loss=2.6556 val_loss=1.9335 f1=0.018836526036207817
[bench-lora] task=virobench_rna_taxon_genus step=600 train_loss=3.2231 val_loss=1.7856 f1=0.022597985504186725
[bench-lora] finished task=virobench_rna_taxon_genus best_step=600 test_auroc=None test_f1=0.03024019305469883 test_acc=0.6227045075125208
[bench-lora] removed temporary checkpoint data/phase2/full_benchmarks_lora_optimized_s600/lora_gd_full_ar5_s500/checkpoints/virobench_rna_taxon_genus/best.pt
[bench-lora] task 44/44 task=virobench_rna_taxon_times rows=5983
[bench-lora] task=virobench_rna_taxon_times step=200 train_loss=1.0139 val_loss=1.9752 f1=0.027539258915448287
[bench-lora] task=virobench_rna_taxon_times step=400 train_loss=0.8202 val_loss=1.8037 f1=0.07437282786857372
[bench-lora] task=virobench_rna_taxon_times step=600 train_loss=2.6887 val_loss=1.8478 f1=0.029035292193186932
[bench-lora] finished task=virobench_rna_taxon_times best_step=400 test_auroc=None test_f1=0.022481852824971227 test_acc=0.5996758508914101
[bench-lora] removed temporary checkpoint data/phase2/full_benchmarks_lora_optimized_s600/lora_gd_full_ar5_s500/checkpoints/virobench_rna_taxon_times/best.pt
[bench-lora] wrote benchmark results to data/phase2/full_benchmarks_lora_optimized_s600/lora_gd_full_ar5_s500/eval_benchmarks.csv
[bench-lora] wrote benchmark summary to data/phase2/full_benchmarks_lora_optimized_s600/lora_gd_full_ar5_s500/eval_benchmarks_summary.json
[pilot] /home/teacher1/miniconda3/envs/UT-p1/bin/python -u phase2/eval_benchmarks.py --benchmark-manifest data/benchmarks/hvue_gue_manifest.csv --benchmark-scope all --out-dir data/phase2/full_benchmarks_lora_optimized_s600/lora_gd_full_ar3_s200 --resume --device cuda:0 --batch-size 1 --cpu-threads 16 --epochs 3 --max-steps 600 --eval-every 200 --patience 3 --lr 0.0001 --weight-decay 0.0 --lora-rank 8 --lora-alpha 16 --lora-dropout 0.0 --metric-for-best auto --max-length 512 --seed 42 --task-filter gue_emp_h3,gue_emp_h3k14ac,gue_emp_h3k36me3,gue_emp_h3k4me1,gue_emp_h3k4me2,gue_emp_h3k4me3,gue_emp_h3k79me3,gue_emp_h3k9ac,gue_emp_h4,gue_emp_h4ac,gue_epi_gm12878,gue_epi_hela_s3,gue_epi_huvec,gue_epi_imr90,gue_epi_k562,gue_epi_nhek,gue_human_tf_0,gue_human_tf_1,gue_human_tf_2,gue_human_tf_3,gue_human_tf_4,gue_mouse_0,gue_mouse_1,gue_mouse_2,gue_mouse_3,gue_mouse_4,gue_prom_300_all,gue_prom_300_notata,gue_prom_300_tata,gue_prom_core_all,gue_prom_core_notata,gue_prom_core_tata,gue_splice_reconstructed,hvue_human_host_tropism,hvue_human_transmissibility_coronaviridae,hvue_human_transmissibility_orthomyxoviridae,hvue_human_virus_pathogenicity_bvbrc_cov,hvue_human_virus_pathogenicity_cini,virobench_all_taxon_genus,virobench_all_taxon_times,virobench_dna_taxon_genus,virobench_dna_taxon_times,virobench_rna_taxon_genus,virobench_rna_taxon_times --train-batch-size 8 --eval-batch-size 32 --validation-max-rows 2000 --discard-task-checkpoint --ckpt data/phase2/checkpoints_lora_grid/lora_gd_full_ar3_s200/weights.safetensors
[bench-lora] runtime config: device=cuda:0 cpu_threads=16
[bench-lora] loaded rows=1701660 tasks=44 scope=all
[bench-lora] applied 439 checkpoint tensors from data/phase2/checkpoints_lora_grid/lora_gd_full_ar3_s200/weights.safetensors
[bench-lora] task 1/44 task=gue_emp_h3 rows=14965
[bench-lora] task=gue_emp_h3 step=200 train_loss=0.6703 val_loss=0.6885 auroc=0.5758798007391933
[bench-lora] task=gue_emp_h3 step=400 train_loss=0.5999 val_loss=0.6814 auroc=0.5771778527684039
[bench-lora] task=gue_emp_h3 step=600 train_loss=0.5000 val_loss=0.6417 auroc=0.7341832270966129
[bench-lora] finished task=gue_emp_h3 best_step=600 test_auroc=0.7451687759947163 test_f1=0.6486640936986894 test_acc=0.6559786239144957
[bench-lora] removed temporary checkpoint data/phase2/full_benchmarks_lora_optimized_s600/lora_gd_full_ar3_s200/checkpoints/gue_emp_h3/best.pt
[bench-lora] task 2/44 task=gue_emp_h3k14ac rows=33048
[bench-lora] task=gue_emp_h3k14ac validation subset rows=2000/3305 labels={'0': 1000, '1': 1000}
[bench-lora] task=gue_emp_h3k14ac step=200 train_loss=0.6685 val_loss=0.7079 auroc=0.465452
[bench-lora] task=gue_emp_h3k14ac step=400 train_loss=0.6863 val_loss=0.6929 auroc=0.521827
[bench-lora] task=gue_emp_h3k14ac step=600 train_loss=0.6664 val_loss=0.7024 auroc=0.5298175
[bench-lora] finished task=gue_emp_h3k14ac best_step=600 test_auroc=0.5197912081165983 test_f1=0.3645452797538935 test_acc=0.5736762481089259
[bench-lora] removed temporary checkpoint data/phase2/full_benchmarks_lora_optimized_s600/lora_gd_full_ar3_s200/checkpoints/gue_emp_h3k14ac/best.pt
[bench-lora] task 3/44 task=gue_emp_h3k36me3 rows=34880
[bench-lora] task=gue_emp_h3k36me3 validation subset rows=2000/3488 labels={'0': 1000, '1': 1000}
[bench-lora] task=gue_emp_h3k36me3 step=200 train_loss=0.7022 val_loss=0.6955 auroc=0.492574
[bench-lora] task=gue_emp_h3k36me3 step=400 train_loss=0.8023 val_loss=0.7259 auroc=0.5145265
[bench-lora] task=gue_emp_h3k36me3 step=600 train_loss=0.7076 val_loss=0.6937 auroc=0.5127355
[bench-lora] finished task=gue_emp_h3k36me3 best_step=400 test_auroc=0.5355916667443841 test_f1=0.3576427255985267 test_acc=0.5567660550458715
[bench-lora] removed temporary checkpoint data/phase2/full_benchmarks_lora_optimized_s600/lora_gd_full_ar3_s200/checkpoints/gue_emp_h3k36me3/best.pt
[bench-lora] task 4/44 task=gue_emp_h3k4me1 rows=31677
[bench-lora] task=gue_emp_h3k4me1 validation subset rows=2000/3168 labels={'0': 1000, '1': 1000}
[bench-lora] task=gue_emp_h3k4me1 step=200 train_loss=0.6920 val_loss=0.6929 auroc=0.5092034999999999
[bench-lora] task=gue_emp_h3k4me1 step=400 train_loss=0.6605 val_loss=0.7474 auroc=0.528362
[bench-lora] task=gue_emp_h3k4me1 step=600 train_loss=0.6309 val_loss=0.7151 auroc=0.5241375
[bench-lora] finished task=gue_emp_h3k4me1 best_step=400 test_auroc=0.5154740130525917 test_f1=0.3537331701346389 test_acc=0.5473484848484849
[bench-lora] removed temporary checkpoint data/phase2/full_benchmarks_lora_optimized_s600/lora_gd_full_ar3_s200/checkpoints/gue_emp_h3k4me1/best.pt
[bench-lora] task 5/44 task=gue_emp_h3k4me2 rows=30683
[bench-lora] task=gue_emp_h3k4me2 validation subset rows=2000/3069 labels={'0': 1000, '1': 1000}
[bench-lora] task=gue_emp_h3k4me2 step=200 train_loss=0.8438 val_loss=0.8400 auroc=0.49825499999999995
[bench-lora] task=gue_emp_h3k4me2 step=400 train_loss=0.7190 val_loss=0.7106 auroc=0.538332
[bench-lora] task=gue_emp_h3k4me2 step=600 train_loss=0.8069 val_loss=0.6746 auroc=0.6583929999999999
[bench-lora] finished task=gue_emp_h3k4me2 best_step=600 test_auroc=0.6535190635071255 test_f1=0.5649280756964913 test_acc=0.6249592701205604
[bench-lora] removed temporary checkpoint data/phase2/full_benchmarks_lora_optimized_s600/lora_gd_full_ar3_s200/checkpoints/gue_emp_h3k4me2/best.pt
[bench-lora] task 6/44 task=gue_emp_h3k4me3 rows=36799
[bench-lora] task=gue_emp_h3k4me3 validation subset rows=2000/3680 labels={'0': 1000, '1': 1000}
[bench-lora] task=gue_emp_h3k4me3 step=200 train_loss=0.7276 val_loss=0.6945 auroc=0.5205474999999999
[bench-lora] task=gue_emp_h3k4me3 step=400 train_loss=0.7866 val_loss=0.7270 auroc=0.5249785
[bench-lora] task=gue_emp_h3k4me3 step=600 train_loss=0.6605 val_loss=0.7255 auroc=0.5252835
[bench-lora] finished task=gue_emp_h3k4me3 best_step=600 test_auroc=0.5280727292344146 test_f1=0.3462426718777758 test_acc=0.5296195652173913
[bench-lora] removed temporary checkpoint data/phase2/full_benchmarks_lora_optimized_s600/lora_gd_full_ar3_s200/checkpoints/gue_emp_h3k4me3/best.pt
[bench-lora] task 7/44 task=gue_emp_h3k79me3 rows=28837
[bench-lora] task=gue_emp_h3k79me3 validation subset rows=2000/2884 labels={'0': 1000, '1': 1000}
[bench-lora] task=gue_emp_h3k79me3 step=200 train_loss=0.6702 val_loss=0.7095 auroc=0.4994875
[bench-lora] task=gue_emp_h3k79me3 step=400 train_loss=0.5918 val_loss=0.7258 auroc=0.542802
[bench-lora] task=gue_emp_h3k79me3 step=600 train_loss=0.6953 val_loss=0.6935 auroc=0.49440749999999994
[bench-lora] finished task=gue_emp_h3k79me3 best_step=400 test_auroc=0.5308631728488237 test_f1=0.346031746031746 test_acc=0.529126213592233
[bench-lora] removed temporary checkpoint data/phase2/full_benchmarks_lora_optimized_s600/lora_gd_full_ar3_s200/checkpoints/gue_emp_h3k79me3/best.pt
[bench-lora] task 8/44 task=gue_emp_h3k9ac rows=27782
[bench-lora] task=gue_emp_h3k9ac validation subset rows=2000/2779 labels={'0': 1000, '1': 1000}
[bench-lora] task=gue_emp_h3k9ac step=200 train_loss=0.7415 val_loss=0.7357 auroc=0.5628645
[bench-lora] task=gue_emp_h3k9ac step=400 train_loss=0.6347 val_loss=0.7022 auroc=0.59056
[bench-lora] task=gue_emp_h3k9ac step=600 train_loss=0.7252 val_loss=0.6692 auroc=0.7038949999999999
[bench-lora] finished task=gue_emp_h3k9ac best_step=600 test_auroc=0.7190197639222012 test_f1=0.6121059722033906 test_acc=0.647715005397625
[bench-lora] removed temporary checkpoint data/phase2/full_benchmarks_lora_optimized_s600/lora_gd_full_ar3_s200/checkpoints/gue_emp_h3k9ac/best.pt
[bench-lora] task 9/44 task=gue_emp_h4 rows=14601
[bench-lora] task=gue_emp_h4 step=200 train_loss=0.7374 val_loss=0.6943 auroc=0.55008341681363
[bench-lora] task=gue_emp_h4 step=400 train_loss=0.8890 val_loss=0.6885 auroc=0.5823636287456625
[bench-lora] task=gue_emp_h4 step=600 train_loss=0.2071 val_loss=0.4209 auroc=0.8878977058471758
[bench-lora] finished task=gue_emp_h4 best_step=600 test_auroc=0.9036205659080465 test_f1=0.8230532187672157 test_acc=0.8240930869267625
[bench-lora] removed temporary checkpoint data/phase2/full_benchmarks_lora_optimized_s600/lora_gd_full_ar3_s200/checkpoints/gue_emp_h4/best.pt
[bench-lora] task 10/44 task=gue_emp_h4ac rows=7113
[bench-lora] task=gue_emp_h4ac validation subset rows=2000/3410 labels={'0': 1000, '1': 1000}
[bench-lora] finished task=gue_emp_h4ac best_step=111 test_auroc=0.5038308419043671 test_f1=0.3473684210526316 test_acc=0.532258064516129
[bench-lora] removed temporary checkpoint data/phase2/full_benchmarks_lora_optimized_s600/lora_gd_full_ar3_s200/checkpoints/gue_emp_h4ac/best.pt
[bench-lora] task 11/44 task=gue_epi_gm12878 rows=14000
[bench-lora] task=gue_epi_gm12878 step=200 train_loss=0.7056 val_loss=0.7140 auroc=0.5122536911188227
[bench-lora] task=gue_epi_gm12878 step=400 train_loss=0.7107 val_loss=0.7047 auroc=0.5239435728744939
[bench-lora] task=gue_epi_gm12878 step=600 train_loss=0.7113 val_loss=0.6957 auroc=0.5236744706317075
[bench-lora] finished task=gue_epi_gm12878 best_step=400 test_auroc=0.5321076898755527 test_f1=0.3143640726774083 test_acc=0.4585
[bench-lora] removed temporary checkpoint data/phase2/full_benchmarks_lora_optimized_s600/lora_gd_full_ar3_s200/checkpoints/gue_epi_gm12878/best.pt
[bench-lora] task 12/44 task=gue_epi_hela_s3 rows=14000
[bench-lora] task=gue_epi_hela_s3 step=200 train_loss=0.6929 val_loss=0.6925 auroc=0.545475967014808
[bench-lora] task=gue_epi_hela_s3 step=400 train_loss=0.7010 val_loss=0.6963 auroc=0.5382238573101666
[bench-lora] task=gue_epi_hela_s3 step=600 train_loss=0.6358 val_loss=0.7900 auroc=0.5485913911215928
[bench-lora] finished task=gue_epi_hela_s3 best_step=600 test_auroc=0.5668238773195918 test_f1=0.3425378040762656 test_acc=0.521
[bench-lora] removed temporary checkpoint data/phase2/full_benchmarks_lora_optimized_s600/lora_gd_full_ar3_s200/checkpoints/gue_epi_hela_s3/best.pt
[bench-lora] task 13/44 task=gue_epi_huvec rows=14000
[bench-lora] task=gue_epi_huvec step=200 train_loss=0.7194 val_loss=0.7049 auroc=0.5264709985857375
[bench-lora] task=gue_epi_huvec step=400 train_loss=0.7182 val_loss=0.6984 auroc=0.5263746400355723
[bench-lora] task=gue_epi_huvec step=600 train_loss=0.7015 val_loss=0.6907 auroc=0.4884058581983561
[bench-lora] finished task=gue_epi_huvec best_step=200 test_auroc=0.5583337335270271 test_f1=0.3381866313699537 test_acc=0.511
[bench-lora] removed temporary checkpoint data/phase2/full_benchmarks_lora_optimized_s600/lora_gd_full_ar3_s200/checkpoints/gue_epi_huvec/best.pt
[bench-lora] task 14/44 task=gue_epi_imr90 rows=14000
[bench-lora] task=gue_epi_imr90 step=200 train_loss=0.6997 val_loss=0.6927 auroc=0.5226126416395408
[bench-lora] task=gue_epi_imr90 step=400 train_loss=0.7268 val_loss=0.7025 auroc=0.534012560738508
[bench-lora] task=gue_epi_imr90 step=600 train_loss=0.7290 val_loss=0.6988 auroc=0.44736213450248374
[bench-lora] finished task=gue_epi_imr90 best_step=400 test_auroc=0.5275437761466971 test_f1=0.3656263849766424 test_acc=0.489
[bench-lora] removed temporary checkpoint data/phase2/full_benchmarks_lora_optimized_s600/lora_gd_full_ar3_s200/checkpoints/gue_epi_imr90/best.pt
[bench-lora] task 15/44 task=gue_epi_k562 rows=14000
[bench-lora] task=gue_epi_k562 step=200 train_loss=0.7411 val_loss=0.7104 auroc=0.538414806852563
[bench-lora] task=gue_epi_k562 step=400 train_loss=0.6983 val_loss=0.6931 auroc=0.5358106167286687
[bench-lora] task=gue_epi_k562 step=600 train_loss=0.7945 val_loss=0.7976 auroc=0.5119410424166724
[bench-lora] finished task=gue_epi_k562 best_step=200 test_auroc=0.5279576752696457 test_f1=0.32065217391304346 test_acc=0.472
[bench-lora] removed temporary checkpoint data/phase2/full_benchmarks_lora_optimized_s600/lora_gd_full_ar3_s200/checkpoints/gue_epi_k562/best.pt
[bench-lora] task 16/44 task=gue_epi_nhek rows=14000
[bench-lora] task=gue_epi_nhek step=200 train_loss=0.6002 val_loss=0.7342 auroc=0.5210273830100506
[bench-lora] task=gue_epi_nhek step=400 train_loss=0.7496 val_loss=0.6941 auroc=0.5216340383138084
[bench-lora] task=gue_epi_nhek step=600 train_loss=0.7011 val_loss=0.6923 auroc=0.5200686375712182
[bench-lora] finished task=gue_epi_nhek best_step=400 test_auroc=0.4869645874715397 test_f1=0.34232160473528445 test_acc=0.5205
[bench-lora] removed temporary checkpoint data/phase2/full_benchmarks_lora_optimized_s600/lora_gd_full_ar3_s200/checkpoints/gue_epi_nhek/best.pt
[bench-lora] task 17/44 task=gue_human_tf_0 rows=34378
[bench-lora] task=gue_human_tf_0 step=200 train_loss=0.8793 val_loss=0.7253 auroc=0.5410394415944833
[bench-lora] task=gue_human_tf_0 step=400 train_loss=0.8222 val_loss=0.7463 auroc=0.5360757035132613
[bench-lora] task=gue_human_tf_0 step=600 train_loss=0.6918 val_loss=0.6925 auroc=0.5459831565289475
[bench-lora] finished task=gue_human_tf_0 best_step=600 test_auroc=0.559056 test_f1=0.33288859239492996 test_acc=0.499
[bench-lora] removed temporary checkpoint data/phase2/full_benchmarks_lora_optimized_s600/lora_gd_full_ar3_s200/checkpoints/gue_human_tf_0/best.pt
[bench-lora] task 18/44 task=gue_human_tf_1 rows=32672
[bench-lora] task=gue_human_tf_1 step=200 train_loss=0.6966 val_loss=0.6929 auroc=0.5418626792114696
[bench-lora] task=gue_human_tf_1 step=400 train_loss=0.6939 val_loss=0.6932 auroc=0.49598974334357393
[bench-lora] task=gue_human_tf_1 step=600 train_loss=0.7362 val_loss=0.6951 auroc=0.5167770737327189
[bench-lora] finished task=gue_human_tf_1 best_step=200 test_auroc=0.54196 test_f1=0.3774011814192216 test_acc=0.508
[bench-lora] removed temporary checkpoint data/phase2/full_benchmarks_lora_optimized_s600/lora_gd_full_ar3_s200/checkpoints/gue_human_tf_1/best.pt
[bench-lora] task 19/44 task=gue_human_tf_2 rows=21000
[bench-lora] task=gue_human_tf_2 step=200 train_loss=0.7062 val_loss=0.6929 auroc=0.5084861724601497
[bench-lora] task=gue_human_tf_2 step=400 train_loss=0.6938 val_loss=0.6926 auroc=0.5302577459829716
[bench-lora] task=gue_human_tf_2 step=600 train_loss=0.7290 val_loss=0.6979 auroc=0.5203572114461302
[bench-lora] finished task=gue_human_tf_2 best_step=400 test_auroc=0.5503600000000001 test_f1=0.36850211782826336 test_acc=0.508
[bench-lora] removed temporary checkpoint data/phase2/full_benchmarks_lora_optimized_s600/lora_gd_full_ar3_s200/checkpoints/gue_human_tf_2/best.pt
[bench-lora] task 20/44 task=gue_human_tf_3 rows=29294
[bench-lora] task=gue_human_tf_3 step=200 train_loss=0.6854 val_loss=0.6922 auroc=0.5399037152149185
[bench-lora] task=gue_human_tf_3 step=400 train_loss=0.6348 val_loss=0.6932 auroc=0.525557122030151
[bench-lora] task=gue_human_tf_3 step=600 train_loss=0.7267 val_loss=0.7132 auroc=0.5210272513177078
[bench-lora] finished task=gue_human_tf_3 best_step=200 test_auroc=0.592392 test_f1=0.4724152735193411 test_acc=0.549
[bench-lora] removed temporary checkpoint data/phase2/full_benchmarks_lora_optimized_s600/lora_gd_full_ar3_s200/checkpoints/gue_human_tf_3/best.pt
[bench-lora] task 21/44 task=gue_human_tf_4 rows=21000
[bench-lora] task=gue_human_tf_4 step=200 train_loss=0.6967 val_loss=0.6931 auroc=0.5125732573257326
[bench-lora] task=gue_human_tf_4 step=400 train_loss=0.6263 val_loss=0.6998 auroc=0.5083348334833483
[bench-lora] task=gue_human_tf_4 step=600 train_loss=0.6997 val_loss=0.7038 auroc=0.5058585858585858
[bench-lora] finished task=gue_human_tf_4 best_step=200 test_auroc=0.490294 test_f1=0.331997327989312 test_acc=0.497
[bench-lora] removed temporary checkpoint data/phase2/full_benchmarks_lora_optimized_s600/lora_gd_full_ar3_s200/checkpoints/gue_human_tf_4/best.pt
[bench-lora] task 22/44 task=gue_mouse_0 rows=8098
[bench-lora] task=gue_mouse_0 step=200 train_loss=0.6658 val_loss=0.7116 auroc=0.5116486197956382
[bench-lora] task=gue_mouse_0 step=400 train_loss=0.6896 val_loss=0.6931 auroc=0.5293152356260485
[bench-lora] task=gue_mouse_0 step=600 train_loss=0.7060 val_loss=0.6944 auroc=0.4905902089370139
[bench-lora] finished task=gue_mouse_0 best_step=400 test_auroc=0.4717786922725194 test_f1=0.3333333333333333 test_acc=0.5
[bench-lora] removed temporary checkpoint data/phase2/full_benchmarks_lora_optimized_s600/lora_gd_full_ar3_s200/checkpoints/gue_mouse_0/best.pt
[bench-lora] task 23/44 task=gue_mouse_1 rows=67442
[bench-lora] task=gue_mouse_1 validation subset rows=2000/6745 labels={'0': 1000, '1': 1000}
[bench-lora] task=gue_mouse_1 step=200 train_loss=0.9778 val_loss=0.6605 auroc=0.651813
[bench-lora] task=gue_mouse_1 step=400 train_loss=1.1128 val_loss=0.6732 auroc=0.6658175000000001
[bench-lora] task=gue_mouse_1 step=600 train_loss=0.5669 val_loss=0.5621 auroc=0.7922819999999999
[bench-lora] finished task=gue_mouse_1 best_step=600 test_auroc=0.7947800621008574 test_f1=0.7203718934435714 test_acc=0.7203854707190511
[bench-lora] removed temporary checkpoint data/phase2/full_benchmarks_lora_optimized_s600/lora_gd_full_ar3_s200/checkpoints/gue_mouse_1/best.pt
[bench-lora] task 24/44 task=gue_mouse_2 rows=3276
[bench-lora] task=gue_mouse_2 step=200 train_loss=0.5928 val_loss=0.6245 auroc=0.684067670570738
[bench-lora] task=gue_mouse_2 step=400 train_loss=0.7573 val_loss=0.6174 auroc=0.7083100948131623
[bench-lora] task=gue_mouse_2 step=600 train_loss=0.6216 val_loss=0.6186 auroc=0.7250418293363079
[bench-lora] finished task=gue_mouse_2 best_step=600 test_auroc=0.6971668649613325 test_f1=0.5582003136182703 test_acc=0.5914634146341463
[bench-lora] removed temporary checkpoint data/phase2/full_benchmarks_lora_optimized_s600/lora_gd_full_ar3_s200/checkpoints/gue_mouse_2/best.pt
[bench-lora] task 25/44 task=gue_mouse_3 rows=2382
[bench-lora] task=gue_mouse_3 step=200 train_loss=0.6309 val_loss=0.7117 auroc=0.5749299719887956
[bench-lora] task=gue_mouse_3 step=400 train_loss=0.7670 val_loss=0.6960 auroc=0.5198879551820729
[bench-lora] task=gue_mouse_3 step=600 train_loss=0.6463 val_loss=0.6980 auroc=0.5377450980392157
[bench-lora] finished task=gue_mouse_3 best_step=200 test_auroc=0.5801820728291317 test_f1=0.3342618384401114 test_acc=0.502092050209205
[bench-lora] removed temporary checkpoint data/phase2/full_benchmarks_lora_optimized_s600/lora_gd_full_ar3_s200/checkpoints/gue_mouse_3/best.pt
[bench-lora] task 26/44 task=gue_mouse_4 rows=18830
[bench-lora] task=gue_mouse_4 step=200 train_loss=0.7097 val_loss=0.7311 auroc=0.5141657910494978
[bench-lora] task=gue_mouse_4 step=400 train_loss=0.6120 val_loss=0.7171 auroc=0.5254347015557739
[bench-lora] task=gue_mouse_4 step=600 train_loss=0.5786 val_loss=0.7358 auroc=0.5013089064388933
[bench-lora] finished task=gue_mouse_4 best_step=400 test_auroc=0.5336493227830537 test_f1=0.3334513274336283 test_acc=0.5002655337227828
[bench-lora] removed temporary checkpoint data/phase2/full_benchmarks_lora_optimized_s600/lora_gd_full_ar3_s200/checkpoints/gue_mouse_4/best.pt
[bench-lora] task 27/44 task=gue_prom_300_all rows=59196
[bench-lora] task=gue_prom_300_all validation subset rows=2000/5920 labels={'0': 1000, '1': 1000}
[bench-lora] task=gue_prom_300_all step=200 train_loss=0.6099 val_loss=0.5677 auroc=0.775287
[bench-lora] task=gue_prom_300_all step=400 train_loss=0.4707 val_loss=0.5064 auroc=0.821507
[bench-lora] task=gue_prom_300_all step=600 train_loss=0.6615 val_loss=0.5181 auroc=0.820338
[bench-lora] finished task=gue_prom_300_all best_step=400 test_auroc=0.8260939711455052 test_f1=0.7536038220556667 test_acc=0.7559121621621622
[bench-lora] removed temporary checkpoint data/phase2/full_benchmarks_lora_optimized_s600/lora_gd_full_ar3_s200/checkpoints/gue_prom_300_all/best.pt
[bench-lora] task 28/44 task=gue_prom_300_notata rows=53066
[bench-lora] task=gue_prom_300_notata validation subset rows=2000/5307 labels={'0': 1000, '1': 1000}
[bench-lora] task=gue_prom_300_notata step=200 train_loss=0.7595 val_loss=0.5350 auroc=0.7928449999999999
[bench-lora] task=gue_prom_300_notata step=400 train_loss=1.0333 val_loss=0.5250 auroc=0.859904
[bench-lora] task=gue_prom_300_notata step=600 train_loss=0.9352 val_loss=0.4123 auroc=0.908188
[bench-lora] finished task=gue_prom_300_notata best_step=600 test_auroc=0.9084977095983808 test_f1=0.8131606658901038 test_acc=0.8166572451479178
[bench-lora] removed temporary checkpoint data/phase2/full_benchmarks_lora_optimized_s600/lora_gd_full_ar3_s200/checkpoints/gue_prom_300_notata/best.pt
[bench-lora] task 29/44 task=gue_prom_300_tata rows=6130
[bench-lora] task=gue_prom_300_tata step=200 train_loss=0.6163 val_loss=0.6938 auroc=0.5181915234333297
[bench-lora] task=gue_prom_300_tata step=400 train_loss=0.6650 val_loss=0.6937 auroc=0.5195259955161737
[bench-lora] task=gue_prom_300_tata step=600 train_loss=0.5865 val_loss=0.6592 auroc=0.6770791075050709
[bench-lora] finished task=gue_prom_300_tata best_step=600 test_auroc=0.6986257590284436 test_f1=0.5545331173663705 test_acc=0.5938009787928222
[bench-lora] removed temporary checkpoint data/phase2/full_benchmarks_lora_optimized_s600/lora_gd_full_ar3_s200/checkpoints/gue_prom_300_tata/best.pt
[bench-lora] task 30/44 task=gue_prom_core_all rows=59196
[bench-lora] task=gue_prom_core_all validation subset rows=2000/5920 labels={'0': 1000, '1': 1000}
[bench-lora] task=gue_prom_core_all step=200 train_loss=0.5551 val_loss=0.6171 auroc=0.726976
[bench-lora] task=gue_prom_core_all step=400 train_loss=0.6632 val_loss=0.6041 auroc=0.723716
[bench-lora] task=gue_prom_core_all step=600 train_loss=0.4675 val_loss=0.6143 auroc=0.7397429999999999
[bench-lora] finished task=gue_prom_core_all best_step=600 test_auroc=0.7494791438396191 test_f1=0.680655731191859 test_acc=0.6807432432432432
[bench-lora] removed temporary checkpoint data/phase2/full_benchmarks_lora_optimized_s600/lora_gd_full_ar3_s200/checkpoints/gue_prom_core_all/best.pt
[bench-lora] task 31/44 task=gue_prom_core_notata rows=53066
[bench-lora] task=gue_prom_core_notata validation subset rows=2000/5307 labels={'0': 1000, '1': 1000}
[bench-lora] task=gue_prom_core_notata step=200 train_loss=0.4558 val_loss=0.5899 auroc=0.7538910000000001
[bench-lora] task=gue_prom_core_notata step=400 train_loss=0.6618 val_loss=0.5710 auroc=0.783563
[bench-lora] task=gue_prom_core_notata step=600 train_loss=0.4784 val_loss=0.5780 auroc=0.784235
[bench-lora] finished task=gue_prom_core_notata best_step=600 test_auroc=0.7705704220631294 test_f1=0.7114225726217528 test_acc=0.7117015262860373
[bench-lora] removed temporary checkpoint data/phase2/full_benchmarks_lora_optimized_s600/lora_gd_full_ar3_s200/checkpoints/gue_prom_core_notata/best.pt
[bench-lora] task 32/44 task=gue_prom_core_tata rows=6130
[bench-lora] task=gue_prom_core_tata step=200 train_loss=0.6064 val_loss=0.6475 auroc=0.6626216175938344
[bench-lora] task=gue_prom_core_tata step=400 train_loss=0.6769 val_loss=0.6233 auroc=0.711747674096783
[bench-lora] task=gue_prom_core_tata step=600 train_loss=0.3853 val_loss=0.5166 auroc=0.8181431095782503
[bench-lora] finished task=gue_prom_core_tata best_step=600 test_auroc=0.7994964656787602 test_f1=0.6935040975388029 test_acc=0.6949429037520392
[bench-lora] removed temporary checkpoint data/phase2/full_benchmarks_lora_optimized_s600/lora_gd_full_ar3_s200/checkpoints/gue_prom_core_tata/best.pt
[bench-lora] task 33/44 task=gue_splice_reconstructed rows=45620
[bench-lora] task=gue_splice_reconstructed validation subset rows=2000/4562 labels={'0': 667, '1': 667, '2': 666}
[bench-lora] task=gue_splice_reconstructed step=200 train_loss=0.7749 val_loss=1.2533 auroc=0.5271701209167116
[bench-lora] task=gue_splice_reconstructed step=400 train_loss=1.1517 val_loss=1.2147 auroc=0.5366468835412813
[bench-lora] task=gue_splice_reconstructed step=600 train_loss=1.0678 val_loss=1.1857 auroc=0.5252661148390141
[bench-lora] finished task=gue_splice_reconstructed best_step=400 test_auroc=0.5248359914047963 test_f1=0.24088851556302207 test_acc=0.5657606313020604
[bench-lora] removed temporary checkpoint data/phase2/full_benchmarks_lora_optimized_s600/lora_gd_full_ar3_s200/checkpoints/gue_splice_reconstructed/best.pt
[bench-lora] task 34/44 task=hvue_human_host_tropism rows=69302
[bench-lora] task=hvue_human_host_tropism validation subset rows=2000/11256 labels={'0': 1000, '1': 1000}
[bench-lora] task=hvue_human_host_tropism step=200 train_loss=0.8576 val_loss=0.7652 auroc=0.4698375
[bench-lora] task=hvue_human_host_tropism step=400 train_loss=0.6646 val_loss=0.6946 auroc=0.5187635
[bench-lora] task=hvue_human_host_tropism step=600 train_loss=0.6940 val_loss=0.6933 auroc=0.5081680000000001
[bench-lora] finished task=hvue_human_host_tropism best_step=400 test_auroc=0.5259163127555154 test_f1=0.33374275327606884 test_acc=0.5001842978252856
[bench-lora] removed temporary checkpoint data/phase2/full_benchmarks_lora_optimized_s600/lora_gd_full_ar3_s200/checkpoints/hvue_human_host_tropism/best.pt
[bench-lora] task 35/44 task=hvue_human_transmissibility_coronaviridae rows=179142
[bench-lora] task=hvue_human_transmissibility_coronaviridae validation subset rows=2000/26871 labels={'0': 1000, '1': 1000}
[bench-lora] task=hvue_human_transmissibility_coronaviridae step=200 train_loss=0.4253 val_loss=0.7411 auroc=0.563075
[bench-lora] task=hvue_human_transmissibility_coronaviridae step=400 train_loss=0.2693 val_loss=0.7735 auroc=0.607576
[bench-lora] task=hvue_human_transmissibility_coronaviridae step=600 train_loss=0.9081 val_loss=0.8367 auroc=0.605575
[bench-lora] finished task=hvue_human_transmissibility_coronaviridae best_step=400 test_auroc=0.6018023623534993 test_f1=0.4934291776770732 test_acc=0.7305745757665972
[bench-lora] removed temporary checkpoint data/phase2/full_benchmarks_lora_optimized_s600/lora_gd_full_ar3_s200/checkpoints/hvue_human_transmissibility_coronaviridae/best.pt
[bench-lora] task 36/44 task=hvue_human_transmissibility_orthomyxoviridae rows=421298
[bench-lora] task=hvue_human_transmissibility_orthomyxoviridae validation subset rows=2000/62957 labels={'0': 1000, '1': 1000}
[bench-lora] task=hvue_human_transmissibility_orthomyxoviridae step=200 train_loss=0.6065 val_loss=0.9439 auroc=0.541309
[bench-lora] task=hvue_human_transmissibility_orthomyxoviridae step=400 train_loss=0.5112 val_loss=0.7943 auroc=0.632849
[bench-lora] task=hvue_human_transmissibility_orthomyxoviridae step=600 train_loss=0.5369 val_loss=0.8017 auroc=0.6193759999999999
[bench-lora] finished task=hvue_human_transmissibility_orthomyxoviridae best_step=400 test_auroc=0.6155732109517194 test_f1=0.4248735711497081 test_acc=0.7387481253453311
[bench-lora] removed temporary checkpoint data/phase2/full_benchmarks_lora_optimized_s600/lora_gd_full_ar3_s200/checkpoints/hvue_human_transmissibility_orthomyxoviridae/best.pt
[bench-lora] task 37/44 task=hvue_human_virus_pathogenicity_bvbrc_cov rows=131645
[bench-lora] task=hvue_human_virus_pathogenicity_bvbrc_cov validation subset rows=2000/19747 labels={'0': 1000, '1': 1000}
[bench-lora] task=hvue_human_virus_pathogenicity_bvbrc_cov step=200 train_loss=0.6843 val_loss=0.6912 auroc=0.5631705
[bench-lora] task=hvue_human_virus_pathogenicity_bvbrc_cov step=400 train_loss=0.6949 val_loss=0.6909 auroc=0.5626435000000001
[bench-lora] task=hvue_human_virus_pathogenicity_bvbrc_cov step=600 train_loss=0.7794 val_loss=0.6970 auroc=0.5627354999999999
[bench-lora] finished task=hvue_human_virus_pathogenicity_bvbrc_cov best_step=200 test_auroc=0.5524639359396084 test_f1=0.5172419561442879 test_acc=0.5586164987086646
[bench-lora] removed temporary checkpoint data/phase2/full_benchmarks_lora_optimized_s600/lora_gd_full_ar3_s200/checkpoints/hvue_human_virus_pathogenicity_bvbrc_cov/best.pt
[bench-lora] task 38/44 task=hvue_human_virus_pathogenicity_cini rows=3628
[bench-lora] task=hvue_human_virus_pathogenicity_cini step=200 train_loss=0.6958 val_loss=0.6925 auroc=0.5702988686891428
[bench-lora] task=hvue_human_virus_pathogenicity_cini step=400 train_loss=0.6471 val_loss=0.6795 auroc=0.5550740136207576
[bench-lora] task=hvue_human_virus_pathogenicity_cini step=600 train_loss=0.9327 val_loss=0.6792 auroc=0.6025215286767603
[bench-lora] finished task=hvue_human_virus_pathogenicity_cini best_step=600 test_auroc=0.6026794418293735 test_f1=0.37139561707035756 test_acc=0.5908256880733945
[bench-lora] removed temporary checkpoint data/phase2/full_benchmarks_lora_optimized_s600/lora_gd_full_ar3_s200/checkpoints/hvue_human_virus_pathogenicity_cini/best.pt
[bench-lora] task 39/44 task=virobench_all_taxon_genus rows=8000
[bench-lora] task=virobench_all_taxon_genus step=200 train_loss=1.7099 val_loss=3.3029 f1=0.005426025179718533
[bench-lora] task=virobench_all_taxon_genus step=400 train_loss=4.0740 val_loss=3.1538 f1=0.005783605785940238
[bench-lora] task=virobench_all_taxon_genus step=600 train_loss=1.9997 val_loss=3.1319 f1=0.005896874016059384
[bench-lora] finished task=virobench_all_taxon_genus best_step=600 test_auroc=None test_f1=0.005931175386085832 test_acc=0.4625
[bench-lora] removed temporary checkpoint data/phase2/full_benchmarks_lora_optimized_s600/lora_gd_full_ar3_s200/checkpoints/virobench_all_taxon_genus/best.pt
[bench-lora] task 40/44 task=virobench_all_taxon_times rows=8000
[bench-lora] task=virobench_all_taxon_times step=200 train_loss=3.5668 val_loss=3.0761 f1=0.017099831177379423
[bench-lora] task=virobench_all_taxon_times step=400 train_loss=1.7588 val_loss=2.8445 f1=0.021496163073827342
[bench-lora] task=virobench_all_taxon_times step=600 train_loss=2.9852 val_loss=2.7936 f1=0.02093740393254009
[bench-lora] finished task=virobench_all_taxon_times best_step=400 test_auroc=None test_f1=0.007817863225468362 test_acc=0.46125
[bench-lora] removed temporary checkpoint data/phase2/full_benchmarks_lora_optimized_s600/lora_gd_full_ar3_s200/checkpoints/virobench_all_taxon_times/best.pt
[bench-lora] task 41/44 task=virobench_dna_taxon_genus rows=1759
[bench-lora] task=virobench_dna_taxon_genus step=200 train_loss=4.3991 val_loss=3.5942 f1=0.01366111717895856
[bench-lora] task=virobench_dna_taxon_genus step=400 train_loss=3.3104 val_loss=3.3050 f1=0.027107812822098534
[bench-lora] finished task=virobench_dna_taxon_genus best_step=400 test_auroc=None test_f1=0.034768525592055004 test_acc=0.2840909090909091
[bench-lora] removed temporary checkpoint data/phase2/full_benchmarks_lora_optimized_s600/lora_gd_full_ar3_s200/checkpoints/virobench_dna_taxon_genus/best.pt
[bench-lora] task 42/44 task=virobench_dna_taxon_times rows=1759
[bench-lora] task=virobench_dna_taxon_times step=200 train_loss=2.7995 val_loss=3.3435 f1=0.02475114339521119
[bench-lora] task=virobench_dna_taxon_times step=400 train_loss=2.4441 val_loss=3.2071 f1=0.1354382867138981
[bench-lora] finished task=virobench_dna_taxon_times best_step=400 test_auroc=None test_f1=0.03626228684319686 test_acc=0.21764705882352942
[bench-lora] removed temporary checkpoint data/phase2/full_benchmarks_lora_optimized_s600/lora_gd_full_ar3_s200/checkpoints/virobench_dna_taxon_times/best.pt
[bench-lora] task 43/44 task=virobench_rna_taxon_genus rows=5983
[bench-lora] task=virobench_rna_taxon_genus step=200 train_loss=2.9698 val_loss=2.3464 f1=0.0091763801036984
[bench-lora] task=virobench_rna_taxon_genus step=400 train_loss=2.4082 val_loss=2.0575 f1=0.014305811593393293
[bench-lora] task=virobench_rna_taxon_genus step=600 train_loss=3.2239 val_loss=2.0100 f1=0.015225932741619623
[bench-lora] finished task=virobench_rna_taxon_genus best_step=600 test_auroc=None test_f1=0.012463753465533734 test_acc=0.5926544240400667
[bench-lora] removed temporary checkpoint data/phase2/full_benchmarks_lora_optimized_s600/lora_gd_full_ar3_s200/checkpoints/virobench_rna_taxon_genus/best.pt
[bench-lora] task 44/44 task=virobench_rna_taxon_times rows=5983
[bench-lora] task=virobench_rna_taxon_times step=200 train_loss=1.2693 val_loss=2.2700 f1=0.02448586560286127
[bench-lora] task=virobench_rna_taxon_times step=400 train_loss=1.1094 val_loss=2.0825 f1=0.056754307890917545
[bench-lora] task=virobench_rna_taxon_times step=600 train_loss=2.6668 val_loss=2.0348 f1=0.0264300827796132
[bench-lora] finished task=virobench_rna_taxon_times best_step=400 test_auroc=None test_f1=0.013805587392116113 test_acc=0.580226904376013
[bench-lora] removed temporary checkpoint data/phase2/full_benchmarks_lora_optimized_s600/lora_gd_full_ar3_s200/checkpoints/virobench_rna_taxon_times/best.pt
[bench-lora] wrote benchmark results to data/phase2/full_benchmarks_lora_optimized_s600/lora_gd_full_ar3_s200/eval_benchmarks.csv
[bench-lora] wrote benchmark summary to data/phase2/full_benchmarks_lora_optimized_s600/lora_gd_full_ar3_s200/eval_benchmarks_summary.json
[pilot] /home/teacher1/miniconda3/envs/UT-p1/bin/python -u phase2/eval_benchmarks.py --benchmark-manifest data/benchmarks/hvue_gue_manifest.csv --benchmark-scope all --out-dir data/phase2/full_benchmarks_lora_optimized_s600/lora_rmu_full_sc200_s200 --resume --device cuda:0 --batch-size 1 --cpu-threads 16 --epochs 3 --max-steps 600 --eval-every 200 --patience 3 --lr 0.0001 --weight-decay 0.0 --lora-rank 8 --lora-alpha 16 --lora-dropout 0.0 --metric-for-best auto --max-length 512 --seed 42 --task-filter gue_emp_h3,gue_emp_h3k14ac,gue_emp_h3k36me3,gue_emp_h3k4me1,gue_emp_h3k4me2,gue_emp_h3k4me3,gue_emp_h3k79me3,gue_emp_h3k9ac,gue_emp_h4,gue_emp_h4ac,gue_epi_gm12878,gue_epi_hela_s3,gue_epi_huvec,gue_epi_imr90,gue_epi_k562,gue_epi_nhek,gue_human_tf_0,gue_human_tf_1,gue_human_tf_2,gue_human_tf_3,gue_human_tf_4,gue_mouse_0,gue_mouse_1,gue_mouse_2,gue_mouse_3,gue_mouse_4,gue_prom_300_all,gue_prom_300_notata,gue_prom_300_tata,gue_prom_core_all,gue_prom_core_notata,gue_prom_core_tata,gue_splice_reconstructed,hvue_human_host_tropism,hvue_human_transmissibility_coronaviridae,hvue_human_transmissibility_orthomyxoviridae,hvue_human_virus_pathogenicity_bvbrc_cov,hvue_human_virus_pathogenicity_cini,virobench_all_taxon_genus,virobench_all_taxon_times,virobench_dna_taxon_genus,virobench_dna_taxon_times,virobench_rna_taxon_genus,virobench_rna_taxon_times --train-batch-size 8 --eval-batch-size 32 --validation-max-rows 2000 --discard-task-checkpoint --ckpt data/phase2/checkpoints_lora_grid/lora_rmu_full_sc200_s200/weights.safetensors
[bench-lora] runtime config: device=cuda:0 cpu_threads=16
[bench-lora] loaded rows=1701660 tasks=44 scope=all
[bench-lora] applied 439 checkpoint tensors from data/phase2/checkpoints_lora_grid/lora_rmu_full_sc200_s200/weights.safetensors
[bench-lora] task 1/44 task=gue_emp_h3 rows=14965
[bench-lora] task=gue_emp_h3 step=200 train_loss=0.0552 val_loss=0.6322 auroc=0.8504204831538913
[bench-lora] task=gue_emp_h3 step=400 train_loss=0.1963 val_loss=0.5014 auroc=0.8712482368275395
[bench-lora] task=gue_emp_h3 step=600 train_loss=0.4774 val_loss=0.4930 auroc=0.8922777509954112
[bench-lora] finished task=gue_emp_h3 best_step=600 test_auroc=0.8990610663858196 test_f1=0.8311690404072952 test_acc=0.8316633266533067
[bench-lora] removed temporary checkpoint data/phase2/full_benchmarks_lora_optimized_s600/lora_rmu_full_sc200_s200/checkpoints/gue_emp_h3/best.pt
[bench-lora] task 2/44 task=gue_emp_h3k14ac rows=33048
[bench-lora] task=gue_emp_h3k14ac validation subset rows=2000/3305 labels={'0': 1000, '1': 1000}
[bench-lora] task=gue_emp_h3k14ac step=200 train_loss=0.7049 val_loss=0.6755 auroc=0.6219025
[bench-lora] task=gue_emp_h3k14ac step=400 train_loss=0.7007 val_loss=0.6923 auroc=0.5722130000000001
[bench-lora] task=gue_emp_h3k14ac step=600 train_loss=0.6746 val_loss=0.6929 auroc=0.6404890000000001
[bench-lora] finished task=gue_emp_h3k14ac best_step=600 test_auroc=0.6037547202582554 test_f1=0.3645452797538935 test_acc=0.5736762481089259
[bench-lora] removed temporary checkpoint data/phase2/full_benchmarks_lora_optimized_s600/lora_rmu_full_sc200_s200/checkpoints/gue_emp_h3k14ac/best.pt
[bench-lora] task 3/44 task=gue_emp_h3k36me3 rows=34880
[bench-lora] task=gue_emp_h3k36me3 validation subset rows=2000/3488 labels={'0': 1000, '1': 1000}
[bench-lora] task=gue_emp_h3k36me3 step=200 train_loss=0.5461 val_loss=0.6325 auroc=0.7256940000000001
[bench-lora] task=gue_emp_h3k36me3 step=400 train_loss=0.4082 val_loss=0.5712 auroc=0.779184
[bench-lora] task=gue_emp_h3k36me3 step=600 train_loss=0.9596 val_loss=0.6496 auroc=0.789435
[bench-lora] finished task=gue_emp_h3k36me3 best_step=600 test_auroc=0.7908429181049932 test_f1=0.643613479155543 test_acc=0.6875
[bench-lora] removed temporary checkpoint data/phase2/full_benchmarks_lora_optimized_s600/lora_rmu_full_sc200_s200/checkpoints/gue_emp_h3k36me3/best.pt
[bench-lora] task 4/44 task=gue_emp_h3k4me1 rows=31677
[bench-lora] task=gue_emp_h3k4me1 validation subset rows=2000/3168 labels={'0': 1000, '1': 1000}
[bench-lora] task=gue_emp_h3k4me1 step=200 train_loss=0.6390 val_loss=0.6629 auroc=0.6895690000000001
[bench-lora] task=gue_emp_h3k4me1 step=400 train_loss=0.4448 val_loss=0.6915 auroc=0.7390450000000001
[bench-lora] task=gue_emp_h3k4me1 step=600 train_loss=0.3472 val_loss=0.6438 auroc=0.754192
[bench-lora] finished task=gue_emp_h3k4me1 best_step=600 test_auroc=0.745631105834737 test_f1=0.6468786527038954 test_acc=0.6755050505050505
[bench-lora] removed temporary checkpoint data/phase2/full_benchmarks_lora_optimized_s600/lora_rmu_full_sc200_s200/checkpoints/gue_emp_h3k4me1/best.pt
[bench-lora] task 5/44 task=gue_emp_h3k4me2 rows=30683
[bench-lora] task=gue_emp_h3k4me2 validation subset rows=2000/3069 labels={'0': 1000, '1': 1000}
[bench-lora] task=gue_emp_h3k4me2 step=200 train_loss=0.8066 val_loss=0.7312 auroc=0.6334895
[bench-lora] task=gue_emp_h3k4me2 step=400 train_loss=0.7107 val_loss=0.7214 auroc=0.6172390000000001
[bench-lora] task=gue_emp_h3k4me2 step=600 train_loss=0.9331 val_loss=0.7327 auroc=0.644568
[bench-lora] finished task=gue_emp_h3k4me2 best_step=600 test_auroc=0.6446985565171 test_f1=0.5940034841193128 test_acc=0.5940045617464972
[bench-lora] removed temporary checkpoint data/phase2/full_benchmarks_lora_optimized_s600/lora_rmu_full_sc200_s200/checkpoints/gue_emp_h3k4me2/best.pt
[bench-lora] task 6/44 task=gue_emp_h3k4me3 rows=36799
[bench-lora] task=gue_emp_h3k4me3 validation subset rows=2000/3680 labels={'0': 1000, '1': 1000}
[bench-lora] task=gue_emp_h3k4me3 step=200 train_loss=0.7531 val_loss=0.6999 auroc=0.5058370000000001
[bench-lora] task=gue_emp_h3k4me3 step=400 train_loss=0.7852 val_loss=0.7227 auroc=0.5485175
[bench-lora] task=gue_emp_h3k4me3 step=600 train_loss=0.6460 val_loss=0.7251 auroc=0.565335
[bench-lora] finished task=gue_emp_h3k4me3 best_step=600 test_auroc=0.5784460709383324 test_f1=0.3462426718777758 test_acc=0.5296195652173913
[bench-lora] removed temporary checkpoint data/phase2/full_benchmarks_lora_optimized_s600/lora_rmu_full_sc200_s200/checkpoints/gue_emp_h3k4me3/best.pt
[bench-lora] task 7/44 task=gue_emp_h3k79me3 rows=28837
[bench-lora] task=gue_emp_h3k79me3 validation subset rows=2000/2884 labels={'0': 1000, '1': 1000}
[bench-lora] task=gue_emp_h3k79me3 step=200 train_loss=0.4968 val_loss=0.5584 auroc=0.8262689999999999
[bench-lora] task=gue_emp_h3k79me3 step=400 train_loss=0.2655 val_loss=0.4932 auroc=0.847331
[bench-lora] task=gue_emp_h3k79me3 step=600 train_loss=0.5868 val_loss=0.5108 auroc=0.8541
[bench-lora] finished task=gue_emp_h3k79me3 best_step=600 test_auroc=0.8501583741412956 test_f1=0.7627066091033528 test_acc=0.7694174757281553
[bench-lora] removed temporary checkpoint data/phase2/full_benchmarks_lora_optimized_s600/lora_rmu_full_sc200_s200/checkpoints/gue_emp_h3k79me3/best.pt
[bench-lora] task 8/44 task=gue_emp_h3k9ac rows=27782
[bench-lora] task=gue_emp_h3k9ac validation subset rows=2000/2779 labels={'0': 1000, '1': 1000}
[bench-lora] task=gue_emp_h3k9ac step=200 train_loss=0.7129 val_loss=0.7279 auroc=0.5067524999999999
[bench-lora] task=gue_emp_h3k9ac step=400 train_loss=0.6161 val_loss=0.6284 auroc=0.7075800000000001
[bench-lora] task=gue_emp_h3k9ac step=600 train_loss=0.5383 val_loss=0.5721 auroc=0.775375
[bench-lora] finished task=gue_emp_h3k9ac best_step=600 test_auroc=0.7937471851859611 test_f1=0.7247016237768766 test_acc=0.72544080604534
[bench-lora] removed temporary checkpoint data/phase2/full_benchmarks_lora_optimized_s600/lora_rmu_full_sc200_s200/checkpoints/gue_emp_h3k9ac/best.pt
[bench-lora] task 9/44 task=gue_emp_h4 rows=14601
[bench-lora] task=gue_emp_h4 step=200 train_loss=0.3533 val_loss=0.3701 auroc=0.9214872570342466
[bench-lora] task=gue_emp_h4 step=400 train_loss=0.3924 val_loss=0.3303 auroc=0.9394123494974042
[bench-lora] task=gue_emp_h4 step=600 train_loss=0.0186 val_loss=0.3285 auroc=0.9361709016252947
[bench-lora] finished task=gue_emp_h4 best_step=400 test_auroc=0.9388939311659559 test_f1=0.8815718181589784 test_acc=0.8829568788501027
[bench-lora] removed temporary checkpoint data/phase2/full_benchmarks_lora_optimized_s600/lora_rmu_full_sc200_s200/checkpoints/gue_emp_h4/best.pt
[bench-lora] task 10/44 task=gue_emp_h4ac rows=7113
[bench-lora] task=gue_emp_h4ac validation subset rows=2000/3410 labels={'0': 1000, '1': 1000}
[bench-lora] finished task=gue_emp_h4ac best_step=111 test_auroc=0.6060492068015579 test_f1=0.5554973829468703 test_acc=0.5718475073313783
[bench-lora] removed temporary checkpoint data/phase2/full_benchmarks_lora_optimized_s600/lora_rmu_full_sc200_s200/checkpoints/gue_emp_h4ac/best.pt
[bench-lora] task 11/44 task=gue_epi_gm12878 rows=14000
[bench-lora] task=gue_epi_gm12878 step=200 train_loss=0.7070 val_loss=0.7155 auroc=0.5166858452220294
[bench-lora] task=gue_epi_gm12878 step=400 train_loss=0.7429 val_loss=0.7205 auroc=0.518483709273183
[bench-lora] task=gue_epi_gm12878 step=600 train_loss=0.7106 val_loss=0.6926 auroc=0.5298176330248698
[bench-lora] finished task=gue_epi_gm12878 best_step=600 test_auroc=0.5238936030312824 test_f1=0.5180516675637512 test_acc=0.5185
[bench-lora] removed temporary checkpoint data/phase2/full_benchmarks_lora_optimized_s600/lora_rmu_full_sc200_s200/checkpoints/gue_epi_gm12878/best.pt
[bench-lora] task 12/44 task=gue_epi_hela_s3 rows=14000
[bench-lora] task=gue_epi_hela_s3 step=200 train_loss=0.6916 val_loss=0.6947 auroc=0.5214369655548603
[bench-lora] task=gue_epi_hela_s3 step=400 train_loss=0.6939 val_loss=0.6936 auroc=0.5123915066339382
[bench-lora] task=gue_epi_hela_s3 step=600 train_loss=0.5513 val_loss=0.7474 auroc=0.5459833389485168
[bench-lora] finished task=gue_epi_hela_s3 best_step=600 test_auroc=0.5614263560921465 test_f1=0.3425378040762656 test_acc=0.521
[bench-lora] removed temporary checkpoint data/phase2/full_benchmarks_lora_optimized_s600/lora_rmu_full_sc200_s200/checkpoints/gue_epi_hela_s3/best.pt
[bench-lora] task 13/44 task=gue_epi_huvec rows=14000
[bench-lora] task=gue_epi_huvec step=200 train_loss=0.6936 val_loss=0.7091 auroc=0.5365896500879774
[bench-lora] task=gue_epi_huvec step=400 train_loss=0.6102 val_loss=0.7486 auroc=0.4912128028393653
[bench-lora] task=gue_epi_huvec step=600 train_loss=0.6965 val_loss=0.6905 auroc=0.5517033883078937
[bench-lora] finished task=gue_epi_huvec best_step=600 test_auroc=0.5506295046802653 test_f1=0.3381866313699537 test_acc=0.511
[bench-lora] removed temporary checkpoint data/phase2/full_benchmarks_lora_optimized_s600/lora_rmu_full_sc200_s200/checkpoints/gue_epi_huvec/best.pt
[bench-lora] task 14/44 task=gue_epi_imr90 rows=14000
[bench-lora] task=gue_epi_imr90 step=200 train_loss=0.7455 val_loss=0.6893 auroc=0.5476929655247175
[bench-lora] task=gue_epi_imr90 step=400 train_loss=0.6782 val_loss=0.6909 auroc=0.5618827657714355
[bench-lora] task=gue_epi_imr90 step=600 train_loss=0.7087 val_loss=0.6955 auroc=0.4887275552330221
[bench-lora] finished task=gue_epi_imr90 best_step=400 test_auroc=0.5363025125879907 test_f1=0.34347587719298245 test_acc=0.521
[bench-lora] removed temporary checkpoint data/phase2/full_benchmarks_lora_optimized_s600/lora_rmu_full_sc200_s200/checkpoints/gue_epi_imr90/best.pt
[bench-lora] task 15/44 task=gue_epi_k562 rows=14000
[bench-lora] task=gue_epi_k562 step=200 train_loss=0.8053 val_loss=0.7335 auroc=0.527182860785921
[bench-lora] task=gue_epi_k562 step=400 train_loss=0.6935 val_loss=0.6931 auroc=0.49659463608895077
[bench-lora] task=gue_epi_k562 step=600 train_loss=0.7851 val_loss=0.7864 auroc=0.5003222710299362
[bench-lora] finished task=gue_epi_k562 best_step=200 test_auroc=0.507427793560606 test_f1=0.32065217391304346 test_acc=0.472
[bench-lora] removed temporary checkpoint data/phase2/full_benchmarks_lora_optimized_s600/lora_rmu_full_sc200_s200/checkpoints/gue_epi_k562/best.pt
[bench-lora] task 16/44 task=gue_epi_nhek rows=14000
[bench-lora] task=gue_epi_nhek step=200 train_loss=0.6185 val_loss=0.7123 auroc=0.48176983307726773
[bench-lora] task=gue_epi_nhek step=400 train_loss=0.8091 val_loss=0.7027 auroc=0.5200716383394148
[bench-lora] task=gue_epi_nhek step=600 train_loss=0.7207 val_loss=0.6951 auroc=0.48743028215223094
[bench-lora] finished task=gue_epi_nhek best_step=400 test_auroc=0.5174142733935746 test_f1=0.34232160473528445 test_acc=0.5205
[bench-lora] removed temporary checkpoint data/phase2/full_benchmarks_lora_optimized_s600/lora_rmu_full_sc200_s200/checkpoints/gue_epi_nhek/best.pt
[bench-lora] task 17/44 task=gue_human_tf_0 rows=34378
[bench-lora] task=gue_human_tf_0 step=200 train_loss=0.9117 val_loss=0.7205 auroc=0.6810252652065788
[bench-lora] task=gue_human_tf_0 step=400 train_loss=0.6960 val_loss=0.5850 auroc=0.7909823756262239
[bench-lora] task=gue_human_tf_0 step=600 train_loss=0.4041 val_loss=0.6031 auroc=0.7850595288153104
[bench-lora] finished task=gue_human_tf_0 best_step=400 test_auroc=0.84936 test_f1=0.7372742200328407 test_acc=0.744
[bench-lora] removed temporary checkpoint data/phase2/full_benchmarks_lora_optimized_s600/lora_rmu_full_sc200_s200/checkpoints/gue_human_tf_0/best.pt
[bench-lora] task 18/44 task=gue_human_tf_1 rows=32672
[bench-lora] task=gue_human_tf_1 step=200 train_loss=0.6564 val_loss=0.6569 auroc=0.6850958461341528
[bench-lora] task=gue_human_tf_1 step=400 train_loss=0.7767 val_loss=0.6968 auroc=0.7508320532514081
[bench-lora] task=gue_human_tf_1 step=600 train_loss=0.2032 val_loss=0.5630 auroc=0.7889704941116231
[bench-lora] finished task=gue_human_tf_1 best_step=600 test_auroc=0.874636 test_f1=0.7956593208037936 test_acc=0.797
[bench-lora] removed temporary checkpoint data/phase2/full_benchmarks_lora_optimized_s600/lora_rmu_full_sc200_s200/checkpoints/gue_human_tf_1/best.pt
[bench-lora] task 19/44 task=gue_human_tf_2 rows=21000
[bench-lora] task=gue_human_tf_2 step=200 train_loss=0.6967 val_loss=0.6933 auroc=0.47115661609372006
[bench-lora] task=gue_human_tf_2 step=400 train_loss=0.6661 val_loss=0.6686 auroc=0.6954940464758979
[bench-lora] task=gue_human_tf_2 step=600 train_loss=1.2817 val_loss=0.6995 auroc=0.7210045771717559
[bench-lora] finished task=gue_human_tf_2 best_step=600 test_auroc=0.701484 test_f1=0.6138062688975896 test_acc=0.631
[bench-lora] removed temporary checkpoint data/phase2/full_benchmarks_lora_optimized_s600/lora_rmu_full_sc200_s200/checkpoints/gue_human_tf_2/best.pt
[bench-lora] task 20/44 task=gue_human_tf_3 rows=29294
[bench-lora] task=gue_human_tf_3 step=200 train_loss=0.6838 val_loss=0.6920 auroc=0.5443895288293629
[bench-lora] task=gue_human_tf_3 step=400 train_loss=0.7744 val_loss=0.7079 auroc=0.552001393806373
[bench-lora] task=gue_human_tf_3 step=600 train_loss=0.7237 val_loss=0.7415 auroc=0.5254489818805171
[bench-lora] finished task=gue_human_tf_3 best_step=400 test_auroc=0.55342 test_f1=0.3333333333333333 test_acc=0.5
[bench-lora] removed temporary checkpoint data/phase2/full_benchmarks_lora_optimized_s600/lora_rmu_full_sc200_s200/checkpoints/gue_human_tf_3/best.pt
[bench-lora] task 21/44 task=gue_human_tf_4 rows=21000
[bench-lora] task=gue_human_tf_4 step=200 train_loss=0.7668 val_loss=0.6297 auroc=0.721972197219722
[bench-lora] task=gue_human_tf_4 step=400 train_loss=0.8165 val_loss=0.5976 auroc=0.7667926792679267
[bench-lora] task=gue_human_tf_4 step=600 train_loss=0.3539 val_loss=0.5668 auroc=0.782962296229623
[bench-lora] finished task=gue_human_tf_4 best_step=600 test_auroc=0.8441919999999999 test_f1=0.7673976020807343 test_acc=0.769
[bench-lora] removed temporary checkpoint data/phase2/full_benchmarks_lora_optimized_s600/lora_rmu_full_sc200_s200/checkpoints/gue_human_tf_4/best.pt
[bench-lora] task 22/44 task=gue_mouse_0 rows=8098
[bench-lora] task=gue_mouse_0 step=200 train_loss=0.6767 val_loss=0.6985 auroc=0.5460149458593869
[bench-lora] task=gue_mouse_0 step=400 train_loss=0.6857 val_loss=0.6934 auroc=0.5074332774134512
[bench-lora] task=gue_mouse_0 step=600 train_loss=0.6922 val_loss=0.6935 auroc=0.5060789995424737
[bench-lora] finished task=gue_mouse_0 best_step=200 test_auroc=0.5332815119646396 test_f1=0.3333333333333333 test_acc=0.5
[bench-lora] removed temporary checkpoint data/phase2/full_benchmarks_lora_optimized_s600/lora_rmu_full_sc200_s200/checkpoints/gue_mouse_0/best.pt
[bench-lora] task 23/44 task=gue_mouse_1 rows=67442
[bench-lora] task=gue_mouse_1 validation subset rows=2000/6745 labels={'0': 1000, '1': 1000}
[bench-lora] task=gue_mouse_1 step=200 train_loss=0.1051 val_loss=0.6332 auroc=0.8385180000000001
[bench-lora] task=gue_mouse_1 step=400 train_loss=0.2637 val_loss=0.4315 auroc=0.901459
[bench-lora] task=gue_mouse_1 step=600 train_loss=0.7987 val_loss=0.3914 auroc=0.9185949999999999
[bench-lora] finished task=gue_mouse_1 best_step=600 test_auroc=0.9133805490464187 test_f1=0.8120302479994644 test_acc=0.8130467012601927
[bench-lora] removed temporary checkpoint data/phase2/full_benchmarks_lora_optimized_s600/lora_rmu_full_sc200_s200/checkpoints/gue_mouse_1/best.pt
[bench-lora] task 24/44 task=gue_mouse_2 rows=3276
[bench-lora] task=gue_mouse_2 step=200 train_loss=0.2803 val_loss=0.4731 auroc=0.8638408626138687
[bench-lora] task=gue_mouse_2 step=400 train_loss=0.5079 val_loss=0.4704 auroc=0.8773749767614798
[bench-lora] task=gue_mouse_2 step=600 train_loss=0.4144 val_loss=0.4099 auroc=0.9020263989589143
[bench-lora] finished task=gue_mouse_2 best_step=600 test_auroc=0.8949286139202856 test_f1=0.760813663404337 test_acc=0.7682926829268293
[bench-lora] removed temporary checkpoint data/phase2/full_benchmarks_lora_optimized_s600/lora_rmu_full_sc200_s200/checkpoints/gue_mouse_2/best.pt
[bench-lora] task 25/44 task=gue_mouse_3 rows=2382
[bench-lora] task=gue_mouse_3 step=200 train_loss=0.6519 val_loss=0.6907 auroc=0.5936274509803922
[bench-lora] task=gue_mouse_3 step=400 train_loss=0.4586 val_loss=0.7017 auroc=0.6636554621848739
[bench-lora] task=gue_mouse_3 step=600 train_loss=0.5400 val_loss=0.6695 auroc=0.661624649859944
[bench-lora] finished task=gue_mouse_3 best_step=400 test_auroc=0.5396358543417367 test_f1=0.3963260619977038 test_acc=0.49372384937238495
[bench-lora] removed temporary checkpoint data/phase2/full_benchmarks_lora_optimized_s600/lora_rmu_full_sc200_s200/checkpoints/gue_mouse_3/best.pt
[bench-lora] task 26/44 task=gue_mouse_4 rows=18830
[bench-lora] task=gue_mouse_4 step=200 train_loss=0.6947 val_loss=0.6963 auroc=0.4819605915782576
[bench-lora] task=gue_mouse_4 step=400 train_loss=0.6118 val_loss=0.7180 auroc=0.5196799195562033
[bench-lora] task=gue_mouse_4 step=600 train_loss=0.6003 val_loss=0.7248 auroc=0.5501830322340101
[bench-lora] finished task=gue_mouse_4 best_step=600 test_auroc=0.5434144233784811 test_f1=0.33321529745042494 test_acc=0.4997344662772172
[bench-lora] removed temporary checkpoint data/phase2/full_benchmarks_lora_optimized_s600/lora_rmu_full_sc200_s200/checkpoints/gue_mouse_4/best.pt
[bench-lora] task 27/44 task=gue_prom_300_all rows=59196
[bench-lora] task=gue_prom_300_all validation subset rows=2000/5920 labels={'0': 1000, '1': 1000}
[bench-lora] task=gue_prom_300_all step=200 train_loss=0.4082 val_loss=0.3592 auroc=0.9271109999999999
[bench-lora] task=gue_prom_300_all step=400 train_loss=0.3838 val_loss=0.3744 auroc=0.945744
[bench-lora] task=gue_prom_300_all step=600 train_loss=0.1064 val_loss=0.3273 auroc=0.9485475
[bench-lora] finished task=gue_prom_300_all best_step=600 test_auroc=0.9421002830662467 test_f1=0.8645716233428413 test_acc=0.8653716216216216
[bench-lora] removed temporary checkpoint data/phase2/full_benchmarks_lora_optimized_s600/lora_rmu_full_sc200_s200/checkpoints/gue_prom_300_all/best.pt
[bench-lora] task 28/44 task=gue_prom_300_notata rows=53066
[bench-lora] task=gue_prom_300_notata validation subset rows=2000/5307 labels={'0': 1000, '1': 1000}
[bench-lora] task=gue_prom_300_notata step=200 train_loss=0.2363 val_loss=0.2798 auroc=0.964315
[bench-lora] task=gue_prom_300_notata step=400 train_loss=0.7407 val_loss=0.3437 auroc=0.964861
[bench-lora] task=gue_prom_300_notata step=600 train_loss=0.0072 val_loss=0.2568 auroc=0.980368
[bench-lora] finished task=gue_prom_300_notata best_step=600 test_auroc=0.9790077767124747 test_f1=0.9234673087529868 test_acc=0.9234972677595629
[bench-lora] removed temporary checkpoint data/phase2/full_benchmarks_lora_optimized_s600/lora_rmu_full_sc200_s200/checkpoints/gue_prom_300_notata/best.pt
[bench-lora] task 29/44 task=gue_prom_300_tata rows=6130
[bench-lora] task=gue_prom_300_tata step=200 train_loss=0.8821 val_loss=0.6892 auroc=0.6660937333190988
[bench-lora] task=gue_prom_300_tata step=400 train_loss=0.7256 val_loss=0.6331 auroc=0.7326251734813708
[bench-lora] task=gue_prom_300_tata step=600 train_loss=0.5309 val_loss=0.6103 auroc=0.7608626027543504
[bench-lora] finished task=gue_prom_300_tata best_step=600 test_auroc=0.7616917012890168 test_f1=0.7046176372712147 test_acc=0.7047308319738989
[bench-lora] removed temporary checkpoint data/phase2/full_benchmarks_lora_optimized_s600/lora_rmu_full_sc200_s200/checkpoints/gue_prom_300_tata/best.pt
[bench-lora] task 30/44 task=gue_prom_core_all rows=59196
[bench-lora] task=gue_prom_core_all validation subset rows=2000/5920 labels={'0': 1000, '1': 1000}
[bench-lora] task=gue_prom_core_all step=200 train_loss=0.6785 val_loss=0.5964 auroc=0.752534
[bench-lora] task=gue_prom_core_all step=400 train_loss=1.0947 val_loss=0.6110 auroc=0.79373
[bench-lora] task=gue_prom_core_all step=600 train_loss=0.3605 val_loss=0.5191 auroc=0.848555
[bench-lora] finished task=gue_prom_core_all best_step=600 test_auroc=0.8475099000905777 test_f1=0.7704357240828741 test_acc=0.7704391891891892
[bench-lora] removed temporary checkpoint data/phase2/full_benchmarks_lora_optimized_s600/lora_rmu_full_sc200_s200/checkpoints/gue_prom_core_all/best.pt
[bench-lora] task 31/44 task=gue_prom_core_notata rows=53066
[bench-lora] task=gue_prom_core_notata validation subset rows=2000/5307 labels={'0': 1000, '1': 1000}
[bench-lora] task=gue_prom_core_notata step=200 train_loss=0.5216 val_loss=0.5840 auroc=0.8164925
[bench-lora] task=gue_prom_core_notata step=400 train_loss=0.6025 val_loss=0.4562 auroc=0.8704880000000002
[bench-lora] task=gue_prom_core_notata step=600 train_loss=0.2696 val_loss=0.4336 auroc=0.882597
[bench-lora] finished task=gue_prom_core_notata best_step=600 test_auroc=0.8706617154985236 test_f1=0.7923496604204481 test_acc=0.7923497267759563
[bench-lora] removed temporary checkpoint data/phase2/full_benchmarks_lora_optimized_s600/lora_rmu_full_sc200_s200/checkpoints/gue_prom_core_notata/best.pt
[bench-lora] task 32/44 task=gue_prom_core_tata rows=6130
[bench-lora] task=gue_prom_core_tata step=200 train_loss=0.5555 val_loss=0.5503 auroc=0.8426369462008473
[bench-lora] task=gue_prom_core_tata step=400 train_loss=0.2039 val_loss=0.3673 auroc=0.9200783462136211
[bench-lora] task=gue_prom_core_tata step=600 train_loss=0.0366 val_loss=0.3523 auroc=0.940218432649933
[bench-lora] finished task=gue_prom_core_tata best_step=600 test_auroc=0.9235064299097258 test_f1=0.8487880737880737 test_acc=0.8499184339314845
[bench-lora] removed temporary checkpoint data/phase2/full_benchmarks_lora_optimized_s600/lora_rmu_full_sc200_s200/checkpoints/gue_prom_core_tata/best.pt
[bench-lora] task 33/44 task=gue_splice_reconstructed rows=45620
[bench-lora] task=gue_splice_reconstructed validation subset rows=2000/4562 labels={'0': 667, '1': 667, '2': 666}
[bench-lora] task=gue_splice_reconstructed step=200 train_loss=0.7323 val_loss=1.3024 auroc=0.526828375651526
[bench-lora] task=gue_splice_reconstructed step=400 train_loss=1.1506 val_loss=1.2125 auroc=0.5015806206674107
[bench-lora] task=gue_splice_reconstructed step=600 train_loss=1.0837 val_loss=1.1815 auroc=0.5171590552864657
[bench-lora] finished task=gue_splice_reconstructed best_step=200 test_auroc=0.5259927333770499 test_f1=0.24088851556302207 test_acc=0.5657606313020604
[bench-lora] removed temporary checkpoint data/phase2/full_benchmarks_lora_optimized_s600/lora_rmu_full_sc200_s200/checkpoints/gue_splice_reconstructed/best.pt
[bench-lora] task 34/44 task=hvue_human_host_tropism rows=69302
[bench-lora] task=hvue_human_host_tropism validation subset rows=2000/11256 labels={'0': 1000, '1': 1000}
[bench-lora] task=hvue_human_host_tropism step=200 train_loss=0.7884 val_loss=0.6570 auroc=0.751232
[bench-lora] task=hvue_human_host_tropism step=400 train_loss=0.3506 val_loss=0.4957 auroc=0.8553810000000001
[bench-lora] task=hvue_human_host_tropism step=600 train_loss=0.3469 val_loss=0.4163 auroc=0.8907719999999999
[bench-lora] finished task=hvue_human_host_tropism best_step=600 test_auroc=0.8780601556796949 test_f1=0.794250303319765 test_acc=0.7945079248064872
[bench-lora] removed temporary checkpoint data/phase2/full_benchmarks_lora_optimized_s600/lora_rmu_full_sc200_s200/checkpoints/hvue_human_host_tropism/best.pt
[bench-lora] task 35/44 task=hvue_human_transmissibility_coronaviridae rows=179142
[bench-lora] task=hvue_human_transmissibility_coronaviridae validation subset rows=2000/26871 labels={'0': 1000, '1': 1000}
[bench-lora] task=hvue_human_transmissibility_coronaviridae step=200 train_loss=0.4503 val_loss=0.7324 auroc=0.594767
[bench-lora] task=hvue_human_transmissibility_coronaviridae step=400 train_loss=0.3438 val_loss=0.7818 auroc=0.546522
[bench-lora] task=hvue_human_transmissibility_coronaviridae step=600 train_loss=0.7802 val_loss=0.7558 auroc=0.598299
[bench-lora] finished task=hvue_human_transmissibility_coronaviridae best_step=600 test_auroc=0.6046889174499681 test_f1=0.41868212694154805 test_acc=0.7202292348913367
[bench-lora] removed temporary checkpoint data/phase2/full_benchmarks_lora_optimized_s600/lora_rmu_full_sc200_s200/checkpoints/hvue_human_transmissibility_coronaviridae/best.pt
[bench-lora] task 36/44 task=hvue_human_transmissibility_orthomyxoviridae rows=421298
[bench-lora] task=hvue_human_transmissibility_orthomyxoviridae validation subset rows=2000/62957 labels={'0': 1000, '1': 1000}
[bench-lora] task=hvue_human_transmissibility_orthomyxoviridae step=200 train_loss=0.5385 val_loss=0.7798 auroc=0.6658284999999999
[bench-lora] task=hvue_human_transmissibility_orthomyxoviridae step=400 train_loss=0.5005 val_loss=0.5742 auroc=0.8575790000000001
[bench-lora] task=hvue_human_transmissibility_orthomyxoviridae step=600 train_loss=0.7439 val_loss=0.4462 auroc=0.9184049999999999
[bench-lora] finished task=hvue_human_transmissibility_orthomyxoviridae best_step=600 test_auroc=0.9158385152333866 test_f1=0.8021990451708838 test_acc=0.8455442418501855
[bench-lora] removed temporary checkpoint data/phase2/full_benchmarks_lora_optimized_s600/lora_rmu_full_sc200_s200/checkpoints/hvue_human_transmissibility_orthomyxoviridae/best.pt
[bench-lora] task 37/44 task=hvue_human_virus_pathogenicity_bvbrc_cov rows=131645
[bench-lora] task=hvue_human_virus_pathogenicity_bvbrc_cov validation subset rows=2000/19747 labels={'0': 1000, '1': 1000}
[bench-lora] task=hvue_human_virus_pathogenicity_bvbrc_cov step=200 train_loss=0.7063 val_loss=0.6976 auroc=0.5601835
[bench-lora] task=hvue_human_virus_pathogenicity_bvbrc_cov step=400 train_loss=0.6962 val_loss=0.6895 auroc=0.573005
[bench-lora] task=hvue_human_virus_pathogenicity_bvbrc_cov step=600 train_loss=0.7357 val_loss=0.7004 auroc=0.5112415
[bench-lora] finished task=hvue_human_virus_pathogenicity_bvbrc_cov best_step=400 test_auroc=0.5686957226264963 test_f1=0.48300633071415877 test_acc=0.5123309869853648
[bench-lora] removed temporary checkpoint data/phase2/full_benchmarks_lora_optimized_s600/lora_rmu_full_sc200_s200/checkpoints/hvue_human_virus_pathogenicity_bvbrc_cov/best.pt
[bench-lora] task 38/44 task=hvue_human_virus_pathogenicity_cini rows=3628
[bench-lora] task=hvue_human_virus_pathogenicity_cini step=200 train_loss=0.6600 val_loss=0.8148 auroc=0.6498142623965779
[bench-lora] task=hvue_human_virus_pathogenicity_cini step=400 train_loss=0.7319 val_loss=0.6726 auroc=0.7149068497776777
[bench-lora] task=hvue_human_virus_pathogenicity_cini step=600 train_loss=0.7555 val_loss=0.5681 auroc=0.7458490459841278
[bench-lora] finished task=hvue_human_virus_pathogenicity_cini best_step=600 test_auroc=0.7398963874885106 test_f1=0.6775281618747198 test_acc=0.7119266055045872
[bench-lora] removed temporary checkpoint data/phase2/full_benchmarks_lora_optimized_s600/lora_rmu_full_sc200_s200/checkpoints/hvue_human_virus_pathogenicity_cini/best.pt
[bench-lora] task 39/44 task=virobench_all_taxon_genus rows=8000
[bench-lora] task=virobench_all_taxon_genus step=200 train_loss=1.2540 val_loss=2.9244 f1=0.008375602516106218
[bench-lora] task=virobench_all_taxon_genus step=400 train_loss=3.2459 val_loss=2.5266 f1=0.022195915951611262
[bench-lora] task=virobench_all_taxon_genus step=600 train_loss=1.5744 val_loss=2.4555 f1=0.028496716422310803
[bench-lora] finished task=virobench_all_taxon_genus best_step=600 test_auroc=None test_f1=0.025526954471574385 test_acc=0.52625
[bench-lora] removed temporary checkpoint data/phase2/full_benchmarks_lora_optimized_s600/lora_rmu_full_sc200_s200/checkpoints/virobench_all_taxon_genus/best.pt
[bench-lora] task 40/44 task=virobench_all_taxon_times rows=8000
[bench-lora] task=virobench_all_taxon_times step=200 train_loss=2.9592 val_loss=2.8026 f1=0.030600555394144656
[bench-lora] task=virobench_all_taxon_times step=400 train_loss=1.0684 val_loss=2.4100 f1=0.044308815486757955
[bench-lora] task=virobench_all_taxon_times step=600 train_loss=2.0295 val_loss=2.2571 f1=0.051782741471433504
[bench-lora] finished task=virobench_all_taxon_times best_step=600 test_auroc=None test_f1=0.0177363213778888 test_acc=0.4925
[bench-lora] removed temporary checkpoint data/phase2/full_benchmarks_lora_optimized_s600/lora_rmu_full_sc200_s200/checkpoints/virobench_all_taxon_times/best.pt
[bench-lora] task 41/44 task=virobench_dna_taxon_genus rows=1759
[bench-lora] task=virobench_dna_taxon_genus step=200 train_loss=4.5987 val_loss=3.4499 f1=0.014926739390369313
[bench-lora] task=virobench_dna_taxon_genus step=400 train_loss=2.9447 val_loss=3.2542 f1=0.03529041617640859
[bench-lora] finished task=virobench_dna_taxon_genus best_step=400 test_auroc=None test_f1=0.053362714720246486 test_acc=0.32954545454545453
[bench-lora] removed temporary checkpoint data/phase2/full_benchmarks_lora_optimized_s600/lora_rmu_full_sc200_s200/checkpoints/virobench_dna_taxon_genus/best.pt
[bench-lora] task 42/44 task=virobench_dna_taxon_times rows=1759
[bench-lora] task=virobench_dna_taxon_times step=200 train_loss=2.2420 val_loss=3.1588 f1=0.06053300441055544
[bench-lora] task=virobench_dna_taxon_times step=400 train_loss=2.3708 val_loss=3.0439 f1=0.11232656867442568
[bench-lora] finished task=virobench_dna_taxon_times best_step=400 test_auroc=None test_f1=0.059616823505712395 test_acc=0.24705882352941178
[bench-lora] removed temporary checkpoint data/phase2/full_benchmarks_lora_optimized_s600/lora_rmu_full_sc200_s200/checkpoints/virobench_dna_taxon_times/best.pt
[bench-lora] task 43/44 task=virobench_rna_taxon_genus rows=5983
[bench-lora] task=virobench_rna_taxon_genus step=200 train_loss=1.9784 val_loss=1.7676 f1=0.026428345592236308
[bench-lora] task=virobench_rna_taxon_genus step=400 train_loss=2.9727 val_loss=1.8022 f1=0.020556710750835785
[bench-lora] task=virobench_rna_taxon_genus step=600 train_loss=2.6413 val_loss=1.5582 f1=0.04607506833677598
[bench-lora] finished task=virobench_rna_taxon_genus best_step=600 test_auroc=None test_f1=0.04380684854439581 test_acc=0.6377295492487479
[bench-lora] removed temporary checkpoint data/phase2/full_benchmarks_lora_optimized_s600/lora_rmu_full_sc200_s200/checkpoints/virobench_rna_taxon_genus/best.pt
[bench-lora] task 44/44 task=virobench_rna_taxon_times rows=5983
[bench-lora] task=virobench_rna_taxon_times step=200 train_loss=0.8459 val_loss=1.9241 f1=0.041217303581293684
[bench-lora] task=virobench_rna_taxon_times step=400 train_loss=1.0046 val_loss=1.8388 f1=0.06809693817583451
[bench-lora] task=virobench_rna_taxon_times step=600 train_loss=2.1860 val_loss=1.6620 f1=0.11045294355296022
[bench-lora] finished task=virobench_rna_taxon_times best_step=600 test_auroc=None test_f1=0.03615524057161325 test_acc=0.6126418152350082
[bench-lora] removed temporary checkpoint data/phase2/full_benchmarks_lora_optimized_s600/lora_rmu_full_sc200_s200/checkpoints/virobench_rna_taxon_times/best.pt
[bench-lora] wrote benchmark results to data/phase2/full_benchmarks_lora_optimized_s600/lora_rmu_full_sc200_s200/eval_benchmarks.csv
[bench-lora] wrote benchmark summary to data/phase2/full_benchmarks_lora_optimized_s600/lora_rmu_full_sc200_s200/eval_benchmarks_summary.json
[pilot] /home/teacher1/miniconda3/envs/UT-p1/bin/python -u phase2/eval_benchmarks.py --benchmark-manifest data/benchmarks/hvue_gue_manifest.csv --benchmark-scope all --out-dir data/phase2/full_benchmarks_lora_optimized_s600/lora_rmu_full_sc50_s200 --resume --device cuda:0 --batch-size 1 --cpu-threads 16 --epochs 3 --max-steps 600 --eval-every 200 --patience 3 --lr 0.0001 --weight-decay 0.0 --lora-rank 8 --lora-alpha 16 --lora-dropout 0.0 --metric-for-best auto --max-length 512 --seed 42 --task-filter gue_emp_h3,gue_emp_h3k14ac,gue_emp_h3k36me3,gue_emp_h3k4me1,gue_emp_h3k4me2,gue_emp_h3k4me3,gue_emp_h3k79me3,gue_emp_h3k9ac,gue_emp_h4,gue_emp_h4ac,gue_epi_gm12878,gue_epi_hela_s3,gue_epi_huvec,gue_epi_imr90,gue_epi_k562,gue_epi_nhek,gue_human_tf_0,gue_human_tf_1,gue_human_tf_2,gue_human_tf_3,gue_human_tf_4,gue_mouse_0,gue_mouse_1,gue_mouse_2,gue_mouse_3,gue_mouse_4,gue_prom_300_all,gue_prom_300_notata,gue_prom_300_tata,gue_prom_core_all,gue_prom_core_notata,gue_prom_core_tata,gue_splice_reconstructed,hvue_human_host_tropism,hvue_human_transmissibility_coronaviridae,hvue_human_transmissibility_orthomyxoviridae,hvue_human_virus_pathogenicity_bvbrc_cov,hvue_human_virus_pathogenicity_cini,virobench_all_taxon_genus,virobench_all_taxon_times,virobench_dna_taxon_genus,virobench_dna_taxon_times,virobench_rna_taxon_genus,virobench_rna_taxon_times --train-batch-size 8 --eval-batch-size 32 --validation-max-rows 2000 --discard-task-checkpoint --ckpt data/phase2/checkpoints_lora_grid/lora_rmu_full_sc50_s200/weights.safetensors
[bench-lora] runtime config: device=cuda:0 cpu_threads=16
[bench-lora] loaded rows=1701660 tasks=44 scope=all
[bench-lora] applied 439 checkpoint tensors from data/phase2/checkpoints_lora_grid/lora_rmu_full_sc50_s200/weights.safetensors
[bench-lora] task 1/44 task=gue_emp_h3 rows=14965
[bench-lora] task=gue_emp_h3 step=200 train_loss=0.0346 val_loss=0.4485 auroc=0.8931669255628761
[bench-lora] task=gue_emp_h3 step=400 train_loss=0.3628 val_loss=0.4633 auroc=0.9051198957273198
[bench-lora] task=gue_emp_h3 step=600 train_loss=0.3858 val_loss=0.4972 auroc=0.9177602799650042
[bench-lora] finished task=gue_emp_h3 best_step=600 test_auroc=0.9246389746702129 test_f1=0.8493509107376471 test_acc=0.8496993987975952
[bench-lora] removed temporary checkpoint data/phase2/full_benchmarks_lora_optimized_s600/lora_rmu_full_sc50_s200/checkpoints/gue_emp_h3/best.pt
[bench-lora] task 2/44 task=gue_emp_h3k14ac rows=33048
[bench-lora] task=gue_emp_h3k14ac validation subset rows=2000/3305 labels={'0': 1000, '1': 1000}
[bench-lora] task=gue_emp_h3k14ac step=200 train_loss=1.2126 val_loss=0.9161 auroc=0.7234635
[bench-lora] task=gue_emp_h3k14ac step=400 train_loss=0.5910 val_loss=0.5630 auroc=0.7877129999999999
[bench-lora] task=gue_emp_h3k14ac step=600 train_loss=0.8645 val_loss=0.5471 auroc=0.7943629999999999
[bench-lora] finished task=gue_emp_h3k14ac best_step=600 test_auroc=0.7824002120185786 test_f1=0.7199133296838961 test_acc=0.7201210287443268
[bench-lora] removed temporary checkpoint data/phase2/full_benchmarks_lora_optimized_s600/lora_rmu_full_sc50_s200/checkpoints/gue_emp_h3k14ac/best.pt
[bench-lora] task 3/44 task=gue_emp_h3k36me3 rows=34880
[bench-lora] task=gue_emp_h3k36me3 validation subset rows=2000/3488 labels={'0': 1000, '1': 1000}
[bench-lora] task=gue_emp_h3k36me3 step=200 train_loss=0.5860 val_loss=0.5995 auroc=0.7784175
[bench-lora] task=gue_emp_h3k36me3 step=400 train_loss=0.4688 val_loss=0.5559 auroc=0.8108599999999999
[bench-lora] task=gue_emp_h3k36me3 step=600 train_loss=0.9256 val_loss=0.6002 auroc=0.8178259999999999
[bench-lora] finished task=gue_emp_h3k36me3 best_step=600 test_auroc=0.8199639480244023 test_f1=0.6948883008544762 test_acc=0.7253440366972477
[bench-lora] removed temporary checkpoint data/phase2/full_benchmarks_lora_optimized_s600/lora_rmu_full_sc50_s200/checkpoints/gue_emp_h3k36me3/best.pt
[bench-lora] task 4/44 task=gue_emp_h3k4me1 rows=31677
[bench-lora] task=gue_emp_h3k4me1 validation subset rows=2000/3168 labels={'0': 1000, '1': 1000}
[bench-lora] task=gue_emp_h3k4me1 step=200 train_loss=0.6039 val_loss=0.6215 auroc=0.743736
[bench-lora] task=gue_emp_h3k4me1 step=400 train_loss=0.3628 val_loss=0.6200 auroc=0.758066
[bench-lora] task=gue_emp_h3k4me1 step=600 train_loss=0.3083 val_loss=0.5761 auroc=0.77915
[bench-lora] finished task=gue_emp_h3k4me1 best_step=600 test_auroc=0.7687677253196791 test_f1=0.7204887467389862 test_acc=0.7279040404040404
[bench-lora] removed temporary checkpoint data/phase2/full_benchmarks_lora_optimized_s600/lora_rmu_full_sc50_s200/checkpoints/gue_emp_h3k4me1/best.pt
[bench-lora] task 5/44 task=gue_emp_h3k4me2 rows=30683
[bench-lora] task=gue_emp_h3k4me2 validation subset rows=2000/3069 labels={'0': 1000, '1': 1000}
[bench-lora] task=gue_emp_h3k4me2 step=200 train_loss=0.7668 val_loss=0.6745 auroc=0.671652
[bench-lora] task=gue_emp_h3k4me2 step=400 train_loss=0.6642 val_loss=0.7034 auroc=0.6479284999999999
[bench-lora] task=gue_emp_h3k4me2 step=600 train_loss=1.0416 val_loss=0.6545 auroc=0.679681
[bench-lora] finished task=gue_emp_h3k4me2 best_step=600 test_auroc=0.6881884530113738 test_f1=0.6303131308818776 test_acc=0.6396220267188009
[bench-lora] removed temporary checkpoint data/phase2/full_benchmarks_lora_optimized_s600/lora_rmu_full_sc50_s200/checkpoints/gue_emp_h3k4me2/best.pt
[bench-lora] task 6/44 task=gue_emp_h3k4me3 rows=36799
[bench-lora] task=gue_emp_h3k4me3 validation subset rows=2000/3680 labels={'0': 1000, '1': 1000}
[bench-lora] task=gue_emp_h3k4me3 step=200 train_loss=0.7169 val_loss=0.6922 auroc=0.5668405000000001
[bench-lora] task=gue_emp_h3k4me3 step=400 train_loss=0.7903 val_loss=0.7275 auroc=0.632663
[bench-lora] task=gue_emp_h3k4me3 step=600 train_loss=0.6233 val_loss=0.6553 auroc=0.667679
[bench-lora] finished task=gue_emp_h3k4me3 best_step=600 test_auroc=0.6736719922435745 test_f1=0.6196449971405988 test_acc=0.6298913043478261
[bench-lora] removed temporary checkpoint data/phase2/full_benchmarks_lora_optimized_s600/lora_rmu_full_sc50_s200/checkpoints/gue_emp_h3k4me3/best.pt
[bench-lora] task 7/44 task=gue_emp_h3k79me3 rows=28837
[bench-lora] task=gue_emp_h3k79me3 validation subset rows=2000/2884 labels={'0': 1000, '1': 1000}
[bench-lora] task=gue_emp_h3k79me3 step=200 train_loss=0.4708 val_loss=0.5021 auroc=0.847878
[bench-lora] task=gue_emp_h3k79me3 step=400 train_loss=0.2902 val_loss=0.4823 auroc=0.8614929999999998
[bench-lora] task=gue_emp_h3k79me3 step=600 train_loss=0.5288 val_loss=0.4891 auroc=0.868039
[bench-lora] finished task=gue_emp_h3k79me3 best_step=600 test_auroc=0.863585191004426 test_f1=0.7909607219883894 test_acc=0.794382801664355
[bench-lora] removed temporary checkpoint data/phase2/full_benchmarks_lora_optimized_s600/lora_rmu_full_sc50_s200/checkpoints/gue_emp_h3k79me3/best.pt
[bench-lora] task 8/44 task=gue_emp_h3k9ac rows=27782
[bench-lora] task=gue_emp_h3k9ac validation subset rows=2000/2779 labels={'0': 1000, '1': 1000}
[bench-lora] task=gue_emp_h3k9ac step=200 train_loss=0.5559 val_loss=0.6948 auroc=0.664694
[bench-lora] task=gue_emp_h3k9ac step=400 train_loss=0.6286 val_loss=0.5983 auroc=0.7585249999999999
[bench-lora] task=gue_emp_h3k9ac step=600 train_loss=0.6321 val_loss=0.5721 auroc=0.7978480000000001
[bench-lora] finished task=gue_emp_h3k9ac best_step=600 test_auroc=0.8199367386909935 test_f1=0.7376096455014016 test_acc=0.7376754228139618
[bench-lora] removed temporary checkpoint data/phase2/full_benchmarks_lora_optimized_s600/lora_rmu_full_sc50_s200/checkpoints/gue_emp_h3k9ac/best.pt
[bench-lora] task 9/44 task=gue_emp_h4 rows=14601
[bench-lora] task=gue_emp_h4 step=200 train_loss=0.2230 val_loss=0.3291 auroc=0.9403855456564217
[bench-lora] task=gue_emp_h4 step=400 train_loss=0.4037 val_loss=0.3314 auroc=0.9466475201590634
[bench-lora] task=gue_emp_h4 step=600 train_loss=0.0255 val_loss=0.2993 auroc=0.9484967833105428
[bench-lora] finished task=gue_emp_h4 best_step=600 test_auroc=0.9544220347929776 test_f1=0.9020696015535679 test_acc=0.9034907597535934
[bench-lora] removed temporary checkpoint data/phase2/full_benchmarks_lora_optimized_s600/lora_rmu_full_sc50_s200/checkpoints/gue_emp_h4/best.pt
[bench-lora] task 10/44 task=gue_emp_h4ac rows=7113
[bench-lora] task=gue_emp_h4ac validation subset rows=2000/3410 labels={'0': 1000, '1': 1000}
[bench-lora] finished task=gue_emp_h4ac best_step=111 test_auroc=0.6081580697254678 test_f1=0.5076393123666653 test_acc=0.5642228739002932
[bench-lora] removed temporary checkpoint data/phase2/full_benchmarks_lora_optimized_s600/lora_rmu_full_sc50_s200/checkpoints/gue_emp_h4ac/best.pt
[bench-lora] task 11/44 task=gue_epi_gm12878 rows=14000
[bench-lora] task=gue_epi_gm12878 step=200 train_loss=0.6987 val_loss=0.7077 auroc=0.5526832907589486
[bench-lora] task=gue_epi_gm12878 step=400 train_loss=0.6934 val_loss=0.6995 auroc=0.5519226752779385
[bench-lora] task=gue_epi_gm12878 step=600 train_loss=0.6972 val_loss=0.6891 auroc=0.5492672988561146
[bench-lora] finished task=gue_epi_gm12878 best_step=200 test_auroc=0.5710509701332479 test_f1=0.3143640726774083 test_acc=0.4585
[bench-lora] removed temporary checkpoint data/phase2/full_benchmarks_lora_optimized_s600/lora_rmu_full_sc50_s200/checkpoints/gue_epi_gm12878/best.pt
[bench-lora] task 12/44 task=gue_epi_hela_s3 rows=14000
[bench-lora] task=gue_epi_hela_s3 step=200 train_loss=0.6869 val_loss=0.6894 auroc=0.5436520351029183
[bench-lora] task=gue_epi_hela_s3 step=400 train_loss=0.6844 val_loss=0.6927 auroc=0.5004702716144455
[bench-lora] task=gue_epi_hela_s3 step=600 train_loss=0.5527 val_loss=0.7625 auroc=0.539577517607611
[bench-lora] finished task=gue_epi_hela_s3 best_step=200 test_auroc=0.5522927444011235 test_f1=0.5360761564416028 test_acc=0.542
[bench-lora] removed temporary checkpoint data/phase2/full_benchmarks_lora_optimized_s600/lora_rmu_full_sc50_s200/checkpoints/gue_epi_hela_s3/best.pt
[bench-lora] task 13/44 task=gue_epi_huvec rows=14000
[bench-lora] task=gue_epi_huvec step=200 train_loss=0.7133 val_loss=0.6983 auroc=0.5796965508657717
[bench-lora] task=gue_epi_huvec step=400 train_loss=0.6315 val_loss=0.7185 auroc=0.5675147222816099
[bench-lora] task=gue_epi_huvec step=600 train_loss=0.7336 val_loss=0.6803 auroc=0.587330456629117
[bench-lora] finished task=gue_epi_huvec best_step=600 test_auroc=0.5800317353599141 test_f1=0.5530753340761878 test_acc=0.5575
[bench-lora] removed temporary checkpoint data/phase2/full_benchmarks_lora_optimized_s600/lora_rmu_full_sc50_s200/checkpoints/gue_epi_huvec/best.pt
[bench-lora] task 14/44 task=gue_epi_imr90 rows=14000
[bench-lora] task=gue_epi_imr90 step=200 train_loss=0.7121 val_loss=0.6918 auroc=0.505243511104821
[bench-lora] task=gue_epi_imr90 step=400 train_loss=0.6881 val_loss=0.6909 auroc=0.5455459765788498
[bench-lora] task=gue_epi_imr90 step=600 train_loss=0.6905 val_loss=0.6898 auroc=0.5337796942422756
[bench-lora] finished task=gue_epi_imr90 best_step=400 test_auroc=0.5438207369924096 test_f1=0.3459976942138602 test_acc=0.5225
[bench-lora] removed temporary checkpoint data/phase2/full_benchmarks_lora_optimized_s600/lora_rmu_full_sc50_s200/checkpoints/gue_epi_imr90/best.pt
[bench-lora] task 15/44 task=gue_epi_k562 rows=14000
[bench-lora] task=gue_epi_k562 step=200 train_loss=0.7301 val_loss=0.7054 auroc=0.5321595461783359
[bench-lora] task=gue_epi_k562 step=400 train_loss=0.7051 val_loss=0.6963 auroc=0.5179460926639303
[bench-lora] task=gue_epi_k562 step=600 train_loss=0.7861 val_loss=0.7877 auroc=0.49204831263092264
[bench-lora] finished task=gue_epi_k562 best_step=200 test_auroc=0.5137631612737545 test_f1=0.32065217391304346 test_acc=0.472
[bench-lora] removed temporary checkpoint data/phase2/full_benchmarks_lora_optimized_s600/lora_rmu_full_sc50_s200/checkpoints/gue_epi_k562/best.pt
[bench-lora] task 16/44 task=gue_epi_nhek rows=14000
[bench-lora] task=gue_epi_nhek step=200 train_loss=0.5962 val_loss=0.7352 auroc=0.5255465399142181
[bench-lora] task=gue_epi_nhek step=400 train_loss=0.7266 val_loss=0.6945 auroc=0.4736082437103899
[bench-lora] task=gue_epi_nhek step=600 train_loss=0.6923 val_loss=0.6932 auroc=0.5321382273862109
[bench-lora] finished task=gue_epi_nhek best_step=600 test_auroc=0.5027441128537071 test_f1=0.33806517791971824 test_acc=0.4815
[bench-lora] removed temporary checkpoint data/phase2/full_benchmarks_lora_optimized_s600/lora_rmu_full_sc50_s200/checkpoints/gue_epi_nhek/best.pt
[bench-lora] task 17/44 task=gue_human_tf_0 rows=34378
[bench-lora] task=gue_human_tf_0 step=200 train_loss=0.8908 val_loss=0.7092 auroc=0.7754003628194192
[bench-lora] task=gue_human_tf_0 step=400 train_loss=0.8220 val_loss=0.5240 auroc=0.8228512160057025
[bench-lora] task=gue_human_tf_0 step=600 train_loss=0.3020 val_loss=0.5130 auroc=0.8284617017271967
[bench-lora] finished task=gue_human_tf_0 best_step=600 test_auroc=0.8842840000000001 test_f1=0.7788492210295027 test_acc=0.783
[bench-lora] removed temporary checkpoint data/phase2/full_benchmarks_lora_optimized_s600/lora_rmu_full_sc50_s200/checkpoints/gue_human_tf_0/best.pt
[bench-lora] task 18/44 task=gue_human_tf_1 rows=32672
[bench-lora] task=gue_human_tf_1 step=200 train_loss=0.6057 val_loss=0.6419 auroc=0.6833397337429595
[bench-lora] task=gue_human_tf_1 step=400 train_loss=0.7081 val_loss=0.5916 auroc=0.7791738671274961
[bench-lora] task=gue_human_tf_1 step=600 train_loss=0.1588 val_loss=0.5236 auroc=0.8202264944956477
[bench-lora] finished task=gue_human_tf_1 best_step=600 test_auroc=0.8915 test_f1=0.807351931898908 test_acc=0.808
[bench-lora] removed temporary checkpoint data/phase2/full_benchmarks_lora_optimized_s600/lora_rmu_full_sc50_s200/checkpoints/gue_human_tf_1/best.pt
[bench-lora] task 19/44 task=gue_human_tf_2 rows=21000
[bench-lora] task=gue_human_tf_2 step=200 train_loss=0.5225 val_loss=0.6626 auroc=0.7461870238781128
[bench-lora] task=gue_human_tf_2 step=400 train_loss=0.4348 val_loss=0.6080 auroc=0.7815640804045836
[bench-lora] task=gue_human_tf_2 step=600 train_loss=1.0724 val_loss=0.5500 auroc=0.7961198066705076
[bench-lora] finished task=gue_human_tf_2 best_step=600 test_auroc=0.819236 test_f1=0.7449691412660931 test_acc=0.745
[bench-lora] removed temporary checkpoint data/phase2/full_benchmarks_lora_optimized_s600/lora_rmu_full_sc50_s200/checkpoints/gue_human_tf_2/best.pt
[bench-lora] task 20/44 task=gue_human_tf_3 rows=29294
[bench-lora] task=gue_human_tf_3 step=200 train_loss=0.6858 val_loss=0.6883 auroc=0.5978588250372483
[bench-lora] task=gue_human_tf_3 step=400 train_loss=0.8667 val_loss=0.7344 auroc=0.5911821720950352
[bench-lora] task=gue_human_tf_3 step=600 train_loss=0.7830 val_loss=0.7201 auroc=0.4752779602364664
[bench-lora] finished task=gue_human_tf_3 best_step=200 test_auroc=0.6135820000000001 test_f1=0.3560045743190236 test_acc=0.505
[bench-lora] removed temporary checkpoint data/phase2/full_benchmarks_lora_optimized_s600/lora_rmu_full_sc50_s200/checkpoints/gue_human_tf_3/best.pt
[bench-lora] task 21/44 task=gue_human_tf_4 rows=21000
[bench-lora] task=gue_human_tf_4 step=200 train_loss=0.7506 val_loss=0.6545 auroc=0.6805240524052405
[bench-lora] task=gue_human_tf_4 step=400 train_loss=0.7288 val_loss=0.5902 auroc=0.7987718771877187
[bench-lora] task=gue_human_tf_4 step=600 train_loss=0.4177 val_loss=0.5207 auroc=0.8243944394439445
[bench-lora] finished task=gue_human_tf_4 best_step=600 test_auroc=0.9047839999999999 test_f1=0.8267184093555939 test_acc=0.828
[bench-lora] removed temporary checkpoint data/phase2/full_benchmarks_lora_optimized_s600/lora_rmu_full_sc50_s200/checkpoints/gue_human_tf_4/best.pt
[bench-lora] task 22/44 task=gue_mouse_0 rows=8098
[bench-lora] task=gue_mouse_0 step=200 train_loss=0.6642 val_loss=0.7120 auroc=0.578810431599817
[bench-lora] task=gue_mouse_0 step=400 train_loss=0.6852 val_loss=0.6927 auroc=0.6021198718926338
[bench-lora] task=gue_mouse_0 step=600 train_loss=0.6861 val_loss=0.6873 auroc=0.5951319200854049
[bench-lora] finished task=gue_mouse_0 best_step=400 test_auroc=0.5454229538180155 test_f1=0.3333333333333333 test_acc=0.5
[bench-lora] removed temporary checkpoint data/phase2/full_benchmarks_lora_optimized_s600/lora_rmu_full_sc50_s200/checkpoints/gue_mouse_0/best.pt
[bench-lora] task 23/44 task=gue_mouse_1 rows=67442
[bench-lora] task=gue_mouse_1 validation subset rows=2000/6745 labels={'0': 1000, '1': 1000}
[bench-lora] task=gue_mouse_1 step=200 train_loss=0.3959 val_loss=0.5105 auroc=0.8330630000000001
[bench-lora] task=gue_mouse_1 step=400 train_loss=0.4931 val_loss=0.4362 auroc=0.8952959999999999
[bench-lora] task=gue_mouse_1 step=600 train_loss=1.2894 val_loss=0.4752 auroc=0.9034864999999999
[bench-lora] finished task=gue_mouse_1 best_step=600 test_auroc=0.8954268932795815 test_f1=0.8009064433586904 test_acc=0.8019273535952558
[bench-lora] removed temporary checkpoint data/phase2/full_benchmarks_lora_optimized_s600/lora_rmu_full_sc50_s200/checkpoints/gue_mouse_1/best.pt
[bench-lora] task 24/44 task=gue_mouse_2 rows=3276
[bench-lora] task=gue_mouse_2 step=200 train_loss=0.3966 val_loss=0.4169 auroc=0.8807213236661089
[bench-lora] task=gue_mouse_2 step=400 train_loss=0.2070 val_loss=0.4420 auroc=0.8986428704220116
[bench-lora] task=gue_mouse_2 step=600 train_loss=0.2763 val_loss=0.6362 auroc=0.9103179029559398
[bench-lora] finished task=gue_mouse_2 best_step=600 test_auroc=0.9038518738845924 test_f1=0.739424670700968 test_acc=0.7530487804878049
[bench-lora] removed temporary checkpoint data/phase2/full_benchmarks_lora_optimized_s600/lora_rmu_full_sc50_s200/checkpoints/gue_mouse_2/best.pt
[bench-lora] task 25/44 task=gue_mouse_3 rows=2382
[bench-lora] task=gue_mouse_3 step=200 train_loss=0.8375 val_loss=0.6702 auroc=0.5490196078431372
[bench-lora] task=gue_mouse_3 step=400 train_loss=0.7058 val_loss=0.4893 auroc=0.8488795518207283
[bench-lora] task=gue_mouse_3 step=600 train_loss=0.0652 val_loss=0.8746 auroc=0.8777310924369748
[bench-lora] finished task=gue_mouse_3 best_step=600 test_auroc=0.8700280112044818 test_f1=0.7616809116809117 test_acc=0.7656903765690377
[bench-lora] removed temporary checkpoint data/phase2/full_benchmarks_lora_optimized_s600/lora_rmu_full_sc50_s200/checkpoints/gue_mouse_3/best.pt
[bench-lora] task 26/44 task=gue_mouse_4 rows=18830
[bench-lora] task=gue_mouse_4 step=200 train_loss=0.7011 val_loss=0.6999 auroc=0.5360014235840423
[bench-lora] task=gue_mouse_4 step=400 train_loss=0.6263 val_loss=0.7094 auroc=0.5259849280864093
[bench-lora] task=gue_mouse_4 step=600 train_loss=0.5897 val_loss=0.7356 auroc=0.5571727168988465
[bench-lora] finished task=gue_mouse_4 best_step=600 test_auroc=0.5467480500258342 test_f1=0.33321529745042494 test_acc=0.4997344662772172
[bench-lora] removed temporary checkpoint data/phase2/full_benchmarks_lora_optimized_s600/lora_rmu_full_sc50_s200/checkpoints/gue_mouse_4/best.pt
[bench-lora] task 27/44 task=gue_prom_300_all rows=59196
[bench-lora] task=gue_prom_300_all validation subset rows=2000/5920 labels={'0': 1000, '1': 1000}
[bench-lora] task=gue_prom_300_all step=200 train_loss=0.6356 val_loss=0.4202 auroc=0.933408
[bench-lora] task=gue_prom_300_all step=400 train_loss=0.0362 val_loss=0.3213 auroc=0.953122
[bench-lora] task=gue_prom_300_all step=600 train_loss=0.0345 val_loss=0.2916 auroc=0.9584759999999999
[bench-lora] finished task=gue_prom_300_all best_step=600 test_auroc=0.949764244624024 test_f1=0.8880918748620081 test_acc=0.8881756756756757
[bench-lora] removed temporary checkpoint data/phase2/full_benchmarks_lora_optimized_s600/lora_rmu_full_sc50_s200/checkpoints/gue_prom_300_all/best.pt
[bench-lora] task 28/44 task=gue_prom_300_notata rows=53066
[bench-lora] task=gue_prom_300_notata validation subset rows=2000/5307 labels={'0': 1000, '1': 1000}
[bench-lora] task=gue_prom_300_notata step=200 train_loss=0.2042 val_loss=0.2956 auroc=0.9721069999999999
[bench-lora] task=gue_prom_300_notata step=400 train_loss=0.7933 val_loss=0.2046 auroc=0.9814550000000001
[bench-lora] task=gue_prom_300_notata step=600 train_loss=0.0964 val_loss=0.2113 auroc=0.9828370000000001
[bench-lora] finished task=gue_prom_300_notata best_step=600 test_auroc=0.9810742516245873 test_f1=0.9385710674209167 test_acc=0.9385716977576786
[bench-lora] removed temporary checkpoint data/phase2/full_benchmarks_lora_optimized_s600/lora_rmu_full_sc50_s200/checkpoints/gue_prom_300_notata/best.pt
[bench-lora] task 29/44 task=gue_prom_300_tata rows=6130
[bench-lora] task=gue_prom_300_tata step=200 train_loss=0.2895 val_loss=0.7710 auroc=0.7896017935304793
[bench-lora] task=gue_prom_300_tata step=400 train_loss=0.6015 val_loss=0.6462 auroc=0.8368954841464717
[bench-lora] task=gue_prom_300_tata step=600 train_loss=0.4236 val_loss=0.5054 auroc=0.8438133874239351
[bench-lora] finished task=gue_prom_300_tata best_step=600 test_auroc=0.8563119207414509 test_f1=0.7676790861535177 test_acc=0.768352365415987
[bench-lora] removed temporary checkpoint data/phase2/full_benchmarks_lora_optimized_s600/lora_rmu_full_sc50_s200/checkpoints/gue_prom_300_tata/best.pt
[bench-lora] task 30/44 task=gue_prom_core_all rows=59196
[bench-lora] task=gue_prom_core_all validation subset rows=2000/5920 labels={'0': 1000, '1': 1000}
[bench-lora] task=gue_prom_core_all step=200 train_loss=0.5974 val_loss=0.5579 auroc=0.7876559999999999
[bench-lora] task=gue_prom_core_all step=400 train_loss=1.2274 val_loss=0.5986 auroc=0.8376030000000001
[bench-lora] task=gue_prom_core_all step=600 train_loss=0.1790 val_loss=0.4809 auroc=0.86773
[bench-lora] finished task=gue_prom_core_all best_step=600 test_auroc=0.8719745601684453 test_f1=0.776181834562467 test_acc=0.7777027027027027
[bench-lora] removed temporary checkpoint data/phase2/full_benchmarks_lora_optimized_s600/lora_rmu_full_sc50_s200/checkpoints/gue_prom_core_all/best.pt
[bench-lora] task 31/44 task=gue_prom_core_notata rows=53066
[bench-lora] task=gue_prom_core_notata validation subset rows=2000/5307 labels={'0': 1000, '1': 1000}
[bench-lora] task=gue_prom_core_notata step=200 train_loss=0.5752 val_loss=0.4727 auroc=0.854451
[bench-lora] task=gue_prom_core_notata step=400 train_loss=0.5940 val_loss=0.4339 auroc=0.8863240000000001
[bench-lora] task=gue_prom_core_notata step=600 train_loss=0.3480 val_loss=0.3990 auroc=0.901337
[bench-lora] finished task=gue_prom_core_notata best_step=600 test_auroc=0.8887817155212474 test_f1=0.806995427017674 test_acc=0.8070472960241191
[bench-lora] removed temporary checkpoint data/phase2/full_benchmarks_lora_optimized_s600/lora_rmu_full_sc50_s200/checkpoints/gue_prom_core_notata/best.pt
[bench-lora] task 32/44 task=gue_prom_core_tata rows=6130
[bench-lora] task=gue_prom_core_tata step=200 train_loss=0.5135 val_loss=0.5360 auroc=0.810585254731643
[bench-lora] task=gue_prom_core_tata step=400 train_loss=0.4989 val_loss=0.4481 auroc=0.9110089203976921
[bench-lora] task=gue_prom_core_tata step=600 train_loss=0.0902 val_loss=0.3663 auroc=0.9342785974324583
[bench-lora] finished task=gue_prom_core_tata best_step=600 test_auroc=0.9266575114971896 test_f1=0.8319410398658238 test_acc=0.833605220228385
[bench-lora] removed temporary checkpoint data/phase2/full_benchmarks_lora_optimized_s600/lora_rmu_full_sc50_s200/checkpoints/gue_prom_core_tata/best.pt
[bench-lora] task 33/44 task=gue_splice_reconstructed rows=45620
[bench-lora] task=gue_splice_reconstructed validation subset rows=2000/4562 labels={'0': 667, '1': 667, '2': 666}
[bench-lora] task=gue_splice_reconstructed step=200 train_loss=0.7214 val_loss=1.3603 auroc=0.5306900464147422
[bench-lora] task=gue_splice_reconstructed step=400 train_loss=1.0433 val_loss=1.1484 auroc=0.6004947309399172
[bench-lora] task=gue_splice_reconstructed step=600 train_loss=1.0521 val_loss=1.0820 auroc=0.7054439270861067
[bench-lora] finished task=gue_splice_reconstructed best_step=600 test_auroc=0.7277240637325383 test_f1=0.3996685767360492 test_acc=0.5960105217010083
[bench-lora] removed temporary checkpoint data/phase2/full_benchmarks_lora_optimized_s600/lora_rmu_full_sc50_s200/checkpoints/gue_splice_reconstructed/best.pt
[bench-lora] task 34/44 task=hvue_human_host_tropism rows=69302
[bench-lora] task=hvue_human_host_tropism validation subset rows=2000/11256 labels={'0': 1000, '1': 1000}
[bench-lora] task=hvue_human_host_tropism step=200 train_loss=0.6261 val_loss=0.5124 auroc=0.836322
[bench-lora] task=hvue_human_host_tropism step=400 train_loss=0.4296 val_loss=0.5567 auroc=0.840085
[bench-lora] task=hvue_human_host_tropism step=600 train_loss=0.4838 val_loss=0.4432 auroc=0.8877439999999999
[bench-lora] finished task=hvue_human_host_tropism best_step=600 test_auroc=0.8803330376506939 test_f1=0.780685595882872 test_acc=0.7850165868042757
[bench-lora] removed temporary checkpoint data/phase2/full_benchmarks_lora_optimized_s600/lora_rmu_full_sc50_s200/checkpoints/hvue_human_host_tropism/best.pt
[bench-lora] task 35/44 task=hvue_human_transmissibility_coronaviridae rows=179142
[bench-lora] task=hvue_human_transmissibility_coronaviridae validation subset rows=2000/26871 labels={'0': 1000, '1': 1000}
[bench-lora] task=hvue_human_transmissibility_coronaviridae step=200 train_loss=0.2512 val_loss=0.7402 auroc=0.701241
[bench-lora] task=hvue_human_transmissibility_coronaviridae step=400 train_loss=0.3710 val_loss=0.7481 auroc=0.715228
[bench-lora] task=hvue_human_transmissibility_coronaviridae step=600 train_loss=0.9385 val_loss=0.7241 auroc=0.7284630000000001
[bench-lora] finished task=hvue_human_transmissibility_coronaviridae best_step=600 test_auroc=0.7195902202184016 test_f1=0.6597249872849884 test_acc=0.7718442988984817
[bench-lora] removed temporary checkpoint data/phase2/full_benchmarks_lora_optimized_s600/lora_rmu_full_sc50_s200/checkpoints/hvue_human_transmissibility_coronaviridae/best.pt
[bench-lora] task 36/44 task=hvue_human_transmissibility_orthomyxoviridae rows=421298
[bench-lora] task=hvue_human_transmissibility_orthomyxoviridae validation subset rows=2000/62957 labels={'0': 1000, '1': 1000}
[bench-lora] task=hvue_human_transmissibility_orthomyxoviridae step=200 train_loss=0.4922 val_loss=0.6303 auroc=0.885745
[bench-lora] task=hvue_human_transmissibility_orthomyxoviridae step=400 train_loss=0.9070 val_loss=0.5133 auroc=0.945341
[bench-lora] task=hvue_human_transmissibility_orthomyxoviridae step=600 train_loss=0.3821 val_loss=0.3361 auroc=0.965091
[bench-lora] finished task=hvue_human_transmissibility_orthomyxoviridae best_step=600 test_auroc=0.9518879206076859 test_f1=0.8384251050466472 test_acc=0.8812218801799668
[bench-lora] removed temporary checkpoint data/phase2/full_benchmarks_lora_optimized_s600/lora_rmu_full_sc50_s200/checkpoints/hvue_human_transmissibility_orthomyxoviridae/best.pt
[bench-lora] task 37/44 task=hvue_human_virus_pathogenicity_bvbrc_cov rows=131645
[bench-lora] task=hvue_human_virus_pathogenicity_bvbrc_cov validation subset rows=2000/19747 labels={'0': 1000, '1': 1000}
[bench-lora] task=hvue_human_virus_pathogenicity_bvbrc_cov step=200 train_loss=0.7075 val_loss=0.7085 auroc=0.5803295
[bench-lora] task=hvue_human_virus_pathogenicity_bvbrc_cov step=400 train_loss=0.7117 val_loss=0.6910 auroc=0.569027
[bench-lora] task=hvue_human_virus_pathogenicity_bvbrc_cov step=600 train_loss=0.7567 val_loss=0.7070 auroc=0.550551
[bench-lora] finished task=hvue_human_virus_pathogenicity_bvbrc_cov best_step=200 test_auroc=0.558142731567683 test_f1=0.34903576726553487 test_acc=0.5361827112979187
[bench-lora] removed temporary checkpoint data/phase2/full_benchmarks_lora_optimized_s600/lora_rmu_full_sc50_s200/checkpoints/hvue_human_virus_pathogenicity_bvbrc_cov/best.pt
[bench-lora] task 38/44 task=hvue_human_virus_pathogenicity_cini rows=3628
[bench-lora] task=hvue_human_virus_pathogenicity_cini step=200 train_loss=0.4971 val_loss=0.5503 auroc=0.7687707547700793
[bench-lora] task=hvue_human_virus_pathogenicity_cini step=400 train_loss=0.5223 val_loss=0.5527 auroc=0.7822648730793044
[bench-lora] task=hvue_human_virus_pathogenicity_cini step=600 train_loss=0.8619 val_loss=0.5210 auroc=0.7836016209827208
[bench-lora] finished task=hvue_human_virus_pathogenicity_cini best_step=600 test_auroc=0.7501323009219285 test_f1=0.6938447957627799 test_acc=0.7302752293577982
[bench-lora] removed temporary checkpoint data/phase2/full_benchmarks_lora_optimized_s600/lora_rmu_full_sc50_s200/checkpoints/hvue_human_virus_pathogenicity_cini/best.pt
[bench-lora] task 39/44 task=virobench_all_taxon_genus rows=8000
[bench-lora] task=virobench_all_taxon_genus step=200 train_loss=1.0524 val_loss=2.7842 f1=0.010043966772134053
[bench-lora] task=virobench_all_taxon_genus step=400 train_loss=3.1294 val_loss=2.4674 f1=0.019265944681646663
[bench-lora] task=virobench_all_taxon_genus step=600 train_loss=1.4569 val_loss=2.3013 f1=0.02941804284717679
[bench-lora] finished task=virobench_all_taxon_genus best_step=600 test_auroc=None test_f1=0.027894595580651178 test_acc=0.53625
[bench-lora] removed temporary checkpoint data/phase2/full_benchmarks_lora_optimized_s600/lora_rmu_full_sc50_s200/checkpoints/virobench_all_taxon_genus/best.pt
[bench-lora] task 40/44 task=virobench_all_taxon_times rows=8000
[bench-lora] task=virobench_all_taxon_times step=200 train_loss=3.1967 val_loss=2.8024 f1=0.021878335804179295
[bench-lora] task=virobench_all_taxon_times step=400 train_loss=1.7991 val_loss=2.5218 f1=0.03668406832597579
[bench-lora] task=virobench_all_taxon_times step=600 train_loss=2.2466 val_loss=2.2919 f1=0.06868770753699524
[bench-lora] finished task=virobench_all_taxon_times best_step=600 test_auroc=None test_f1=0.016188980540728586 test_acc=0.4875
[bench-lora] removed temporary checkpoint data/phase2/full_benchmarks_lora_optimized_s600/lora_rmu_full_sc50_s200/checkpoints/virobench_all_taxon_times/best.pt
[bench-lora] task 41/44 task=virobench_dna_taxon_genus rows=1759
[bench-lora] task=virobench_dna_taxon_genus step=200 train_loss=4.8030 val_loss=3.4218 f1=0.021513295875116075
[bench-lora] task=virobench_dna_taxon_genus step=400 train_loss=1.9293 val_loss=2.9800 f1=0.047955325207278625
[bench-lora] finished task=virobench_dna_taxon_genus best_step=400 test_auroc=None test_f1=0.060736292630815945 test_acc=0.3522727272727273
[bench-lora] removed temporary checkpoint data/phase2/full_benchmarks_lora_optimized_s600/lora_rmu_full_sc50_s200/checkpoints/virobench_dna_taxon_genus/best.pt
[bench-lora] task 42/44 task=virobench_dna_taxon_times rows=1759
[bench-lora] task=virobench_dna_taxon_times step=200 train_loss=2.7029 val_loss=2.9925 f1=0.08873751520810344
[bench-lora] task=virobench_dna_taxon_times step=400 train_loss=2.4508 val_loss=2.6735 f1=0.2013059437096333
[bench-lora] finished task=virobench_dna_taxon_times best_step=400 test_auroc=None test_f1=0.07671538671538672 test_acc=0.2823529411764706
[bench-lora] removed temporary checkpoint data/phase2/full_benchmarks_lora_optimized_s600/lora_rmu_full_sc50_s200/checkpoints/virobench_dna_taxon_times/best.pt
[bench-lora] task 43/44 task=virobench_rna_taxon_genus rows=5983
[bench-lora] task=virobench_rna_taxon_genus step=200 train_loss=1.9257 val_loss=1.8011 f1=0.016002825579146104
[bench-lora] task=virobench_rna_taxon_genus step=400 train_loss=2.3604 val_loss=1.6523 f1=0.019915026683520246
[bench-lora] task=virobench_rna_taxon_genus step=600 train_loss=2.8054 val_loss=1.7173 f1=0.025273108068412282
[bench-lora] finished task=virobench_rna_taxon_genus best_step=600 test_auroc=None test_f1=0.026312897267703476 test_acc=0.6293823038397329
[bench-lora] removed temporary checkpoint data/phase2/full_benchmarks_lora_optimized_s600/lora_rmu_full_sc50_s200/checkpoints/virobench_rna_taxon_genus/best.pt
[bench-lora] task 44/44 task=virobench_rna_taxon_times rows=5983
[bench-lora] task=virobench_rna_taxon_times step=200 train_loss=1.2128 val_loss=1.9706 f1=0.029905913978494625
[bench-lora] task=virobench_rna_taxon_times step=400 train_loss=0.9465 val_loss=1.7692 f1=0.04459404236627548
[bench-lora] task=virobench_rna_taxon_times step=600 train_loss=1.9685 val_loss=1.6719 f1=0.04084902825085153
[bench-lora] finished task=virobench_rna_taxon_times best_step=400 test_auroc=None test_f1=0.023395179733537157 test_acc=0.6126418152350082
[bench-lora] removed temporary checkpoint data/phase2/full_benchmarks_lora_optimized_s600/lora_rmu_full_sc50_s200/checkpoints/virobench_rna_taxon_times/best.pt
[bench-lora] wrote benchmark results to data/phase2/full_benchmarks_lora_optimized_s600/lora_rmu_full_sc50_s200/eval_benchmarks.csv
[bench-lora] wrote benchmark summary to data/phase2/full_benchmarks_lora_optimized_s600/lora_rmu_full_sc50_s200/eval_benchmarks_summary.json
[pilot] /home/teacher1/miniconda3/envs/UT-p1/bin/python phase2/rank_benchmark_pilot.py --base-dir data/phase2/full_benchmarks_lora_optimized_s600/base --run-dirs data/phase2/full_benchmarks_lora_optimized_s600/lora_gd_full_ar5_s500 data/phase2/full_benchmarks_lora_optimized_s600/lora_gd_full_ar3_s200 data/phase2/full_benchmarks_lora_optimized_s600/lora_rmu_full_sc200_s200 data/phase2/full_benchmarks_lora_optimized_s600/lora_rmu_full_sc50_s200 --out-csv data/phase2/full_benchmarks_lora_optimized_s600/full_rankings.csv --out-json data/phase2/full_benchmarks_lora_optimized_s600/full_rankings.json --top-k 4 --n-bootstrap 2000 --seed 42 --print-table
run                             primary  secondary  gue_delta  viral_delta      score   p_n   s_n   g_n   v_n
--------------------------------------------------------------------------------------------------------------
lora_gd_full_ar3_s200          0.249169   0.163992   -0.14426   -0.0266113  0.0357089     2     3    33     6
lora_rmu_full_sc50_s200      -0.0017661  0.0107316 0.00121511  -0.00657891 -0.00209615     2     3    33     6
lora_rmu_full_sc200_s200      0.0044883  0.0575309 -0.0441791  -0.00575199 -0.0189215     2     3    33     6
lora_gd_full_ar5_s500         0.0977916  0.0747451  -0.104681   -0.0217885 -0.0402017     2     3    33     6
[rank] wrote data/phase2/full_benchmarks_lora_optimized_s600/full_rankings.csv
[rank] wrote data/phase2/full_benchmarks_lora_optimized_s600/full_rankings.json
