replicate,saprot_macro_f1,blast_macro_f1,delta_saprot_minus_blast,sampled_groups,sampled_rows
1,0.48036269972708395,0.5060260926477672,-0.02566339292068326,181,317
2,0.48389024670858277,0.466491653991654,0.017398592716928785,181,309
3,0.46957189188873166,0.46097661396574446,0.008595277922987199,181,334
4,0.5060266337219648,0.5136429923316471,-0.00761635860968235,181,298
5,0.42193294485633237,0.411603068683413,0.010329876172919361,181,315
6,0.3672870739161826,0.4879791000989946,-0.120692026182812,181,324
7,0.46112566931218124,0.49813864939915364,-0.0370129800869724,181,322
8,0.40986348162825453,0.5080508558654983,-0.09818737423724372,181,307
9,0.47061270759123647,0.4699887825938552,0.0006239249973812866,181,310
10,0.4709548701802807,0.5262781861122093,-0.05532331593192863,181,304
11,0.4932443379955025,0.4995783422944308,-0.006334004298928331,181,303
12,0.44758828511992066,0.45779946533293864,-0.010211180213017979,181,364
13,0.4164413871337348,0.4549645475638351,-0.03852316043010029,181,326
14,0.4760377672262891,0.5244454657941028,-0.048407698567813684,181,310
15,0.48463662285414577,0.4880658792560535,-0.003429256401907721,181,308
16,0.5086232755555908,0.4166464825041255,0.09197679305146533,181,305
17,0.4574556444030492,0.5134500739180795,-0.05599442951503031,181,291
18,0.432463032442875,0.46742625896744167,-0.03496322652456668,181,310
19,0.44190438614510047,0.492069970478224,-0.050165584333123514,181,327
20,0.4478032138750687,0.4495056114946832,-0.001702397619614493,181,323
21,0.5078984507555937,0.5002803356064226,0.007618115149171101,181,306
22,0.5170368008314437,0.4748749610524277,0.04216183977901594,181,309
23,0.5140353765959472,0.5324827002112766,-0.018447323615329414,181,259
24,0.4772227362225089,0.42370664098471494,0.05351609523779394,181,350
25,0.4896799687385398,0.449587470635825,0.04009249810271481,181,304
26,0.47570368359887316,0.4720929141981774,0.003610769400695768,181,326
27,0.523381237130576,0.5007235764165153,0.022657660714060723,181,276
28,0.4270358506001359,0.48048652321408,-0.053450672613944095,181,322
29,0.4788447670943725,0.4918196042216745,-0.012974837127301964,181,300
30,0.4140325212090503,0.5280674485998265,-0.11403492739077614,181,290
31,0.44143474258824744,0.4781540066780652,-0.03671926408981774,181,294
32,0.4936463114646834,0.45323189984122964,0.04041441162345377,181,334
33,0.456779663877845,0.42593363126516276,0.03084603261268226,181,351
34,0.4328168040556609,0.5299880313126739,-0.097171227257013,181,302
35,0.4402390025303199,0.4439624327181931,-0.003723430187873189,181,334
36,0.44831324680959345,0.42981880857383564,0.018494438235757804,181,315
37,0.4793977707198648,0.4776393185997633,0.0017584521201015058,181,315
38,0.4685685922771934,0.48631742144709544,-0.01774882916990206,181,311
39,0.4614161287960328,0.424697884739306,0.0367182440567268,181,340
40,0.43114461565158185,0.49710961557296224,-0.06596499992138039,181,291
41,0.4857867727222815,0.49159846744234237,-0.005811694720060878,181,299
42,0.5047933673775188,0.4891599184981154,0.015633448879403378,181,325
43,0.4464298018090277,0.4169971321580329,0.02943266965099478,181,343
44,0.4395655272615713,0.4581742346061231,-0.018608707344551834,181,324
45,0.49774748395529655,0.49330323691184563,0.004444247043450922,181,290
46,0.42729332677461895,0.43418546664466345,-0.0068921398700445,181,340
47,0.4138303459732032,0.438658127383145,-0.02482778140994185,181,345
48,0.36359488774562865,0.4396355554411104,-0.07604066769548173,181,309
49,0.5005759640148477,0.4316813589427371,0.06889460507211059,181,321
50,0.4009482759001836,0.4553642426876827,-0.054415966787499104,181,345
51,0.45221298498609425,0.42150088864374574,0.030712096342348505,181,348
52,0.5030560196389359,0.48849222406805576,0.014563795570880111,181,296
53,0.38710345626938886,0.4426687748733325,-0.05556531860394365,181,344
54,0.4073445116927451,0.5116299556797786,-0.10428544398703354,181,318
55,0.5061615186615186,0.46749597221361655,0.038665546447902044,181,316
56,0.44234418540638426,0.4105512594401483,0.03179292596623595,181,355
57,0.45644873333948965,0.5560278848381458,-0.09957915149865615,181,278
58,0.4625151395419997,0.5273350848430536,-0.0648199453010539,181,295
59,0.4363281262748601,0.5604281206438774,-0.12409999436901725,181,281
60,0.4827468433815451,0.5163823289510022,-0.03363548556945711,181,307
61,0.4658573864032844,0.4589594055692842,0.0068979808340001725,181,330
62,0.47709870598950727,0.41406975085862024,0.06302895513088702,181,342
63,0.42942340375163857,0.44722733140738763,-0.017803927655749063,181,337
64,0.4223849861722401,0.46112125557727895,-0.03873626940503888,181,313
65,0.42893380892230126,0.46947008026270726,-0.040536271340405994,181,309
66,0.44163013312726235,0.46619605806208675,-0.0245659249348244,181,334
67,0.5370733897544073,0.4682356828360182,0.06883770691838914,181,290
68,0.38202775306884895,0.4996557953079693,-0.11762804223912032,181,333
69,0.4098757319960548,0.49899152282078096,-0.08911579082472615,181,330
70,0.4703049369656106,0.45112219425120015,0.01918274271441045,181,301
71,0.41139755216280127,0.476934447198405,-0.06553689503560373,181,329
72,0.4399457980938185,0.4218930961675761,0.01805270192624242,181,318
73,0.47432673585548557,0.4452468787251395,0.029079857130346054,181,312
74,0.47285046028135,0.43809259845845216,0.03475786182289786,181,347
75,0.3678357458381405,0.46771149367498255,-0.09987574783684205,181,295
76,0.42904097602796476,0.534134840201676,-0.10509386417371125,181,289
77,0.4605844483643229,0.47264599503036064,-0.012061546666037759,181,315
78,0.4795635278949481,0.46602685938806915,0.013536668506878957,181,314
79,0.415152422958209,0.5284586425776575,-0.11330621961944853,181,310
80,0.4276160806106983,0.4357789225738128,-0.008162841963114509,181,335
81,0.45680489929962137,0.44446478515523014,0.012340114144391234,181,322
82,0.43051296511190235,0.4135784568245809,0.01693450828732146,181,334
83,0.42260535735319926,0.46362914998116433,-0.04102379262796507,181,326
84,0.4344184085763653,0.4429486527260149,-0.00853024414964959,181,328
85,0.528152063119188,0.5410078192167527,-0.012855756097564619,181,284
86,0.40549655595903505,0.41910103701190116,-0.013604481052866102,181,352
87,0.4898869810096324,0.4482514780920609,0.04163550291757151,181,298
88,0.4318849049501223,0.5187978837090493,-0.08691297875892706,181,295
89,0.39433558013202746,0.39023039445919094,0.00410518567283652,181,317
90,0.4239930465325112,0.5038950507290899,-0.07990200419657872,181,294
91,0.46913805727798114,0.38977962988181714,0.079358427396164,181,329
92,0.47732045377239285,0.5091648741054547,-0.031844420333061896,181,323
93,0.4608405114028779,0.4458501811477743,0.014990330255103601,181,325
94,0.449494702337947,0.43102984901865754,0.018464853319289487,181,323
95,0.4107493318793135,0.4040754583197647,0.006673873559548793,181,334
96,0.5033761090929054,0.5317940186862584,-0.028417909593352997,181,290
97,0.48886056465809613,0.4958642435617948,-0.007003678903698685,181,304
98,0.45956313815561245,0.5116969962557852,-0.05213385810017279,181,295
99,0.43664568354799715,0.4517497743898768,-0.015104090841879636,181,313
100,0.437343655804305,0.45006326385636736,-0.012719608052062348,181,306
101,0.45673658314471155,0.5887059939183047,-0.13196941077359314,181,273
102,0.4784257520720175,0.4409610622713615,0.03746468980065598,181,318
103,0.4992270727723193,0.4964028532041308,0.002824219568188513,181,291
104,0.452087112323222,0.43633010611397294,0.01575700620924908,181,358
105,0.48277257353682373,0.4822773154720192,0.000495258064804549,181,311
106,0.4506918435484578,0.5267152885821599,-0.07602344503370206,181,312
107,0.4135767234539655,0.46848225456190384,-0.05490553110793833,181,320
108,0.45987821180261473,0.43987695759378714,0.02000125420882759,181,324
109,0.41195065734034647,0.42332606773431936,-0.011375410393972885,181,346
110,0.42415420113439917,0.47851768861999044,-0.05436348748559128,181,305
111,0.5182602503710064,0.4494211369787407,0.06883911339226573,181,319
112,0.4630915802907954,0.40719642067833517,0.05589515961246022,181,352
113,0.4156709305440698,0.45546385506261683,-0.039792924518547046,181,347
114,0.48533646681765424,0.47159293766320476,0.013743529154449485,181,326
115,0.42217729585208896,0.5135289403624432,-0.09135164451035427,181,335
116,0.4499760680028841,0.5418296727919245,-0.09185360478904042,181,309
117,0.4001211901089138,0.4099608223626309,-0.00983963225371709,181,350
118,0.49246592533583594,0.4532024863031703,0.03926343903266566,181,333
119,0.49597892282685246,0.4764528441237928,0.01952607870305967,181,325
120,0.4810099505640766,0.44868996570969166,0.03231998485438492,181,298
121,0.48618360318582615,0.4643805210034949,0.021803082182331235,181,311
122,0.5051921363277682,0.4284654612205632,0.07672667510720493,181,304
123,0.3955156471065383,0.48031783788872584,-0.08480219078218754,181,309
124,0.44115694116372783,0.48875496683334113,-0.0475980256696133,181,302
125,0.4202367023835342,0.4591534652638868,-0.03891676288035256,181,339
126,0.5255292563754228,0.4483250421939994,0.07720421418142343,181,324
127,0.44131328303990175,0.48349192954713605,-0.042178646507234296,181,315
128,0.4534081282037062,0.41972148807591847,0.033686640127787715,181,325
129,0.4027820820109687,0.5142614469800406,-0.1114793649690719,181,317
130,0.5051265568082426,0.45914473940516887,0.04598181740307372,181,341
131,0.5199920778229441,0.42204945638732944,0.09794262143561466,181,303
132,0.4559786990133243,0.48558890030976487,-0.029610201296440597,181,338
133,0.3908690864916788,0.42668791813592405,-0.035818831644245264,181,343
134,0.41090436424726245,0.46310424205161055,-0.052199877804348094,181,290
135,0.4580869339766207,0.5267648830084389,-0.06867794903181823,181,310
136,0.3986603020629536,0.47765820531777986,-0.07899790325482625,181,306
137,0.4220950575770616,0.4685893838671617,-0.046494326290100085,181,324
138,0.4347291259446763,0.46649763198119926,-0.03176850603652298,181,319
139,0.46908054872426563,0.5209499047283288,-0.05186935600406317,181,296
140,0.49379190617580715,0.4726412474482607,0.021150658727546456,181,351
141,0.48554090519482795,0.46266274163571236,0.022878163559115594,181,310
142,0.41759179958404946,0.48162418541186,-0.06403238582781051,181,324
143,0.4983791923018678,0.5132023670865014,-0.014823174784633575,181,306
144,0.5093030249783592,0.5006011402064533,0.008701884771905921,181,312
145,0.40908982250312,0.4527837863851088,-0.04369396388198882,181,319
146,0.49021507319059127,0.5061322043492414,-0.015917131158650177,181,295
147,0.46787167461474066,0.4343676967097658,0.033503977904974835,181,312
148,0.4996503686437789,0.47792048196040593,0.021729886683372945,181,305
149,0.4157168331732791,0.37072772486656586,0.044989108306713266,181,375
150,0.4513408773123631,0.4889385784637102,-0.037597701151347085,181,337
151,0.3945147218698085,0.546221966813652,-0.15170724494384347,181,280
152,0.42427025200134444,0.41674557598851925,0.007524676012825193,181,322
153,0.4898022358613492,0.5021550414862909,-0.012352805624941676,181,308
154,0.4264610658132148,0.4699547578594279,-0.04349369204621312,181,343
155,0.4384353741496599,0.4689535628136586,-0.03051818866399869,181,300
156,0.42493876075016856,0.4623306092190969,-0.037391848468928346,181,311
157,0.5091599031950323,0.5321532283923799,-0.022993325197347536,181,301
158,0.4854157562475108,0.49359655925309787,-0.008180803005587045,181,333
159,0.4688567304670474,0.4780328101756673,-0.009176079708619889,181,307
160,0.42941436767963737,0.4559534722440483,-0.026539104564410942,181,323
161,0.4415718623048343,0.4508731054708937,-0.009301243166059403,181,334
162,0.391173317263702,0.45198752146144916,-0.060814204197747135,181,314
163,0.4307484786589525,0.5182527747941281,-0.08750429613517563,181,289
164,0.41600522952701213,0.4247217229740254,-0.008716493447013252,181,339
165,0.42249427276097873,0.4944231132740972,-0.07192884051311849,181,341
166,0.45476778182976646,0.4535676554784644,0.0012001263513020666,181,347
167,0.5002458625095919,0.45046804807488766,0.04977781443470425,181,308
168,0.4304394461207664,0.46895339661297114,-0.03851395049220474,181,287
169,0.4475317642971644,0.4489275317503082,-0.0013957674531437925,181,341
170,0.431532418218071,0.5195294982818444,-0.08799708006377338,181,284
171,0.3998685315820865,0.3781995442467583,0.021668987335328238,181,359
172,0.4644231439719911,0.4774820301675395,-0.013058886195548403,181,325
173,0.478327589877244,0.47168789141200745,0.006639698465236543,181,325
174,0.459848727016611,0.4107261246873179,0.04912260232929311,181,352
175,0.4938764691627287,0.4608624206648228,0.0330140484979059,181,310
176,0.47651435705622347,0.4428025189857251,0.03371183807049838,181,309
177,0.4011032664029509,0.46055748523172324,-0.05945421882877233,181,324
178,0.42826264531577085,0.48083895951543015,-0.0525763141996593,181,306
179,0.4301163215581007,0.4787457479590197,-0.048629426400918996,181,330
180,0.39401739797277324,0.45068951655415157,-0.05667211858137833,181,324
181,0.4103318541628235,0.4641108647561555,-0.05377901059333201,181,321
182,0.4836038087551405,0.4451416111773748,0.0384621975777657,181,327
183,0.4323644068625752,0.43886965233756875,-0.006505245474993537,181,351
184,0.49765400216566436,0.4779563186342847,0.01969768353137963,181,301
185,0.4066595776089158,0.480460299804015,-0.0738007221950992,181,347
186,0.4145077559093732,0.5028899379228463,-0.08838218201347309,181,327
187,0.46886480450332696,0.45693919036539965,0.01192561413792731,181,337
188,0.46533812026059074,0.4443153673256308,0.02102275293495992,181,311
189,0.48238697587433826,0.46922519967687615,0.013161776197462116,181,313
190,0.4875277934293658,0.4530485078643463,0.0344792855650195,181,308
191,0.4945896739003161,0.4879229688862282,0.0066667050140878925,181,296
192,0.46283238941070576,0.45118784909447923,0.011644540316226526,181,317
193,0.5021305877342951,0.5358503955518362,-0.033719807817541136,181,297
194,0.4726059070185844,0.4490916273748263,0.02351427964375813,181,318
195,0.44193630150474783,0.40190717287907957,0.040029128625668264,181,349
196,0.5022644232454986,0.4826707153550979,0.019593707890400658,181,292
197,0.4291265487386177,0.5239483259193809,-0.09482177718076318,181,290
198,0.4800365376895493,0.46684197585360376,0.013194561835945529,181,331
199,0.4514570901405235,0.4529132753134802,-0.0014561851729567032,181,356
200,0.5002451215317534,0.4635110373892492,0.036734084142504175,181,296
201,0.4700023731292892,0.47653522946882,-0.006532856339530768,181,321
202,0.5005354432935285,0.5043862487586614,-0.003850805465132945,181,313
203,0.49179105962899516,0.45644087784424553,0.035350181784749635,181,328
204,0.405886963884596,0.40153851173855604,0.0043484521460399606,181,344
205,0.43513034377861487,0.4527681442765073,-0.01763780049789243,181,341
206,0.45111336893476184,0.4455276087446473,0.00558576019011453,181,368
207,0.48183134913124837,0.4913113285763619,-0.009479979445113529,181,314
208,0.3698509694961499,0.5286435769085623,-0.15879260741241247,181,310
209,0.5073626862747999,0.4756841815572322,0.03167850471756767,181,293
210,0.43138525718926296,0.4886602292417191,-0.05727497205245613,181,334
211,0.4935488351044112,0.5297534420466751,-0.03620460694226385,181,300
212,0.45045805199855027,0.45864839423707465,-0.008190342238524384,181,313
213,0.4952712117979697,0.4965278846101392,-0.0012566728121695125,181,282
214,0.4127959094727371,0.44171877873370413,-0.028922869260967043,181,311
215,0.46111157013412646,0.5360472683114416,-0.0749356981773151,181,271
216,0.46448502853459667,0.5026456491336794,-0.038160620599082706,181,288
217,0.43649665571696417,0.4961781261641941,-0.059681470447229934,181,318
218,0.45103085057490194,0.4621895667047063,-0.011158716129804347,181,310
219,0.4692225337756278,0.4434342096675587,0.025788324108069083,181,355
220,0.43579386832702843,0.498702549905393,-0.06290868157836454,181,310
221,0.4572490181843488,0.4670771722047528,-0.00982815402040399,181,303
222,0.42478663397194044,0.4990645503693549,-0.07427791639741443,181,333
223,0.43700454762893465,0.4942617930863053,-0.057257245457370654,181,341
224,0.459554814386932,0.4489685685280307,0.010586245858901333,181,324
225,0.48526439675240496,0.4452039017892676,0.04006049496313735,181,337
226,0.45233351502500724,0.5039917880698631,-0.051658273044855874,181,310
227,0.4373134482268952,0.4329269589500269,0.0043864892768682995,181,316
228,0.38905504019789733,0.4626448157073514,-0.07358977550945406,181,297
229,0.45702324070283407,0.4849256041116506,-0.027902363408816522,181,340
230,0.44438292960460446,0.44875557374690533,-0.004372644142300874,181,293
231,0.46313237228119314,0.49848007488672447,-0.03534770260553133,181,304
232,0.40528418517584885,0.4359283732317261,-0.030644188055877264,181,319
233,0.45220563103051586,0.4662739881754415,-0.014068357144925658,181,311
234,0.4298052222394882,0.49488925802879286,-0.06508403578930466,181,289
235,0.45090538847117795,0.4778794360878842,-0.026974047616706243,181,312
236,0.357299600571593,0.4349095872680778,-0.07760998669648483,181,337
237,0.4840857040724984,0.40440289868861296,0.07968280538388545,181,357
238,0.41712033852396463,0.4181072375899962,-0.0009868990660315546,181,343
239,0.4611073868418489,0.431968791655276,0.029138595186572858,181,349
240,0.39119850914517157,0.5196102117072988,-0.12841170256212725,181,301
241,0.4311745035109381,0.4814814994441475,-0.050306995933209364,181,305
242,0.4944920410110284,0.5109613236565644,-0.016469282645536043,181,293
243,0.4452102123341651,0.4201959744627044,0.025014237871460676,181,347
244,0.43187734730287924,0.45532096949559453,-0.023443622192715285,181,325
245,0.4307803720121878,0.4988092037444627,-0.06802883173227492,181,347
246,0.45226600017794577,0.4771647812282606,-0.024898781050314844,181,309
247,0.4156568121754196,0.47987576365987417,-0.06421895148445456,181,342
248,0.43261091539203134,0.43095859570877165,0.0016523196832596843,181,334
249,0.42840375433394806,0.49560314524219506,-0.067199390908247,181,317
250,0.39736312301003324,0.46585001988859975,-0.06848689687856652,181,338
251,0.36426779532257,0.4441039363127496,-0.0798361409901796,181,333
252,0.4577354279617064,0.46645042122409297,-0.008714993262386561,181,342
253,0.5197240176805027,0.479645636166878,0.040078381513624695,181,300
254,0.4784610091844451,0.4750891845694753,0.0033718246149698206,181,304
255,0.4402085809545345,0.5031004298249624,-0.06289184887042787,181,327
256,0.4849278812342687,0.41578244353606675,0.06914543769820197,181,356
257,0.44109521928887857,0.44840115853836926,-0.007305939249490689,181,318
258,0.5147053406092648,0.497615908011778,0.017089432597486742,181,297
259,0.38354192873580695,0.4304463006982848,-0.046904371962477875,181,331
260,0.4681376662286856,0.4234439128460758,0.04469375338260978,181,349
261,0.4663268524297003,0.4832669665883134,-0.01694011415861313,181,308
262,0.4765672276714518,0.4442369895120913,0.032330238159360536,181,353
263,0.4694709546226945,0.3930938584450595,0.076377096177635,181,319
264,0.40023146727776254,0.47891406918343965,-0.07868260190567711,181,322
265,0.4046431265985489,0.4606685240225613,-0.05602539742401241,181,319
266,0.4750956616627725,0.4475106843242144,0.02758497733855808,181,336
267,0.5187657902779338,0.48896968726731477,0.029796103010619024,181,299
268,0.41319566172685246,0.44478025058343074,-0.03158458885657828,181,346
269,0.3743876847385451,0.4846582111787466,-0.11027052644020147,181,301
270,0.47103871863519015,0.4305720918150281,0.040466626820162055,181,370
271,0.44694957120933326,0.4651100583960503,-0.018160487186717034,181,294
272,0.40914642812727625,0.5153692060130529,-0.10622277788577666,181,290
273,0.5037054447735614,0.43169467787114846,0.07201076690241293,181,337
274,0.45278411128416746,0.4590374961400269,-0.006253384855859467,181,324
275,0.4240117295890097,0.4816696628923888,-0.057657933303379094,181,293
276,0.4989851867088297,0.46838901984231013,0.03059616686651956,181,337
277,0.37420577513705905,0.43556291023761673,-0.06135713510055768,181,362
278,0.376764893786829,0.39649040210369757,-0.01972550831686859,181,352
279,0.37243272188102294,0.44848205857872886,-0.07604933669770592,181,298
280,0.4403573587927295,0.4561499985756936,-0.01579263978296408,181,351
281,0.47284757851661124,0.4087742485200062,0.06407332999660503,181,324
282,0.4867265721316171,0.4698805263793925,0.016846045752224592,181,300
283,0.4856485332293633,0.4928432089944956,-0.007194675765132275,181,333
284,0.44370088336490676,0.43554148230789375,0.008159401057013016,181,334
285,0.4269938899045803,0.44331038192314065,-0.016316492018560336,181,350
286,0.45046543703462455,0.40923974818475906,0.041225688849865494,181,327
287,0.45615236060979575,0.4487901151531667,0.007362245456629057,181,337
288,0.43009665762698507,0.422642042917162,0.00745461470982306,181,355
289,0.4932652278877618,0.46267364908929404,0.030591578798467745,181,313
290,0.48798428884566974,0.5044047376967095,-0.016420448851039715,181,301
291,0.5156932496318686,0.4949825717233384,0.02071067790853015,181,295
292,0.48644869061520585,0.4495080917053173,0.036940598909888545,181,340
293,0.4671225168679431,0.5003928805331493,-0.03327036366520625,181,300
294,0.42046985141652093,0.4879348389182244,-0.06746498750170349,181,335
295,0.4791396368728803,0.45971425760021095,0.019425379272669352,181,318
296,0.46459984661464454,0.4434329530474147,0.02116689356722984,181,308
297,0.4614977451654819,0.4048610120038691,0.05663673316161283,181,329
298,0.45807022605613007,0.4533129137506949,0.004757312305435191,181,316
299,0.41464671142801085,0.47324010948239126,-0.05859339805438041,181,318
300,0.4377810522202192,0.5232949105316383,-0.08551385831141917,181,302
301,0.47283603341420527,0.4202961642560244,0.052539869158180874,181,347
302,0.4713533291014591,0.44665096807953947,0.02470236102191964,181,341
303,0.4915437067158614,0.4803001591695078,0.011243547546353594,181,298
304,0.5306502183326851,0.5113176242608045,0.019332594071880593,181,291
305,0.4271631899526907,0.5013000810670578,-0.07413689111436711,181,354
306,0.46499009493907456,0.47084414265775987,-0.005854047718685307,181,306
307,0.4722870679966512,0.44739218082726634,0.02489488716938487,181,318
308,0.4799752747501498,0.46885280983734656,0.01112246491280322,181,325
309,0.5033656741385079,0.45615667650708086,0.047208997631427,181,333
310,0.4970008517965631,0.4925284216800473,0.004472430116515824,181,303
311,0.45256667862165373,0.4142910808165695,0.038275597805084216,181,365
312,0.4826054527248675,0.49341110600939614,-0.010805653284528649,181,304
313,0.4560702113295005,0.4700229501898339,-0.013952738860333436,181,318
314,0.42011137689408995,0.43398377089719326,-0.013872394003103306,181,349
315,0.4470489888346324,0.5597020865122883,-0.11265309767765586,181,273
316,0.4712641296033478,0.524706588960069,-0.05344245935672126,181,274
317,0.4375907364640285,0.4844270547705745,-0.046836318306546,181,299
318,0.43160119115802853,0.4157310360856494,0.015870155072379155,181,336
319,0.40931906117005973,0.45590254355012716,-0.04658348238006743,181,312
320,0.403629475533323,0.4704676046290953,-0.0668381290957723,181,306
321,0.4243178828013238,0.41201906349188133,0.012298819309442488,181,323
322,0.4181217146187316,0.4944379949643108,-0.07631628034557919,181,320
323,0.46417345019829487,0.5286305826678498,-0.06445713246955492,181,316
324,0.4577939917225632,0.5350730480298587,-0.07727905630729548,181,277
325,0.4970652880283896,0.506577985506557,-0.009512697478167353,181,310
326,0.43787902201036005,0.4699236096257593,-0.032044587615399245,181,332
327,0.4801407141617853,0.5031234057446995,-0.022982691582914216,181,289
328,0.46286037563283144,0.49890592395998157,-0.03604554832715012,181,299
329,0.4429587963021352,0.48293606623284135,-0.03997726993070616,181,314
330,0.4409365474717248,0.435194320643237,0.005742226828487795,181,321
331,0.44308777961040285,0.47594867558226334,-0.03286089597186048,181,332
332,0.46596445747759063,0.5077397211951279,-0.04177526371753726,181,319
333,0.4555656636392222,0.4934284329568202,-0.03786276931759802,181,304
334,0.440693546284665,0.4325211730966024,0.008172373188062632,181,337
335,0.4393896235357354,0.462865589694858,-0.02347596615912262,181,309
336,0.5161183578790801,0.5524512200089616,-0.036332862129881516,181,277
337,0.4521187840274776,0.4640066833751045,-0.011887899347626851,181,315
338,0.4314776089768552,0.4643034776773378,-0.0328258687004826,181,314
339,0.44128172278535255,0.4623770133432233,-0.02109529055787074,181,332
340,0.4423841310223479,0.4174808828954858,0.02490324812686212,181,301
341,0.4730210269987408,0.4663315497113291,0.006689477287411705,181,318
342,0.4990114407545473,0.4837131307424061,0.015298310012141159,181,292
343,0.3596089987656252,0.5489782828317542,-0.18936928406612902,181,280
344,0.47419993115759657,0.48316059956416846,-0.008960668406571892,181,309
345,0.4740195519932712,0.4966799957204376,-0.022660443727166357,181,289
346,0.48764953131449085,0.44703607676338014,0.040613454551110706,181,329
347,0.5003527343603543,0.5106564888515656,-0.010303754491211237,181,302
348,0.3871515988732881,0.5051003095034958,-0.11794871063020773,181,290
349,0.45284751010662383,0.4518516046695341,0.000995905437089717,181,320
350,0.4316638617018938,0.5087945886659616,-0.07713072696406781,181,296
351,0.4428951239600486,0.5091765712690964,-0.06628144730904784,181,297
352,0.456652809393099,0.465993670607022,-0.009340861213923024,181,327
353,0.47371086324899786,0.48656744822158354,-0.012856584972585683,181,318
354,0.45749545475830505,0.5090458948797255,-0.05155044012142046,181,306
355,0.3835435175055272,0.5312314943646143,-0.14768797685908708,181,290
356,0.47106769199792453,0.46485950295000844,0.006208189047916091,181,328
357,0.42890487287941703,0.4037989662168949,0.02510590666252216,181,336
358,0.5229188238866724,0.47864687810608114,0.04427194578059129,181,298
359,0.4328132702356305,0.4740815742932942,-0.041268304057663685,181,296
360,0.42219026839142343,0.4361056463468985,-0.013915377955475094,181,345
361,0.46835041375857694,0.4694256743946185,-0.001075260636041575,181,306
362,0.46945942596364293,0.5404491608783737,-0.07098973491473076,181,298
363,0.4557774648628249,0.4360644471195583,0.019713017743266614,181,346
364,0.4579424875521676,0.39894036311946757,0.05900212443270003,181,338
365,0.45291172106808203,0.46021545158290766,-0.007303730514825635,181,341
366,0.5091174131990458,0.47485553387422547,0.03426187932482033,181,301
367,0.40211971659059526,0.4324257755130196,-0.030306058922424328,181,329
368,0.4375508736515599,0.5112450777412414,-0.07369420408968147,181,301
369,0.47336669590190716,0.4784382004908907,-0.005071504588983533,181,301
370,0.42417862070643236,0.48479706132026584,-0.06061844061383348,181,296
371,0.43717778299059085,0.461345864632448,-0.02416808164185713,181,348
372,0.46759781434254505,0.47929590445441134,-0.011698090111866288,181,298
373,0.38970320508717515,0.4433069353038732,-0.053603730216698064,181,328
374,0.46316014124552896,0.49635190418379743,-0.033191762938268476,181,324
375,0.49555456084433785,0.5178921951015572,-0.022337634257219297,181,294
376,0.467569208241225,0.4035127064238906,0.06405650181733441,181,338
377,0.4488813148671736,0.4521188324913603,-0.0032375176241867254,181,319
378,0.45802241531032145,0.4288421884565767,0.029180226853744773,181,323
379,0.3994188759538207,0.47276371129364614,-0.07334483533982544,181,312
380,0.4731800765840249,0.4911261075713091,-0.0179460309872842,181,324
381,0.46639145265036613,0.49784753056487485,-0.03145607791450872,181,317
382,0.452533050391108,0.40554607647084134,0.046986973920266684,181,347
383,0.4255016683915625,0.4350630233983677,-0.009561355006805217,181,341
384,0.4259911512972724,0.4582012274732489,-0.03221007617597649,181,318
385,0.5023026492733775,0.43549762327251756,0.06680502600085997,181,341
386,0.43388269803318075,0.41857081740462593,0.01531188062855482,181,335
387,0.38013109098468056,0.4566905918259151,-0.07655950084123453,181,326
388,0.43469930209734287,0.4317168727534386,0.002982429343904247,181,329
389,0.4798751231088431,0.49315461254029785,-0.013279489431454738,181,329
390,0.43499563606441394,0.4614390936875409,-0.026443457623126942,181,336
391,0.3755694227275633,0.45608740638344164,-0.08051798365587837,181,351
392,0.4988674573438346,0.46898067661090403,0.02988678073293055,181,325
393,0.432928513885216,0.4451295115714478,-0.012200997686231785,181,330
394,0.3543542981840854,0.39367656916089,-0.039322270976804574,181,347
395,0.3683515906598832,0.43312804222836626,-0.06477645156848305,181,316
396,0.46808497117665565,0.47444811133853065,-0.006363140161875003,181,317
397,0.41607856048006564,0.4612137767898912,-0.04513521630982559,181,321
398,0.5080491797193999,0.5049844333965586,0.003064746322841261,181,293
399,0.4776145482306954,0.5241089968836562,-0.04649444865296082,181,307
400,0.3804933991208502,0.4410132115163495,-0.060519812395499306,181,357
401,0.4772332803337673,0.4968000161717439,-0.019566735837976634,181,306
402,0.3854776099681424,0.45143422263690625,-0.06595661266876385,181,304
403,0.4720588474933063,0.5403849971462319,-0.0683261496529256,181,322
404,0.4175448965436918,0.46225761304885754,-0.04471271650516573,181,335
405,0.4574869443466086,0.45529532254143273,0.0021916218051758474,181,311
406,0.4494394183803044,0.4833591542434298,-0.03391973586312541,181,333
407,0.5496471681532091,0.505452892018374,0.044194276134835175,181,296
408,0.45807469708366216,0.4406434929888026,0.017431204094859543,181,329
409,0.4821301733875389,0.5345845750923199,-0.05245440170478105,181,292
410,0.48261704270914285,0.452025771787914,0.030591270921228875,181,317
411,0.4275390412133511,0.4246460833216648,0.0028929578916863097,181,302
412,0.506517547458314,0.5113067167649094,-0.004789169306595342,181,279
413,0.5105507972631534,0.47235790712876213,0.03819289013439131,181,293
414,0.504093536722767,0.5192257800271738,-0.015132243304406767,181,317
415,0.47457456666877273,0.5318857962847785,-0.057311229616005765,181,280
416,0.5133030119360382,0.49717099402308623,0.01613201791295199,181,326
417,0.47644126386294633,0.4537255953848364,0.022715668478109907,181,315
418,0.47819516149301905,0.5362006432883412,-0.05800548179532211,181,303
419,0.4337366578618536,0.4229716172432144,0.010765040618639199,181,340
420,0.4881473977045238,0.4657024172863801,0.02244498041814369,181,326
421,0.4051227857754506,0.5333028328229782,-0.1281800470475276,181,287
422,0.3443867035132671,0.39202777204600625,-0.04764106853273914,181,364
423,0.4814001715457482,0.5128341946366485,-0.031434023090900265,181,322
424,0.49051202802998023,0.43701373559639445,0.05349829243358578,181,330
425,0.4638784003680958,0.45060904411202024,0.01326935625607556,181,353
426,0.3958005222290937,0.4717054919680022,-0.07590496973890853,181,325
427,0.48428538409026844,0.48408074830871833,0.00020463578155011097,181,311
428,0.5198610058636239,0.5209859304504517,-0.0011249245868277802,181,304
429,0.48024133107182554,0.5000999160241274,-0.01985858495230186,181,309
430,0.39141023708279715,0.45221873126113893,-0.060808494178341777,181,308
431,0.40269118993103376,0.4442382864678858,-0.04154709653685207,181,344
432,0.4752254428742452,0.44799978725935785,0.027225655614887323,181,315
433,0.385147685204383,0.481690654512941,-0.09654296930855805,181,325
434,0.4837677822392292,0.4379400725928506,0.04582770964637861,181,311
435,0.4287318804103504,0.445501377695929,-0.01676949728557864,181,323
436,0.48682892756222984,0.43871867708748624,0.0481102504747436,181,335
437,0.453144944668091,0.4558775972188535,-0.0027326525507624932,181,339
438,0.5115414006763761,0.4840123340366084,0.027529066639767674,181,314
439,0.3954462381967712,0.3961704676799082,-0.0007242294831369955,181,343
440,0.42574611980009097,0.4257751120855054,-2.8992285414419783e-05,181,339
441,0.46480122564774795,0.39947103917464594,0.06533018647310201,181,344
442,0.41554335614147814,0.42603629009839067,-0.010492933956912531,181,314
443,0.4467280821403315,0.5153159262567747,-0.0685878441164432,181,313
444,0.42519940919766575,0.4938878008914935,-0.06868839169382773,181,309
445,0.46284726405320104,0.46775469124848007,-0.004907427195279035,181,303
446,0.5048665478053448,0.46764273997995476,0.03722380782539003,181,299
447,0.47798016213299854,0.4328309182813053,0.04514924385169322,181,327
448,0.47411242438763923,0.5272557555166251,-0.05314333112898584,181,299
449,0.5095097492176996,0.5367394746826303,-0.027229725464930632,181,288
450,0.42481838399904515,0.4803226410966997,-0.05550425709765455,181,313
451,0.4812261003081303,0.459431090067199,0.02179501024093128,181,327
452,0.44477382455715553,0.5167540678285256,-0.07198024327137009,181,284
453,0.417619466314104,0.4614241958985587,-0.043804729584454694,181,296
454,0.4515123445072954,0.502575862671133,-0.051063518163837585,181,298
455,0.49219305476042174,0.4773931469706045,0.014799907789817268,181,283
456,0.485367243304425,0.4669830329682974,0.018384210336127582,181,329
457,0.43757570676349966,0.49920342700719,-0.06162772024369034,181,327
458,0.45672944062146864,0.4977709630956063,-0.04104152247413767,181,301
459,0.48754936294671225,0.5017356125822492,-0.01418624963553694,181,309
460,0.5117298675583047,0.5254396480988698,-0.013709780540565042,181,285
461,0.4123248098710386,0.44482128770199436,-0.03249647783095577,181,332
462,0.43056693904926163,0.4792252408594377,-0.04865830181017605,181,318
463,0.3533618333887091,0.4387332051209848,-0.08537137173227571,181,332
464,0.45067222586713396,0.4905027177779675,-0.03983049191083354,181,302
465,0.48467775156009985,0.4649243510113075,0.01975340054879232,181,312
466,0.5012667139223156,0.4915644552296574,0.009702258692658172,181,301
467,0.47696976806236463,0.5797301904444762,-0.10276042238211153,181,287
468,0.4278135437350465,0.44947453407734544,-0.021660990342298958,181,362
469,0.3410819337285472,0.520904826167984,-0.17982289243943672,181,337
470,0.4626227092337624,0.40573972734837077,0.05688298188539165,181,372
471,0.4235853155861681,0.437864516435945,-0.014279200849776907,181,351
472,0.4453653931019089,0.46136058519391965,-0.015995192092010724,181,350
473,0.4221201099365314,0.4275861304623421,-0.005466020525810744,181,338
474,0.4975388311927406,0.5194760011339946,-0.021937169941253998,181,295
475,0.4865453274745916,0.5162602231278955,-0.02971489565330393,181,307
476,0.4582696448361875,0.432284369496351,0.025985275339836467,181,340
477,0.5200956142801381,0.47748397521209734,0.04261163906804072,181,307
478,0.39232271920954404,0.43709604939722063,-0.0447733301876766,181,337
479,0.45866063334460694,0.4943023193742267,-0.03564168602961976,181,306
480,0.32124585314513665,0.40778510106394544,-0.08653924791880879,181,359
481,0.4612310115142568,0.4231539052037382,0.03807710631051858,181,340
482,0.45399066356219453,0.42600054693403383,0.0279901166281607,181,340
483,0.4919478123445012,0.5302102696439017,-0.03826245729940053,181,271
484,0.4567474887711232,0.4876153386996761,-0.030867849928552904,181,307
485,0.40497720622367783,0.4984090454178188,-0.09343183919414094,181,314
486,0.5012103446866826,0.47072475082448867,0.030485593862193905,181,305
487,0.4890982060287127,0.4419406039603852,0.047157602068327475,181,345
488,0.4703954492381543,0.42276442485248117,0.047631024385673126,181,349
489,0.47875877366107505,0.46270733094064526,0.016051442720429798,181,313
490,0.42785214288932305,0.4892633695245548,-0.06141122663523174,181,301
491,0.49864633574310996,0.4743225430561261,0.02432379268698387,181,295
492,0.41540751107571383,0.4229371002483706,-0.007529589172656781,181,322
493,0.43983253129350297,0.46218769296887824,-0.022355161675375268,181,330
494,0.45264837259923285,0.5008549878958343,-0.04820661529660142,181,300
495,0.48132710545663526,0.45906672671018106,0.0222603787464542,181,296
496,0.4205107880472764,0.406882710753059,0.013628077294217389,181,348
497,0.48742917823125326,0.5394127044369473,-0.051983526205694075,181,286
498,0.42476648782515675,0.49731773695592435,-0.0725512491307676,181,308
499,0.43646289670140687,0.5094698607981908,-0.07300696409678392,181,339
500,0.43357106057504985,0.4683130254558826,-0.034741964880832754,181,336
501,0.46103850129814355,0.4948345211100313,-0.033796019811887734,181,321
502,0.3709541927339813,0.4686652573823165,-0.09771106464833523,181,327
503,0.43543452422121837,0.5257758823832651,-0.09034135816204675,181,288
504,0.46858650139030095,0.4850153923031197,-0.01642889091281874,181,319
505,0.5066439615987178,0.5370690527455612,-0.03042509114684333,181,280
506,0.4240943870016552,0.5583066995143976,-0.1342123125127424,181,304
507,0.40886946289573384,0.4493750791117292,-0.040505616215995355,181,321
508,0.4986554200416643,0.5188185633530777,-0.020163143311413445,181,286
509,0.49382695474894334,0.4857804317839097,0.008046522965033609,181,311
510,0.4387074078289915,0.5033816425120772,-0.0646742346830857,181,313
511,0.4258863963249827,0.44937692153457265,-0.02349052520958994,181,318
512,0.4393483131193224,0.4934525858571194,-0.054104272737797,181,283
513,0.42081115450512735,0.4179340283657873,0.002877126139340047,181,318
514,0.5158770908617837,0.4304680975667412,0.08540899329504248,181,344
515,0.38984845464437295,0.4277663812772615,-0.037917926632888566,181,326
516,0.40905700671453465,0.45360273254205763,-0.044545725827522975,181,341
517,0.4186511991772225,0.4444464068892042,-0.025795207711981738,181,331
518,0.4793938714463147,0.512516365892885,-0.03312249444657028,181,293
519,0.4231402205681459,0.4383049976581322,-0.015164777089986314,181,367
520,0.45624164894244046,0.421945370837845,0.03429627810459546,181,317
521,0.4135327904729202,0.4491377510308888,-0.035604960557968635,181,349
522,0.467865459966978,0.4045010052718726,0.06336445469510538,181,336
523,0.47681950458991246,0.4175076065302234,0.05931189805968906,181,319
524,0.4002636900868905,0.4094654375127978,-0.009201747425907292,181,314
525,0.3715169935001224,0.4513515445634974,-0.079834551063375,181,322
526,0.49905161068853127,0.42829438442334483,0.07075722626518643,181,336
527,0.5298083277440677,0.5014929462804717,0.028315381463596023,181,302
528,0.45384080342089933,0.4407534949031216,0.01308730851777773,181,330
529,0.5425001290948793,0.5293129028594145,0.013187226235464866,181,299
530,0.5145150143952827,0.47362409715350895,0.04089091724177374,181,288
531,0.43719504843318885,0.4272207393270221,0.009974309106166757,181,328
532,0.4449098525157858,0.4091363020487302,0.035773550467055604,181,307
533,0.4442674592727247,0.4646670182923713,-0.020399559019646574,181,335
534,0.500931341803861,0.4793561030122219,0.021575238791639084,181,335
535,0.4594404199903765,0.4880938418741147,-0.028653421883738206,181,325
536,0.3705511280594403,0.45489313499219863,-0.08434200693275834,181,331
537,0.4131878637740263,0.478313658994173,-0.06512579522014672,181,312
538,0.4481294048839572,0.4092942080369271,0.03883519684703007,181,359
539,0.47443332366000496,0.5477795807036626,-0.07334625704365766,181,282
540,0.48922299190885177,0.43508253264350827,0.0541404592653435,181,327
541,0.4570727101612233,0.46482939288640573,-0.007756682725182429,181,336
542,0.40707854364216256,0.44945288910813863,-0.04237434546597607,181,327
543,0.4931664913476059,0.535239006086508,-0.04207251473890211,181,305
544,0.4430555271980077,0.4694005368804927,-0.026345009682484988,181,293
545,0.49719920135542833,0.48440051727103234,0.012798684084395995,181,295
546,0.44232745084255487,0.4510650414011758,-0.008737590558620945,181,354
547,0.43249120069963165,0.4756845394026075,-0.04319333870297587,181,313
548,0.5443749623743303,0.4277305039812903,0.11664445839303994,181,279
549,0.46315753493660317,0.4197441438134043,0.04341339112319886,181,328
550,0.4433794936756063,0.48347421300682925,-0.04009471933122294,181,290
551,0.35234965803160095,0.4847484768894712,-0.13239881885787025,181,318
552,0.361880693129195,0.5214646926079809,-0.15958399947878588,181,315
553,0.4649890260243924,0.473227053954573,-0.00823802793018058,181,304
554,0.46050082580255,0.46579870119029526,-0.005297875387745288,181,309
555,0.4588877467138337,0.4168549983024671,0.042032748411366616,181,357
556,0.5079609523016865,0.4926488389893259,0.015312113312360598,181,311
557,0.47667384769425586,0.4251604251500193,0.051513422544236576,181,323
558,0.4439158490921432,0.5661884994408083,-0.12227265034866508,181,277
559,0.4668466933092813,0.4860376629662028,-0.01919096965692152,181,333
560,0.36976802320952035,0.45353021250260594,-0.0837621892930856,181,304
561,0.47995186837977666,0.474908874462289,0.005042993917487637,181,308
562,0.45378192741148304,0.4947693714913787,-0.04098744407989563,181,310
563,0.4524997611160072,0.504338360362962,-0.051838599246954775,181,338
564,0.44929905307560697,0.5218701092272215,-0.07257105615161458,181,308
565,0.48019973159349727,0.4692687132923453,0.010931018301151951,181,324
566,0.5018178198590081,0.48794301832683534,0.013874801532172742,181,286
567,0.4667077319736122,0.409026803790666,0.05768092818294618,181,336
568,0.4267480060876822,0.3945578682872672,0.03219013780041502,181,354
569,0.36202846717483467,0.48481872015146543,-0.12279025297663076,181,315
570,0.49402602739937673,0.39223945270038757,0.10178657469898916,181,328
571,0.43122700954131765,0.4161851396217264,0.015041869919591278,181,339
572,0.3920640492633881,0.5103373873854855,-0.1182733381220974,181,342
573,0.4009263961526891,0.40483916843903966,-0.003912772286350563,181,313
574,0.4452138408497502,0.4778543181814455,-0.03264047733169534,181,315
575,0.4435086849325624,0.4213975376583389,0.022111147274223475,181,325
576,0.4832530572808079,0.43622800446709337,0.04702505281371455,181,313
577,0.4400832580051359,0.4549363461231487,-0.01485308811801278,181,335
578,0.4773560620381862,0.4766157976030483,0.0007402644351379162,181,305
579,0.4591985491834464,0.48131159790174805,-0.022113048718301664,181,325
580,0.44746104134719505,0.4107587462731731,0.03670229507402195,181,311
581,0.3247408628045804,0.44976304047368804,-0.12502217766910761,181,329
582,0.4695299629761057,0.4968673951600207,-0.02733743218391499,181,333
583,0.47544007577588115,0.3974098735004035,0.07803020227547763,181,339
584,0.5148891425847623,0.4569136934052899,0.05797544917947234,181,295
585,0.4780397489757095,0.5042300708302205,-0.026190321854511034,181,300
586,0.4607186523983475,0.46548068706695706,-0.004762034668609583,181,313
587,0.3802660678407678,0.41780758182627337,-0.03754151398550559,181,333
588,0.5237642290722239,0.4109721998623414,0.11279202920988246,181,348
589,0.439300728291252,0.517998564051395,-0.078697835760143,181,285
590,0.396281179138322,0.4712282427868995,-0.0749470636485775,181,323
591,0.4221455318936865,0.48725252219187914,-0.06510699029819267,181,315
592,0.5042255617719038,0.5526062296749534,-0.04838066790304962,181,277
593,0.4716401246674253,0.4453125545167839,0.026327570150641355,181,331
594,0.38837466978434165,0.42315868939713297,-0.03478401961279132,181,357
595,0.44341720415353825,0.4590763524822223,-0.015659148328684036,181,327
596,0.42947637974993597,0.42322872038605025,0.006247659363885716,181,320
597,0.3824410314428463,0.46888800876215064,-0.08644697731930434,181,312
598,0.4422741856286347,0.44519479146592833,-0.002920605837293644,181,331
599,0.5058471760797342,0.46967294111796953,0.03617423496176464,181,309
600,0.43884833420389285,0.392788619876899,0.04605971432699385,181,366
601,0.4882579949601226,0.48492724920674146,0.003330745753381159,181,320
602,0.43750837328000575,0.4421626014746985,-0.004654228194692744,181,353
603,0.4837291104837392,0.45514919499881906,0.028579915484920115,181,303
604,0.4712469676865962,0.5063230357281884,-0.03507606804159219,181,288
605,0.48141477417805184,0.5243364442036527,-0.04292167002560082,181,263
606,0.4748167533084772,0.4793943460449896,-0.00457759273651237,181,311
607,0.45820690231578254,0.487411234623295,-0.02920433230751246,181,322
608,0.45447718770310314,0.4157489098153109,0.03872827788779226,181,347
609,0.4605127089571757,0.46966386584626246,-0.009151156889086742,181,332
610,0.472928902167003,0.4305096215034103,0.042419280663592684,181,345
611,0.4621778117708909,0.4603532079253641,0.0018246038455267954,181,309
612,0.4227259557804799,0.4385102445156231,-0.015784288735143204,181,328
613,0.5365459826944589,0.45045809763563865,0.0860878850588202,181,326
614,0.43764318378590034,0.4696600853122592,-0.03201690152635889,181,315
615,0.44916818234649225,0.4178228567316866,0.03134532561480563,181,310
616,0.41040108437252,0.4507527594026449,-0.040351675030124934,181,337
617,0.45979788063465,0.48328422171188085,-0.023486341077230855,181,316
618,0.43877517501210883,0.49761488393067344,-0.058839708918564604,181,303
619,0.4078672178537782,0.4081944497960722,-0.000327231942294004,181,391
620,0.39368742451984884,0.44784511898963464,-0.0541576944697858,181,344
621,0.48572749248473457,0.4082255896951416,0.07750190278959296,181,330
622,0.4504759559326123,0.4278599659290413,0.022615990003571007,181,333
623,0.4711476368244262,0.4529763368782614,0.018171299946164787,181,310
624,0.3684288579596165,0.3527483549218717,0.01568050303774482,181,363
625,0.4574099125941797,0.49638615863241903,-0.03897624603823935,181,333
626,0.4977134226988114,0.47044968690534905,0.027263735793462363,181,314
627,0.39382894673464486,0.47570385836800166,-0.0818749116333568,181,321
628,0.47549204232935594,0.5023019075750927,-0.026809865245736808,181,296
629,0.4474290894540131,0.5004589052889427,-0.05302981583492955,181,284
630,0.49403806798768446,0.49817396097377226,-0.004135892986087797,181,301
631,0.41383492216881496,0.43064008681975674,-0.016805164650941784,181,297
632,0.45614078986901285,0.50803593237878,-0.05189514250976712,181,313
633,0.4577657420865056,0.45246108677126745,0.00530465531523816,181,305
634,0.43316113598288347,0.4464565497174192,-0.013295413734535744,181,335
635,0.4617597554485712,0.43330420088429245,0.02845555456427873,181,339
636,0.4421249178022761,0.4629319962078928,-0.02080707840561674,181,332
637,0.36240801058289224,0.40597280291879356,-0.043564792335901326,181,339
638,0.5140630544962242,0.43095009942183593,0.08311295507438832,181,294
639,0.4544244285006758,0.41629863309267906,0.038125795407996765,181,349
640,0.46462613332345803,0.5736601911296973,-0.10903405780623932,181,282
641,0.40795804455936324,0.4895889909843075,-0.08163094642494428,181,307
642,0.46704705696528687,0.49314357692327565,-0.026096519957988784,181,322
643,0.4442498029921395,0.5023194165957324,-0.05806961360359292,181,295
644,0.4711874488431779,0.452202076553541,0.018985372289636926,181,334
645,0.4246539318678618,0.48694386305552767,-0.06228993118766585,181,305
646,0.4496204222788838,0.466001899173428,-0.016381476894544167,181,304
647,0.48782003324182116,0.4802192681097797,0.007600765132041443,181,302
648,0.4691659953322791,0.4486984747657336,0.020467520566545494,181,356
649,0.4511283172307096,0.497048375880325,-0.0459200586496154,181,288
650,0.4731638982135876,0.5503724090699404,-0.07720851085635283,181,293
651,0.3373587695848676,0.40722162049162863,-0.06986285090676103,181,308
652,0.4180602969727857,0.44860969551480734,-0.030549398542021655,181,319
653,0.5420709698020623,0.47682864425606014,0.06524232554600212,181,312
654,0.3634538293132282,0.4722293537807574,-0.1087755244675292,181,314
655,0.3854510753934393,0.4025200547146016,-0.017068979321162303,181,331
656,0.46978253045790735,0.5123173113127331,-0.042534780854825704,181,304
657,0.5189280251211316,0.47275249488703974,0.04617553023409182,181,285
658,0.454319504843226,0.5021534385475417,-0.04783393370431571,181,295
659,0.43981543192998507,0.4416172529617907,-0.0018018210318056505,181,316
660,0.43921130079484216,0.506229548112876,-0.06701824731803385,181,309
661,0.4459011703197749,0.4797332461798138,-0.03383207586003889,181,324
662,0.49669056720972016,0.5138025056458646,-0.017111938436144447,181,305
663,0.48777843098095663,0.4665393375870958,0.02123909339386082,181,332
664,0.44120118548428655,0.4751964840269786,-0.033995298542692065,181,321
665,0.3863584523759786,0.44280741165091014,-0.05644895927493154,181,315
666,0.4915781739374402,0.48471268351559477,0.006865490421845422,181,329
667,0.43971758910516,0.40960525498578093,0.03011233411937908,181,328
668,0.3735333958941537,0.4495995561345106,-0.0760661602403569,181,330
669,0.4290008946357703,0.4169656306958926,0.012035263939877694,181,342
670,0.462613477438736,0.5317668906753842,-0.0691534132366482,181,306
671,0.43634858179227276,0.4981432274949085,-0.061794645702635764,181,317
672,0.4486562177171701,0.451019100641317,-0.0023628829241468807,181,310
673,0.4531652679828892,0.45791066769239785,-0.0047453997095086575,181,336
674,0.4625953293508575,0.4378322489739953,0.0247630803768622,181,336
675,0.45901936813713934,0.5023466553891667,-0.043327287252027336,181,300
676,0.45286849891361447,0.5062836176301417,-0.053415118716527266,181,310
677,0.49275236664060235,0.43168619410976267,0.06106617253083968,181,328
678,0.45786278280216447,0.47564765738049447,-0.01778487457833,181,319
679,0.4611581673244593,0.43826346908681096,0.022894698237648337,181,334
680,0.48895802915918424,0.48303244788603183,0.005925581273152403,181,320
681,0.45919637782991823,0.49340655693877117,-0.034210179108852934,181,300
682,0.43458252070391,0.4430883752514682,-0.0085058545475582,181,327
683,0.4362706898421184,0.48315876179105366,-0.04688807194893524,181,316
684,0.468323815635359,0.45538464996691025,0.012939165668448771,181,330
685,0.4288870435896689,0.42922385209993597,-0.0003368085102670726,181,346
686,0.4433106581230299,0.42350973289748806,0.019800925225541832,181,346
687,0.3941789294134563,0.4539129821072218,-0.05973405269376553,181,324
688,0.49644199856395765,0.519846221418866,-0.023404222854908396,181,293
689,0.473248016250038,0.5096087079169785,-0.03636069166694056,181,296
690,0.4865073711566205,0.44088983848106483,0.04561753267555568,181,335
691,0.4165931034868221,0.44410648317297935,-0.027513379686157247,181,323
692,0.45923466228158133,0.474084259048926,-0.014849596767344653,181,331
693,0.40592512972011896,0.4284171221771079,-0.022491992456988963,181,345
694,0.5187886015684785,0.5096829351881075,0.009105666380371025,181,316
695,0.4631700776324253,0.4814726566862571,-0.018302579053831813,181,316
696,0.4660728327334821,0.460927475148445,0.005145357585037091,181,310
697,0.48308802716711546,0.510554015017509,-0.027465987850393503,181,314
698,0.48504152489114893,0.4957005163869549,-0.010658991495805958,181,319
699,0.3794015449682103,0.4225324172403826,-0.04313087227217227,181,340
700,0.45760037713170126,0.4951701109192168,-0.03756973378751555,181,311
701,0.39830447030297267,0.368208803308154,0.030095666994818693,181,319
702,0.47172626192559747,0.4592709173497547,0.012455344575842742,181,309
703,0.42268268313320095,0.48638023321102886,-0.0636975500778279,181,315
704,0.42677567033538927,0.4400877104438449,-0.013312040108455658,181,319
705,0.43769469050537174,0.4661952075704246,-0.028500517065052855,181,321
706,0.4264726745552389,0.4357486888140219,-0.009276014258782994,181,330
707,0.47885679272153236,0.4468432066581916,0.03201358606334076,181,311
708,0.5010955627234698,0.4419378096845243,0.05915775303894549,181,308
709,0.4263680870018857,0.46955712096132,-0.0431890339594343,181,322
710,0.49706775853592366,0.44379081144982696,0.053276947086096704,181,323
711,0.4890391592415816,0.3926540330598508,0.09638512618173078,181,335
712,0.4555268032646112,0.4790771760417562,-0.023550372777145,181,309
713,0.4757871933611794,0.4322147633426283,0.0435724300185511,181,313
714,0.45820859000857567,0.5160654963087671,-0.05785690630019141,181,322
715,0.42241386877331577,0.47976461214765304,-0.057350743374337265,181,303
716,0.45838598103406475,0.5173189848206774,-0.05893300378661265,181,285
717,0.4594801539554726,0.464086123623467,-0.004605969667994425,181,320
718,0.3828998406021401,0.4791000853205949,-0.09620024471845479,181,304
719,0.45478388743015347,0.4675981096239737,-0.012814222193820224,181,335
720,0.43065867938745833,0.4672745969344011,-0.03661591754694277,181,324
721,0.4923469775477325,0.5250026024487828,-0.03265562490105034,181,291
722,0.40855835013915487,0.492194159639073,-0.08363580949991811,181,310
723,0.4736376881845407,0.43416042723468656,0.039477260949854154,181,331
724,0.4773705521757425,0.4834897632271174,-0.006119211051374918,181,315
725,0.4676197936421555,0.4892124463364122,-0.021592652694256698,181,309
726,0.467787289881723,0.44492023344964526,0.02286705643207776,181,342
727,0.47833472765803586,0.5071235459793347,-0.02878881832129887,181,292
728,0.43010564996037276,0.4865766676206696,-0.05647101766029683,181,329
729,0.4668125501691672,0.5029038953899808,-0.03609134522081364,181,306
730,0.5288019838477263,0.4038144161328106,0.12498756771491565,181,309
731,0.41633849350602237,0.494510392461736,-0.07817189895571364,181,310
732,0.4959256518677015,0.4715880251203374,0.024337626747364116,181,314
733,0.4621140457982563,0.4246790456896264,0.037435000108629934,181,305
734,0.40343542552033895,0.4404732952521378,-0.037037869731798845,181,316
735,0.501360312501593,0.4631635861482923,0.03819672635330068,181,326
736,0.4073683716042496,0.48493354936678434,-0.07756517776253474,181,302
737,0.47963080784997036,0.5328607087299048,-0.0532299008799344,181,295
738,0.4381941706396911,0.48318644377049763,-0.044992273130806504,181,308
739,0.42120395777358566,0.40926639110241186,0.011937566671173794,181,338
740,0.4530312082023299,0.5012288907497948,-0.048197682547464926,181,307
741,0.45693625647085057,0.49963737576159606,-0.04270111929074549,181,331
742,0.4908376567644785,0.4759742241116415,0.014863432652837016,181,331
743,0.47061440285919776,0.4300712809145029,0.04054312194469484,181,358
744,0.4406831832390986,0.5201645811073199,-0.07948139786822128,181,303
745,0.46974178614763024,0.4566903908715636,0.013051395276066635,181,315
746,0.45532947380677313,0.4608578166680512,-0.005528342861278068,181,338
747,0.435415173082149,0.48427717547576016,-0.04886200239361116,181,317
748,0.41288032943766656,0.42188311400134065,-0.009002784563674093,181,335
749,0.45508075915691654,0.44478840817262916,0.01029235098428738,181,342
750,0.4854819732297737,0.5811598409809954,-0.09567786775122167,181,289
751,0.4884981289801016,0.4917803672331877,-0.0032822382530861005,181,305
752,0.4231811751055146,0.42200542679011577,0.0011757483153988502,181,315
753,0.40864326706887766,0.4370114942647558,-0.028368227195878115,181,329
754,0.5056763378025926,0.5248676240980076,-0.019191286295415,181,307
755,0.5182168532657856,0.46466412925990513,0.05355272400588046,181,298
756,0.5092812818228516,0.5125687926269223,-0.003287510804070748,181,322
757,0.43015941469451907,0.5328979882972514,-0.10273857360273236,181,301
758,0.40421765965003215,0.45959040396730366,-0.055372744317271516,181,329
759,0.4065203268742697,0.5287559149215443,-0.12223558804727458,181,309
760,0.4514585660066515,0.47910681585493614,-0.027648249848284623,181,344
761,0.4777129763428631,0.493310484916187,-0.015597508573323926,181,308
762,0.5072996826224946,0.4389524676128575,0.06834721500963709,181,317
763,0.4286498045998513,0.43246969064400725,-0.0038198860441559512,181,318
764,0.4693008568994932,0.4912048703934836,-0.021904013493990404,181,322
765,0.42402281213845094,0.4873425255131799,-0.06331971337472897,181,315
766,0.4623567090356247,0.4420292475201995,0.020327461515425194,181,318
767,0.4905368984080774,0.509117405192337,-0.018580506784259543,181,288
768,0.41836774046790615,0.45162690830057656,-0.03325916783267041,181,329
769,0.4457645239825578,0.46968384722474105,-0.023919323242183266,181,320
770,0.448463653451455,0.5263104204750753,-0.07784676702362026,181,299
771,0.4497095690501145,0.46324136927576826,-0.013531800225653756,181,313
772,0.4093239863053003,0.4565450422593279,-0.04722105595402759,181,344
773,0.4417631035063932,0.4582861640620364,-0.016523060555643232,181,308
774,0.4613849452847615,0.4040014933055255,0.057383451979236,181,366
775,0.5092568456323157,0.41856893607158724,0.09068790956072842,181,309
776,0.3821534443817053,0.4738888071646749,-0.09173536278296962,181,337
777,0.420156514324232,0.406450302497755,0.013706211826477022,181,347
778,0.43574791710194294,0.42006828227568765,0.015679634826255284,181,344
779,0.43110204899804916,0.44586719258493973,-0.014765143586890572,181,317
780,0.44207531395161725,0.44409524255123844,-0.00201992859962119,181,335
781,0.4227961467537262,0.46411025208973467,-0.04131410533600849,181,351
782,0.4762308991029571,0.48231334972665774,-0.006082450623700664,181,300
783,0.4377737526504743,0.5567735403528712,-0.11899978770239689,181,289
784,0.38780071456431475,0.4731801505773549,-0.08537943601304016,181,317
785,0.5051535629603873,0.47193022314238436,0.033223339818002906,181,323
786,0.4263358282142395,0.4949254930673289,-0.06858966485308943,181,298
787,0.42402835259978117,0.5348613393828894,-0.11083298678310821,181,287
788,0.47510973292616493,0.4915222102776241,-0.016412477351459176,181,324
789,0.4672113701414155,0.48006263359301127,-0.012851263451595762,181,317
790,0.5536276115563383,0.5864583025228626,-0.032830690966524245,181,264
791,0.4371705961149158,0.4998454448770438,-0.06267484876212798,181,303
792,0.44824316058530006,0.41350748687705213,0.03473567370824793,181,334
793,0.4863147893461451,0.47683092572520164,0.009483863620943445,181,302
794,0.4502427427847596,0.47268946354931457,-0.02244672076455495,181,350
795,0.4435315535014621,0.5068121698830513,-0.06328061638158922,181,313
796,0.4703577739713262,0.48177704092597706,-0.011419266954650842,181,304
797,0.4755985242933902,0.508982809076558,-0.033384284783167795,181,310
798,0.47314944968974804,0.4668299283979464,0.006319521291801633,181,346
799,0.4812062449017444,0.4897796900693447,-0.00857344516760028,181,295
800,0.40212662802239657,0.4048532580664798,-0.0027266300440832447,181,355
801,0.42963386673124404,0.4418827310922369,-0.012248864360992873,181,335
802,0.48285503711244815,0.4527978618785324,0.030057175233915767,181,317
803,0.48514719686223745,0.46226335472673846,0.02288384213549899,181,309
804,0.4328002709284034,0.4644968833573392,-0.03169661242893579,181,332
805,0.4785331774919987,0.5267576746285761,-0.04822449713657745,181,281
806,0.4481113281023842,0.47961591692646754,-0.03150458882408336,181,315
807,0.44116197613138725,0.4305086542754704,0.01065332185591683,181,327
808,0.4302396639997718,0.3629878255337222,0.0672518384660496,181,365
809,0.43432313396857963,0.40714321901444644,0.02717991495413319,181,338
810,0.4246006679455752,0.4331598193971568,-0.008559151451581593,181,336
811,0.5134587935190144,0.44095429502357236,0.072504498495442,181,304
812,0.3810825931863747,0.4649578775343543,-0.08387528434797958,181,314
813,0.4681079535544909,0.4609824434824435,0.007125510072047425,181,321
814,0.4351322052560443,0.4801231675607826,-0.04499096230473831,181,311
815,0.4682281872648634,0.51036060882906,-0.042132421564196554,181,316
816,0.48828575936601465,0.5480229563557671,-0.059737196989752495,181,280
817,0.44068027210884353,0.4182572221497919,0.022423049959051644,181,292
818,0.48275642335045765,0.4836875188226353,-0.0009310954721776232,181,310
819,0.4482449989656759,0.48698187070423593,-0.03873687173856005,181,319
820,0.5431138466852753,0.48805595402234064,0.05505789266293465,181,282
821,0.505933484504913,0.4883934615027052,0.01754002300220786,181,292
822,0.4484926410639618,0.4748002340942743,-0.026307593030312493,181,318
823,0.42078976777992577,0.44051163092822304,-0.01972186314829727,181,343
824,0.48535190062241435,0.46410804195487926,0.021243858667535087,181,331
825,0.4361680579802611,0.47487838343566185,-0.03871032545540076,181,307
826,0.397103008714169,0.4556284949864212,-0.058525486272252236,181,312
827,0.44487497701783413,0.5180325417083479,-0.07315756469051377,181,314
828,0.5039036005540468,0.5190949544094176,-0.015191353855370737,181,263
829,0.38952771922151647,0.38854931836600076,0.0009784008555157042,181,337
830,0.4837677983252663,0.5312887089309973,-0.04752091060573105,181,320
831,0.4680871608730048,0.49792828693845526,-0.029841126065450474,181,319
832,0.4907322080756664,0.4442351942040443,0.04649701387162214,181,320
833,0.46173549838354305,0.5042557383180066,-0.04252023993446358,181,285
834,0.44961146967052923,0.3915965259541591,0.058014943716370115,181,330
835,0.4564211454317393,0.42314621165676697,0.033274933774972315,181,339
836,0.48549327495906125,0.47559798539627113,0.009895289562790122,181,347
837,0.4291462054331784,0.45050663313855016,-0.021360427705371776,181,340
838,0.47858587144492937,0.41310821166411227,0.0654776597808171,181,317
839,0.45852619618522067,0.42589149822834976,0.032634697956870906,181,327
840,0.436499169432564,0.3948415287440028,0.041657640688561204,181,333
841,0.40385199395948357,0.3895722733161157,0.014279720643367855,181,344
842,0.421736339871745,0.4716589348335867,-0.04992259496184165,181,316
843,0.40863520021244665,0.3979886619255697,0.01064653828687695,181,359
844,0.4623631091780975,0.4803912409848156,-0.01802813180671814,181,319
845,0.4053792308450693,0.5039528723493899,-0.09857364150432057,181,295
846,0.45424862790538156,0.4693223566413213,-0.015073728735939762,181,280
847,0.39648518982060915,0.5095490609638297,-0.11306387114322053,181,290
848,0.47164445220555223,0.5079096684165808,-0.03626521621102857,181,320
849,0.5083920184265381,0.4563973618121083,0.05199465661442981,181,340
850,0.46287262728149425,0.45601449366012947,0.0068581336213647814,181,323
851,0.4055201542468096,0.470168018093777,-0.06464786384696741,181,333
852,0.41909194321594595,0.4783399506374653,-0.059248007421519366,181,304
853,0.3973345017617987,0.38094870942164016,0.016385792340158523,181,385
854,0.43468718071275775,0.47694585668188155,-0.042258675969123805,181,310
855,0.4325205722489363,0.4603415155058053,-0.027820943256869013,181,312
856,0.4259005132112021,0.4404171561097558,-0.0145166428985537,181,345
857,0.4236223577161114,0.43289626451287233,-0.009273906796760933,181,336
858,0.40832314236686057,0.47135118198222686,-0.0630280396153663,181,327
859,0.4674132317743197,0.4959014480755015,-0.028488216301181812,181,300
860,0.42226121992421134,0.3951238971798182,0.027137322744393122,181,338
861,0.48270048203074045,0.47193642423954535,0.010764057791195103,181,320
862,0.47150860483342305,0.44946976952507117,0.02203883530835188,181,306
863,0.5067149709574185,0.5501990645584165,-0.04348409360099803,181,276
864,0.39599271198108404,0.42892156862745096,-0.03292885664636691,181,328
865,0.4476609982812287,0.4307171986545953,0.016943799626633393,181,322
866,0.4843711224186818,0.5027252470292439,-0.018354124610562128,181,317
867,0.4541427632131682,0.571183235644918,-0.11704047243174981,181,267
868,0.4726528637579851,0.5676749830192865,-0.09502211926130144,181,280
869,0.47267672006347966,0.4358695200800464,0.036807199983433236,181,332
870,0.4550366779130446,0.45117310052770526,0.003863577385339323,181,275
871,0.41696677640779034,0.40302060726976224,0.013946169138028097,181,292
872,0.3581054386894881,0.39496718127423514,-0.03686174258474706,181,345
873,0.405181641563854,0.4708666296791981,-0.06568498811534412,181,313
874,0.4813553081587222,0.45624010083973854,0.025115207318983646,181,328
875,0.4366032565849155,0.47817137487661016,-0.041568118291694656,181,314
876,0.46882085241576593,0.39505324512909834,0.07376760728666759,181,344
877,0.5300634215950532,0.5077426860678091,0.022320735527244007,181,314
878,0.47759891638928537,0.4425764808750063,0.03502243551427908,181,310
879,0.486911035764612,0.5048353049663665,-0.01792426920175455,181,310
880,0.47835121700122535,0.45022332618175576,0.028127890819469592,181,316
881,0.43320834657979074,0.49994136339715717,-0.06673301681736643,181,323
882,0.41037232191904793,0.4274586083830399,-0.017086286463991962,181,331
883,0.45353110941346236,0.49472652047875687,-0.04119541106529451,181,301
884,0.4524422109444354,0.4634738369520979,-0.011031626007662498,181,337
885,0.4583041859129285,0.5067132664373293,-0.048409080524400794,181,289
886,0.4429795790397323,0.6207772006868151,-0.1777976216470828,181,286
887,0.4474857684036118,0.4493822069021284,-0.0018964384985165617,181,337
888,0.4326549492933836,0.5887928788536693,-0.15613792956028566,181,271
889,0.4651606289825546,0.4705253919749718,-0.005364762992417171,181,329
890,0.47156999812189,0.4434562451443396,0.028113752977550366,181,303
891,0.527138417139397,0.4487259195837458,0.07841249755565122,181,316
892,0.44803140334768166,0.4891620713724186,-0.04113066802473697,181,298
893,0.4334658615764607,0.40374376278175,0.029722098794710716,181,340
894,0.48162197392057754,0.487494163511053,-0.005872189590475474,181,288
895,0.475768591540572,0.5025351427970547,-0.026766551256482696,181,316
896,0.45829789426799283,0.4122237942952368,0.04607409997275602,181,339
897,0.3889528448732889,0.4840703593748607,-0.0951175145015718,181,295
898,0.4826831542022457,0.4596839619915251,0.02299919221072061,181,349
899,0.4447745869856859,0.48825964083115964,-0.04348505384547374,181,338
900,0.44495650348666477,0.5090034656713629,-0.06404696218469813,181,305
901,0.47671612404930075,0.4233655825561064,0.05335054149319435,181,339
902,0.4178629737780306,0.4580752870318087,-0.04021231325377811,181,321
903,0.5162361768355571,0.5236529717661793,-0.007416794930622195,181,273
904,0.4961922282133361,0.4864224964580904,0.009769731755245703,181,300
905,0.45316169348427415,0.4423885893185944,0.010773104165679726,181,338
906,0.4279786793846946,0.491555487502573,-0.06357680811787841,181,306
907,0.45235554794817834,0.4659139382600787,-0.01355839031190037,181,340
908,0.44744206382374746,0.44683254683254686,0.0006095169912005982,181,330
909,0.49550143569200017,0.4740479538474238,0.02145348184457635,181,310
910,0.4393556596644728,0.4713967570290755,-0.0320410973646027,181,292
911,0.4639070397825262,0.5012580455176038,-0.0373510057350776,181,313
912,0.4596131596813806,0.4669894191269389,-0.007376259445558309,181,312
913,0.5153676343150028,0.4446424323975345,0.07072520191746828,181,343
914,0.46694985132773137,0.43922515362795705,0.027724697699774314,181,355
915,0.48266058579539495,0.5132657969242151,-0.030605211128820198,181,305
916,0.38548772413169197,0.49167021753756446,-0.10618249340587249,181,295
917,0.4706519693050195,0.4895765661547757,-0.01892459684975617,181,302
918,0.5124854695431308,0.48840958212958624,0.02407588741354455,181,328
919,0.45795060990228276,0.39764910922378266,0.0603015006785001,181,362
920,0.4583071534256075,0.4859943977591036,-0.027687244333496064,181,327
921,0.47372485909858597,0.5412248578565747,-0.06749999875798873,181,286
922,0.4465287034020187,0.4978171966666833,-0.05128849326466456,181,283
923,0.512964773207383,0.5340765404133023,-0.02111176720591934,181,304
924,0.4417040808523472,0.5065150156571527,-0.06481093480480554,181,298
925,0.45828369547639264,0.49331396743970746,-0.03503027196331482,181,325
926,0.4288314859743431,0.46921938028722204,-0.040387894312878925,181,293
927,0.500829956900997,0.44431653085859046,0.0565134260424065,181,337
928,0.4521672093788746,0.48253968253968255,-0.030372473160807933,181,313
929,0.5090782413886801,0.48824718586553945,0.02083105552314063,181,305
930,0.41531989017320164,0.47568123335238627,-0.06036134317918462,181,319
931,0.5024583992169265,0.42800101680540203,0.07445738241152444,181,324
932,0.4515990866216815,0.4958275413874079,-0.0442284547657264,181,293
933,0.4568625686376625,0.4606594147255879,-0.0037968460879254096,181,304
934,0.44608116712907614,0.49832834174122176,-0.05224717461214562,181,338
935,0.45823985173891935,0.5234053387436847,-0.06516548700476532,181,315
936,0.42464789753387666,0.5135967572942363,-0.0889488597603596,181,305
937,0.4160767928682188,0.4775879840064176,-0.061511191138198806,181,320
938,0.4690015235876744,0.45523889549168955,0.01376262809598483,181,301
939,0.5437065316303198,0.5364233166129211,0.007283215017398703,181,285
940,0.3697607734595785,0.4747445366524473,-0.10498376319286884,181,335
941,0.47602519256693754,0.4508317011890352,0.025193491377902333,181,307
942,0.4347904232676086,0.4308753168025847,0.00391510646502391,181,327
943,0.4147095206780694,0.4597300420981762,-0.04502052142010682,181,322
944,0.5000470578440803,0.5125291500470414,-0.012482092202961037,181,313
945,0.38300109728041015,0.44607968429484207,-0.06307858701443192,181,325
946,0.4949192864735964,0.4709145196540154,0.024004766819581025,181,329
947,0.45309008810859475,0.4708910371900841,-0.01780094908148938,181,341
948,0.4215914396620775,0.492752521345019,-0.0711610816829415,181,330
949,0.45824350322545115,0.4308398908152603,0.027403612410190847,181,342
950,0.45119414936126756,0.4531069580894244,-0.0019128087281568562,181,339
951,0.3768798323927272,0.46347181784281993,-0.08659198545009272,181,334
952,0.5007361878979353,0.4966838525714476,0.004052335326487688,181,333
953,0.4619985086274593,0.4868025749914916,-0.024804066364032318,181,310
954,0.5107597852146126,0.4401995480739731,0.07056023714063953,181,296
955,0.39921860800193343,0.42432440943930255,-0.025105801437369124,181,325
956,0.47182700289803503,0.5101285841475433,-0.03830158124950822,181,303
957,0.43903335876352123,0.47385155202895024,-0.03481819326542901,181,339
958,0.48348386237133145,0.43431733079808393,0.04916653157324752,181,350
959,0.40254729008097684,0.4589084947466507,-0.05636120466567385,181,325
960,0.46950436917945476,0.5553401898531499,-0.08583582067369516,181,295
961,0.48723764269254455,0.43328627485540266,0.053951367837141884,181,316
962,0.46592566547359976,0.49561014967456096,-0.029684484200961203,181,307
963,0.4337145996110313,0.49065080728325305,-0.05693620767222174,181,309
964,0.5180675338189606,0.5028628118736946,0.015204721945266009,181,311
965,0.4395513431265505,0.46793958265692864,-0.028388239530378168,181,315
966,0.41408747768901594,0.4407719053864347,-0.026684427697418744,181,320
967,0.4415231652031781,0.4703163035656874,-0.028793138362509296,181,315
968,0.5048947325379044,0.4821910963514146,0.022703636186489795,181,322
969,0.4815365836523939,0.4720140086184753,0.009522575033918568,181,300
970,0.47831949342935814,0.4466857500738356,0.03163374335552255,181,333
971,0.4586470177054108,0.5224133022501798,-0.06376628454476901,181,296
972,0.3938797927334222,0.519761799309492,-0.12588200657606974,181,297
973,0.5036216979950996,0.469432017561823,0.03418968043327658,181,308
974,0.4747813397610678,0.48021927185446256,-0.005437932093394771,181,297
975,0.4432858882342542,0.4714337776795711,-0.02814788944531693,181,322
976,0.45064719982428997,0.48076865713361017,-0.0301214573093202,181,303
977,0.47810523980881126,0.4594357862739708,0.018669453534840452,181,325
978,0.4411535219115104,0.4546757028865539,-0.013522180975043485,181,328
979,0.4543363451090571,0.5217705138636648,-0.06743416875460767,181,292
980,0.4697429824220532,0.4501735612576538,0.019569421164399414,181,336
981,0.4630388354223805,0.4461527805695135,0.016886054852866983,181,330
982,0.41241408971471866,0.48093836706825244,-0.06852427735353378,181,305
983,0.44547435681889463,0.4276228640240631,0.017851492794831558,181,343
984,0.4320242932314298,0.48053664402461543,-0.04851235079318561,181,326
985,0.4283863228830181,0.4630788185605462,-0.034692495677528135,181,305
986,0.4773045358759645,0.49865711788820094,-0.021352582012236443,181,286
987,0.4624122581015599,0.454216766920672,0.008195491180887915,181,332
988,0.46854279139939964,0.5132125779979979,-0.04466978659859827,181,285
989,0.5277240537240536,0.49772082433409665,0.030003229389956976,181,292
990,0.4312961690199542,0.5086298832985906,-0.07733371427863639,181,319
991,0.43509677039720174,0.5022319190623669,-0.06713514866516512,181,301
992,0.42184688874417914,0.4928316555902049,-0.07098476684602578,181,310
993,0.5005343622428808,0.5013831168170434,-0.000848754574162558,181,304
994,0.4252017575326195,0.48110683884159217,-0.05590508130897265,181,306
995,0.47409593284988627,0.44124876989327116,0.032847162956615106,181,327
996,0.45257364862123833,0.4835213790487646,-0.030947730427526243,181,313
997,0.4215394361735825,0.4843860187275148,-0.06284658255393227,181,317
998,0.4503289314289674,0.43634436058846765,0.013984570840499755,181,311
999,0.3517493026194452,0.45940467945597796,-0.10765537683653276,181,316
1000,0.4603264600040224,0.46387972035712227,-0.003553260353099885,181,332
1001,0.38221434162818474,0.380621313332552,0.0015930282956327368,181,344
1002,0.47827358968973055,0.47209027951483407,0.006183310174896484,181,307
1003,0.45500504571520956,0.4941941499485507,-0.039189104233341154,181,322
1004,0.3828357670115266,0.45919136844785463,-0.07635560143632802,181,313
1005,0.43679248587625424,0.3912521767071499,0.04554030916910434,181,349
1006,0.4351733010417845,0.4413523990141379,-0.006179097972353442,181,320
1007,0.5307201028736105,0.4989712062699409,0.031748896603669585,181,294
1008,0.46944230358622735,0.4449940786765253,0.024448224909702054,181,304
1009,0.45928966638136215,0.50335601514673,-0.04406634876536786,181,314
1010,0.42713690578377544,0.49599614800548164,-0.0688592422217062,181,314
1011,0.4489437623231322,0.4799001624941475,-0.030956400171015308,181,317
1012,0.4505873302541917,0.4018821481524637,0.04870518210172797,181,328
1013,0.4822707594558791,0.44126031592197007,0.041010443533909036,181,307
1014,0.44237193681300274,0.5141606240832833,-0.0717886872702806,181,313
1015,0.4833456223518396,0.4769045840474412,0.006441038304398405,181,319
1016,0.482945379698819,0.4331489318908475,0.04979644780797149,181,331
1017,0.3600060584775963,0.40792146937115353,-0.04791541089355722,181,350
1018,0.47884344431553866,0.43034218786542366,0.04850125645011499,181,317
1019,0.4278007729636906,0.3760728142637056,0.05172795869998503,181,346
1020,0.46854868703607616,0.44754068664127505,0.021008000394801107,181,324
1021,0.5358284909889253,0.4910722915526452,0.044756199436280064,181,304
1022,0.45726533620583526,0.4587724923062506,-0.0015071561004153522,181,328
1023,0.4618206450514194,0.4719307565311243,-0.01011011147970492,181,303
1024,0.4538503773520084,0.4484884776898647,0.0053618996621436765,181,328
1025,0.42131257778935993,0.5046827687167452,-0.08337019092738529,181,302
1026,0.448385899692159,0.44037325537885447,0.008012644313304507,181,360
1027,0.463571696651992,0.48417101700639387,-0.020599320354401873,181,306
1028,0.42792915555193506,0.44697229350359574,-0.019043137951660682,181,340
1029,0.4283884131397874,0.5012937271156228,-0.07290531397583538,181,306
1030,0.40791746365125203,0.4446075459361464,-0.03669008228489434,181,329
1031,0.4877761873729615,0.5237758325553517,-0.03599964518239013,181,310
1032,0.49175729631433285,0.38445219303477146,0.10730510327956139,181,328
1033,0.3615360213167399,0.45206855637068244,-0.09053253505394254,181,352
1034,0.5200611126279739,0.48339698185314894,0.036664130774825,181,311
1035,0.4492098728890205,0.433898669518861,0.015311203370159454,181,332
1036,0.5050221858070663,0.5033440696154432,0.001678116191623058,181,293
1037,0.42895036221819016,0.42714725880455273,0.0018031034136374302,181,321
1038,0.4458287146782603,0.46270321572089135,-0.01687450104263105,181,286
1039,0.42183139344079673,0.5303873703986473,-0.10855597695785052,181,300
1040,0.4254532051039316,0.4767434479447509,-0.05129024284081929,181,312
1041,0.4072571706407725,0.4897163783699549,-0.08245920772918242,181,318
1042,0.5319756692303186,0.42375364328015913,0.10822202595015945,181,310
1043,0.4494470446455833,0.4424491814585268,0.00699786318705653,181,330
1044,0.4481235722634505,0.5850084405028536,-0.1368848682394031,181,295
1045,0.439146655300415,0.4610764112534785,-0.021929755953063457,181,311
1046,0.4779334100665709,0.5380265764710614,-0.06009316640449053,181,299
1047,0.3828636918515077,0.5257671707967738,-0.14290347894526612,181,292
1048,0.49428327678472567,0.5045765254824488,-0.010293248697723134,181,292
1049,0.4532107537701668,0.4948136977547514,-0.04160294398458464,181,287
1050,0.43432801892863576,0.4926069443532456,-0.05827892542460983,181,316
1051,0.4806260426339676,0.4964207252836178,-0.015794682649650227,181,293
1052,0.5004381933572517,0.47574863399762013,0.024689559359631574,181,329
1053,0.449868522228605,0.5072372014145052,-0.05736867918590022,181,309
1054,0.4460711273914738,0.43836401839421135,0.007707108997262457,181,318
1055,0.4376954871147704,0.4513863490937101,-0.013690861978939706,181,327
1056,0.41122124198998206,0.43236953147569096,-0.021148289485708904,181,306
1057,0.5147605499141509,0.49128324603334367,0.02347730388080721,181,308
1058,0.4591109767989234,0.446697893269838,0.012413083529085378,181,335
1059,0.4189939232833387,0.47726357537442443,-0.058269652091085755,181,308
1060,0.5080916833006525,0.4823374812564592,0.025754202044193264,181,307
1061,0.41590382969565126,0.44698965404219687,-0.03108582434654561,181,346
1062,0.4631448516372809,0.48739306509292485,-0.02424821345564393,181,329
1063,0.5217765748728274,0.49375548788046564,0.02802108699236172,181,297
1064,0.4421399100325201,0.5430938976085821,-0.10095398757606194,181,309
1065,0.4720629872029503,0.45937793299137836,0.012685054211571956,181,320
1066,0.4080518859455921,0.4478520360752824,-0.03980015012969029,181,323
1067,0.43578029993791406,0.43307375445108587,0.0027065454868281935,181,307
1068,0.4063210654582447,0.5658315326489863,-0.15951046719074163,181,312
1069,0.494990170844902,0.4842450438525387,0.010745126992363296,181,313
1070,0.4128214622136885,0.4437207106935464,-0.03089924847985792,181,314
1071,0.4415640639713754,0.47382977373458074,-0.032265709763205364,181,306
1072,0.4628865354040914,0.5128896223800867,-0.050003086975995314,181,309
1073,0.48728822427124513,0.517494451124083,-0.03020622685283786,181,283
1074,0.41469344908049743,0.533259566215187,-0.11856611713468956,181,331
1075,0.4321876450741687,0.4553114031092425,-0.023123758035073827,181,313
1076,0.44768926356903094,0.4580717744339603,-0.010382510864929362,181,341
1077,0.47486056710832625,0.4701388434544699,0.004721723653856369,181,323
1078,0.5128344013058642,0.4777104967225127,0.03512390458335152,181,293
1079,0.5002282421036177,0.5427923479926936,-0.04256410588907589,181,261
1080,0.4180034076650618,0.38679753719701815,0.03120587046804363,181,349
1081,0.508981417137482,0.5209013053089107,-0.011919888171428639,181,277
1082,0.47442034896627644,0.432834885939798,0.04158546302647842,181,330
1083,0.47242337795333184,0.5081058787269968,-0.035682500773664916,181,299
1084,0.46784708507058737,0.49067574967512034,-0.022828664604532978,181,299
1085,0.5076578389434858,0.4673963342921895,0.0402615046512963,181,317
1086,0.44609756639659964,0.4787158662814593,-0.03261829988485965,181,328
1087,0.4610758399979073,0.4371914877317554,0.023884352266151876,181,343
1088,0.4700218344046584,0.5282247529264559,-0.058202918521797486,181,311
1089,0.4592457321806931,0.4475990833727809,0.011646648807912163,181,305
1090,0.3860581271768971,0.4558086924546552,-0.06975056527775814,181,304
1091,0.4563000946577945,0.39003142209592656,0.06626867256186791,181,301
1092,0.5027336926803577,0.5164045055120351,-0.01367081283167737,181,299
1093,0.5155198494375555,0.47181915828532367,0.043700691152231796,181,313
1094,0.4750293819962721,0.46280779479189504,0.012221587204377049,181,313
1095,0.44035493829727207,0.49802937018770355,-0.05767443189043148,181,308
1096,0.43746269698784424,0.46107724657630156,-0.023614549588457323,181,328
1097,0.4157554815760155,0.5004428803330896,-0.0846873987570741,181,287
1098,0.41668402831123813,0.5478050006790106,-0.13112097236777248,181,299
1099,0.4546392035966814,0.4360527656734334,0.018586437923248045,181,315
1100,0.44079338002716195,0.42547456782177634,0.015318812205385612,181,321
1101,0.49357360036903725,0.44153976306134746,0.05203383730768979,181,309
1102,0.38794842026233683,0.47412669432373866,-0.08617827406140183,181,342
1103,0.4509312498907835,0.49010001463168285,-0.039168764740899364,181,323
1104,0.40760253870849744,0.4758828109104805,-0.06828027220198307,181,297
1105,0.4804417431308187,0.46681664416770513,0.013625098963113591,181,325
1106,0.44675040989548087,0.4580321076041945,-0.011281697708713623,181,323
1107,0.4915099152627357,0.5052798922998105,-0.013769977037074832,181,318
1108,0.46004777315456924,0.42392364968202945,0.03612412347253979,181,318
1109,0.4331437549837491,0.4586534695400944,-0.02550971455634532,181,312
1110,0.47607204958144056,0.48841913494129957,-0.012347085359859011,181,314
1111,0.41714435092094665,0.4956072957820728,-0.07846294486112615,181,316
1112,0.4790516603800628,0.45818645350598813,0.02086520687407467,181,324
1113,0.44565407961028886,0.46532471446576334,-0.01967063485547449,181,318
1114,0.48682190316113677,0.42896771803485606,0.05785418512628071,181,337
1115,0.48436911855429254,0.4708910371108952,0.01347808144339735,181,312
1116,0.4869264588952464,0.5187658242457004,-0.03183936535045401,181,309
1117,0.3911846334121534,0.4694454381765217,-0.07826080476436825,181,307
1118,0.44941518964619726,0.46350361461198897,-0.014088424965791713,181,309
1119,0.48640444481886325,0.4996207828283841,-0.013216338009520878,181,319
1120,0.4428949156543315,0.47970501992522696,-0.03681010427089548,181,321
1121,0.4503609123541001,0.4982243952397531,-0.04786348288565301,181,318
1122,0.48337488622138586,0.5030832645525563,-0.019708378331170395,181,313
1123,0.4257799747655223,0.4622677419087496,-0.03648776714322727,181,320
1124,0.37263093894555815,0.5056204884008946,-0.13298954945533642,181,298
1125,0.40495242413697347,0.5179833516356426,-0.11303092749866911,181,291
1126,0.43295756813636876,0.44372942522656483,-0.010771857090196069,181,314
1127,0.4532221117953283,0.5372319966625431,-0.08400988486721478,181,285
1128,0.4449743261524139,0.49678204869234766,-0.051807722539933765,181,307
1129,0.45994988919928387,0.4826330963691191,-0.02268320716983524,181,333
1130,0.5010672663648287,0.46915787380740187,0.03190939255742681,181,304
1131,0.4138296893333688,0.5711310499063483,-0.15730136057297955,181,287
1132,0.4774238398039432,0.46537997756185634,0.012043862242086867,181,295
1133,0.42908333000412385,0.3966832887000954,0.03240004130402846,181,329
1134,0.4434045206430728,0.4424254891955606,0.000979031447512213,181,361
1135,0.43170780031068784,0.4753522020299062,-0.04364440171921835,181,302
1136,0.42868679635596935,0.47320786871893955,-0.044521072362970204,181,314
1137,0.42779560991262483,0.47157145713462284,-0.04377584722199801,181,341
1138,0.5149865014029803,0.4316485568380948,0.08333794456488552,181,323
1139,0.4346510843892095,0.5314074463548148,-0.09675636196560533,181,291
1140,0.5009222423146473,0.41369813541542516,0.08722410689922216,181,350
1141,0.5077465056706638,0.4325201407902263,0.07522636488043749,181,318
1142,0.40222852817559485,0.4533802138115087,-0.05115168563591388,181,328
1143,0.38167062173706695,0.48243363254294785,-0.1007630108058809,181,324
1144,0.48926170928271195,0.503315082360522,-0.014053373077810072,181,273
1145,0.5001567176331211,0.4984647182662136,0.001691999366907504,181,307
1146,0.4338390705530665,0.5258985025225172,-0.09205943196945077,181,293
1147,0.4895554252171033,0.49443940065952807,-0.004883975442424748,181,328
1148,0.47731479267792537,0.469084272664131,0.008230520013794373,181,326
1149,0.4595849807879793,0.441314684191148,0.018270296596831326,181,340
1150,0.43322598056422584,0.48331815448357335,-0.050092173919347505,181,310
1151,0.45303339407101934,0.4244561740067582,0.02857722006426111,181,343
1152,0.34053400103034115,0.45337074033545194,-0.11283673930511079,181,347
1153,0.4510730310186503,0.45230879658360107,-0.0012357655649507526,181,352
1154,0.43958448158490426,0.4908973431892442,-0.051312861604339954,181,302
1155,0.4740108913578301,0.5184915594406726,-0.04448066808284251,181,305
1156,0.43661943883073845,0.5207287865068218,-0.0841093476760833,181,291
1157,0.4838524505980439,0.5181462864544119,-0.03429383585636797,181,295
1158,0.3759028360202528,0.5012313621100614,-0.12532852608980855,181,337
1159,0.4797680890538033,0.435515086957528,0.04425300209627531,181,299
1160,0.49327231768421986,0.42350979233947117,0.0697625253447487,181,326
1161,0.49901455231058317,0.5438979447397411,-0.0448833924291579,181,278
1162,0.5274405009810971,0.4119515506070128,0.1154889503740843,181,349
1163,0.47174603250184344,0.5082034648656434,-0.036457432363799946,181,280
1164,0.42499018605216193,0.4884730496753567,-0.06348286362319477,181,320
1165,0.5214812628579838,0.5954164191426682,-0.07393515628468439,181,263
1166,0.41806238465603196,0.4301912725544099,-0.01212888789837796,181,325
1167,0.4851653257214366,0.48042730299724784,0.004738022724188773,181,321
1168,0.470710459956558,0.5475912147917413,-0.07688075483518331,181,279
1169,0.4916957864693056,0.4654854723384915,0.026210314130814094,181,304
1170,0.43840297325352173,0.4964339828033337,-0.05803100954981194,181,315
1171,0.4785972778876603,0.4190364980063262,0.059560779881334125,181,333
1172,0.37623867046183,0.44838743092591443,-0.07214876046408442,181,328
1173,0.44271283986623994,0.44944982678951323,-0.0067369869232732915,181,319
1174,0.4438441074499305,0.4457646742499373,-0.0019205668000067955,181,326
1175,0.38758151595696727,0.4692193837105042,-0.08163786775353693,181,320
1176,0.4566442695014124,0.5140443876818284,-0.05740011818041596,181,314
1177,0.4312579946428018,0.4751428369491873,-0.04388484230638551,181,314
1178,0.491590059400782,0.43389712700326927,0.05769293239751272,181,345
1179,0.5137129139490901,0.510837015714703,0.002875898234387164,181,328
1180,0.4708207833762731,0.507598965538962,-0.03677818216268891,181,292
1181,0.5135489636490949,0.44340143423216966,0.0701475294169252,181,322
1182,0.4743612010432524,0.44546109938327205,0.02890010165998036,181,343
1183,0.4800762003361405,0.4884426953738889,-0.00836649503774839,181,313
1184,0.46928766773879405,0.47020776015380056,-0.0009200924150065126,181,323
1185,0.49050537753668505,0.48027007557083184,0.010235301965853205,181,329
1186,0.4003714208856973,0.43462808757789484,-0.03425666669219751,181,310
1187,0.4488119800523475,0.450447781734936,-0.001635801682588478,181,302
1188,0.4653563023536528,0.47173691066588624,-0.006380608312233471,181,303
1189,0.45777105896680437,0.34855348732899755,0.10921757163780682,181,342
1190,0.4431863522611117,0.4425408203062455,0.0006455319548662186,181,319
1191,0.4873887336857537,0.4259877739974108,0.061400959688342915,181,352
1192,0.44569191312888795,0.4463365010963504,-0.0006445879674624733,181,359
1193,0.3658829424970142,0.41650106087917405,-0.05061811838215985,181,301
1194,0.4599213286966024,0.4957152816381269,-0.03579395294152449,181,321
1195,0.3654780707430853,0.4454208939667056,-0.07994282322362029,181,303
1196,0.3953018600902439,0.5300354870526903,-0.13473362696244645,181,317
1197,0.4013622690455493,0.4894127237707707,-0.08805045472522144,181,302
1198,0.4118109505193654,0.4560679679141543,-0.04425701739478893,181,339
1199,0.489222830191029,0.4814474722039131,0.007775357987115927,181,334
1200,0.49064123767012635,0.4522710968409874,0.03837014082913898,181,324
1201,0.4657263072225014,0.4913181432119516,-0.025591835989450196,181,326
1202,0.4195876285394485,0.544290306142211,-0.12470267760276249,181,312
1203,0.4997345666256315,0.49223410404097306,0.007500462584658418,181,277
1204,0.45134384852259063,0.42953280097199903,0.0218110475505916,181,319
1205,0.4626385031361918,0.5305647823852159,-0.06792627924902406,181,305
1206,0.4381630513168468,0.4403504372294836,-0.0021873859126367856,181,325
1207,0.4039612230737703,0.465850460506669,-0.0618892374328987,181,324
1208,0.43712946301433014,0.4650914726096959,-0.027962009595365767,181,313
1209,0.4753711725599094,0.38748788354382374,0.08788328901608566,181,350
1210,0.45744615399743305,0.45195865477430797,0.005487499223125081,181,328
1211,0.4623857181996716,0.4287873977460577,0.03359832045361394,181,325
1212,0.4665396950569084,0.4540995720695484,0.012440122987360025,181,292
1213,0.4861007673132523,0.4738891982966506,0.012211569016601698,181,311
1214,0.4874496088849481,0.40951173639056904,0.07793787249437906,181,338
1215,0.43740010898633264,0.4907073997370493,-0.05330729075071666,181,323
1216,0.4565921347420757,0.41361228680612067,0.04297984793595505,181,368
1217,0.4854279669343038,0.5226012546137676,-0.03717328767946382,181,316
1218,0.4426486002905702,0.45388299466168325,-0.011234394371113066,181,349
1219,0.3956785484756673,0.4207120385982482,-0.02503349012258088,181,333
1220,0.4472964438029595,0.4672846078956384,-0.019988164092678895,181,305
1221,0.4456741307018003,0.5024666714076365,-0.05679254070583617,181,306
1222,0.4289549961861175,0.43080202874005563,-0.0018470325539381438,181,301
1223,0.46224203494466437,0.5243999723246225,-0.06215793737995817,181,322
1224,0.4609222189521192,0.481300020861231,-0.020377801909111815,181,338
1225,0.42875784685858453,0.41172252545756727,0.017035321401017267,181,338
1226,0.4259970255222561,0.4883115028629162,-0.06231447734066009,181,298
1227,0.49038380836499,0.48617933810822417,0.0042044702567658465,181,319
1228,0.4424170472293743,0.4732986507249489,-0.030881603495574617,181,336
1229,0.5244960526016427,0.4518600913558897,0.07263596124575294,181,336
1230,0.44217592250222276,0.4741310976605094,-0.031955175158286664,181,311
1231,0.5146213682354033,0.526771509241902,-0.012150141006498694,181,282
1232,0.4415389595227995,0.47892398692676175,-0.03738502740396227,181,324
1233,0.49077415745901115,0.5511858243370784,-0.06041166687806726,181,279
1234,0.43946702058853565,0.4767222199884738,-0.037255199399938155,181,286
1235,0.4617571380293934,0.49661692029341836,-0.034859782264024974,181,323
1236,0.5168866774181743,0.47011601818858056,0.046770659229593725,181,306
1237,0.42163160319259846,0.5009469126949163,-0.07931530950231785,181,320
1238,0.4389096551730571,0.47067712622350316,-0.03176747105044608,181,324
1239,0.37117388901898635,0.4464626001808956,-0.07528871116190927,181,330
1240,0.4488740763171789,0.47693243642140776,-0.028058360104228852,181,318
1241,0.4643370596508897,0.43093319529627516,0.033403864354614565,181,335
1242,0.4023712748697806,0.4610593059276245,-0.058688031057843926,181,338
1243,0.4475582681419613,0.46277605993022314,-0.015217791788261825,181,326
1244,0.4085432875396765,0.48920473059899133,-0.08066144305931483,181,319
1245,0.4549567873438374,0.4281250750410776,0.02683171230275977,181,354
1246,0.48319818921423197,0.516509848383124,-0.033311659168892005,181,296
1247,0.42480491428444,0.4250235687492547,-0.00021865446481467155,181,329
1248,0.4584880103114872,0.5259298654652897,-0.06744185515380252,181,291
1249,0.4513681993537739,0.3900555466158021,0.06131265273797182,181,360
1250,0.4781886383127859,0.4289195159292629,0.04926912238352299,181,340
1251,0.42935497275833406,0.477067728018585,-0.04771275526025093,181,318
1252,0.4699026942248965,0.4806499754464846,-0.010747281221588079,181,281
1253,0.4857740443886524,0.4946185444167404,-0.00884450002808801,181,285
1254,0.49368501065796766,0.49600235624871686,-0.002317345590749198,181,313
1255,0.47007003051472834,0.4444109650623158,0.025659065452412533,181,327
1256,0.44206773618538325,0.437113715649745,0.004954020535638259,181,324
1257,0.4064587475032563,0.47256814773954764,-0.06610940023629136,181,321
1258,0.42156714823219044,0.49926763947501274,-0.0777004912428223,181,305
1259,0.480588071854008,0.4889294577247344,-0.008341385870726414,181,324
1260,0.4800174376201682,0.4371916052068153,0.04282583241335286,181,297
1261,0.4086946409927776,0.4633029296384623,-0.05460828864568473,181,295
1262,0.5028116431477776,0.4257065019881238,0.07710514115965378,181,354
1263,0.46123176175930086,0.5142064553148104,-0.05297469355550949,181,289
1264,0.4778641401826751,0.43793761638563394,0.03992652379704115,181,317
1265,0.45816618529407177,0.4780678959645476,-0.019901710670475803,181,307
1266,0.5010974635496571,0.4337531429111183,0.06734432063853885,181,362
1267,0.39553706402571515,0.4536519185286303,-0.05811485450291515,181,296
1268,0.46732615132293287,0.5178053372186245,-0.05047918589569167,181,313
1269,0.48123023383644936,0.46951842849320063,0.011711805343248727,181,284
1270,0.5091249103820539,0.554717825216894,-0.04559291483484007,181,276
1271,0.42388491795185507,0.4445174762731595,-0.02063255832130445,181,346
1272,0.4905073839483006,0.4888578785388399,0.0016495054094607386,181,338
1273,0.44377194446934964,0.402277133651278,0.04149481081807166,181,328
1274,0.5171056673010033,0.45664818810261165,0.06045747919839162,181,314
1275,0.4447234961336739,0.4089239755574522,0.03579952057622171,181,355
1276,0.4175206439149752,0.4447125230879926,-0.027191879173017408,181,302
1277,0.4956958380876892,0.4897210383260654,0.005974799761623795,181,318
1278,0.4492646808754359,0.46385146354560475,-0.01458678267016883,181,312
1279,0.48518344026498866,0.4600128145708245,0.025170625694164173,181,332
1280,0.4614083542652737,0.5012517724368019,-0.039843418171528144,181,325
1281,0.48755215365160315,0.477626530467312,0.009925623184291132,181,316
1282,0.45778336106581513,0.4255751842034162,0.03220817686239891,181,325
1283,0.473118076336766,0.5140001626122211,-0.04088208627545514,181,302
1284,0.4191321686718208,0.4288021370681577,-0.009669968396336881,181,326
1285,0.47433537555488775,0.48128348913114866,-0.006948113576260906,181,291
1286,0.4897933623292873,0.5138406771533707,-0.0240473148240834,181,294
1287,0.5477218999076175,0.5219879062736206,0.025733993633996977,181,305
1288,0.49435711533106985,0.5046080038410788,-0.010250888510008993,181,300
1289,0.4783261994852559,0.5046236277071517,-0.026297428221895847,181,298
1290,0.4642686831275359,0.4359173178292576,0.028351365298278308,181,344
1291,0.44052279582233506,0.44987643233421143,-0.009353636511876373,181,340
1292,0.4373154119947574,0.4815219133883072,-0.04420650139354981,181,337
1293,0.43024260505201256,0.3862904023455518,0.043952202706460775,181,362
1294,0.5317252481893603,0.47556070445198234,0.05616454373737795,181,292
1295,0.44304371858747965,0.4627829535991398,-0.01973923501166014,181,314
1296,0.41674701270161346,0.5085770411857368,-0.0918300284841233,181,291
1297,0.4623829801338649,0.4815723151293972,-0.01918933499553227,181,316
1298,0.4760561014529268,0.39311298616582374,0.08294311528710308,181,323
1299,0.4511137788448712,0.47300005106269144,-0.021886272217820246,181,303
1300,0.4699329492562576,0.4787160658522853,-0.008783116596027707,181,323
1301,0.3569527372053298,0.4619853843716521,-0.10503264716632232,181,329
1302,0.4382871946071708,0.4835381412206156,-0.04525094661344481,181,337
1303,0.4510132825420049,0.4090925395527328,0.04192074298927212,181,365
1304,0.47627629532546184,0.5889492573727031,-0.11267296204724125,181,273
1305,0.4423372045275765,0.5391032732253545,-0.09676606869777793,181,293
1306,0.4554773608738956,0.5574796927696772,-0.10200233189578162,181,305
1307,0.41464946962708654,0.48511013472650305,-0.07046066509941651,181,307
1308,0.44399221006686,0.49522125038172715,-0.051229040314867136,181,317
1309,0.47436437524288727,0.5671112523560334,-0.09274687711314616,181,276
1310,0.4052365451480341,0.37577113524531175,0.02946540990272234,181,395
1311,0.49587923655399113,0.47880366768625926,0.017075568867731872,181,327
1312,0.41019858771917045,0.3816832742210211,0.02851531349814934,181,340
1313,0.4894719584374095,0.4516742771158894,0.03779768132152006,181,333
1314,0.43210618018699154,0.43558843754230564,-0.0034822573553141,181,336
1315,0.41029619503303716,0.40366565357411394,0.0066305414589232226,181,337
1316,0.4381705586011309,0.4355865513484956,0.002584007252635301,181,324
1317,0.46019471806926715,0.470104725206766,-0.009910007137498844,181,301
1318,0.4710225704328138,0.4392597736944727,0.03176279673834109,181,320
1319,0.4146744549880048,0.39954461584969875,0.015129839138306067,181,376
1320,0.498373271174992,0.4600045215487495,0.03836874962624254,181,302
1321,0.48315756190958953,0.4960414956551275,-0.012883933745537979,181,305
1322,0.5003885003885004,0.4561895010307709,0.044198999357729474,181,336
1323,0.41778469621279274,0.5209245591014312,-0.10313986288863847,181,283
1324,0.4882145614544146,0.47178973624610787,0.016424825208306737,181,308
1325,0.46904946816760934,0.42332513652033826,0.04572433164727108,181,329
1326,0.45865987768822364,0.46314510041201457,-0.004485222723790927,181,328
1327,0.4220738522964466,0.4893787147011596,-0.067304862404713,181,311
1328,0.4366819113246275,0.36141373479082484,0.07526817653380269,181,380
1329,0.5042952764885378,0.5005951217317236,0.003700154756814178,181,341
1330,0.46447119276387566,0.4735678797181097,-0.009096686954234046,181,297
1331,0.42571954848427757,0.48741417747288596,-0.06169462898860839,181,298
1332,0.4758295378745406,0.5201535365217186,-0.04432399864717801,181,293
1333,0.5041835907437323,0.46917646585611333,0.03500712488761898,181,275
1334,0.4387993794008831,0.49081268401252015,-0.05201330461163706,181,317
1335,0.4532372859811029,0.4787708221419938,-0.02553353616089088,181,296
1336,0.46335420449336134,0.4340999372369548,0.029254267256406563,181,313
1337,0.5361288118467826,0.4370488687694237,0.0990799430773589,181,317
1338,0.4581670754252757,0.5100314710409994,-0.05186439561572376,181,317
1339,0.4849212874180496,0.38708224287428267,0.0978390445437669,181,343
1340,0.4729068250761936,0.43164012597615614,0.04126669910003744,181,335
1341,0.45255929543173556,0.42924661118820345,0.02331268424353211,181,287
1342,0.3705521737615315,0.4649154517734764,-0.09436327801194488,181,336
1343,0.38372128960364255,0.48406793224397876,-0.10034664264033621,181,310
1344,0.46387851914167705,0.4361425564244083,0.027735962717268747,181,337
1345,0.41494317659054847,0.5819533319640506,-0.16701015537350217,181,302
1346,0.4362192339106009,0.42657561890716084,0.009643615003440076,181,323
1347,0.41985219158244896,0.47503643460610334,-0.05518424302365438,181,325
1348,0.41563891303249784,0.48782219390915044,-0.0721832808766526,181,327
1349,0.4208972344203606,0.5394405065332118,-0.11854327211285126,181,286
1350,0.40734499076055786,0.43123906142396634,-0.023894070663408484,181,359
1351,0.4813980340760345,0.45763809855490667,0.023759935521127817,181,312
1352,0.46962185291998954,0.4442684561044703,0.025353396815519236,181,315
1353,0.4425294086800689,0.4899567858805221,-0.0474273772004532,181,303
1354,0.4713894905053698,0.4952633540780577,-0.023873863572687892,181,320
1355,0.45173679226936586,0.4390491732239658,0.012687619045400056,181,342
1356,0.4896505001589747,0.479134884897027,0.01051561526194772,181,330
1357,0.47912445329578357,0.4680823434975619,0.011042109798221678,181,300
1358,0.48917560398640747,0.5303367773848323,-0.041161173398424844,181,323
1359,0.5122930841937198,0.4876134944121298,0.02467958978158996,181,293
1360,0.47112390101142504,0.47295485626942485,-0.0018309552579998112,181,302
1361,0.44175238683218315,0.4294963982266701,0.01225598860551308,181,312
1362,0.43372751689672634,0.4188334721185812,0.014894044778145155,181,346
1363,0.4876405567074938,0.4915644243848475,-0.0039238676773536985,181,298
1364,0.45836247042186745,0.4589740778735237,-0.0006116074516562264,181,328
1365,0.44166412035628805,0.45821138338289885,-0.016547263026610803,181,313
1366,0.4423922654651233,0.38877600656090483,0.05361625890421845,181,340
1367,0.47364634198874345,0.44531930076330856,0.02832704122543489,181,321
1368,0.5152400570566955,0.4316817547748085,0.08355830228188699,181,310
1369,0.4770803896149518,0.47679852285581203,0.00028186675913977055,181,306
1370,0.47310924924132475,0.4695845199678312,0.0035247292734935654,181,333
1371,0.478739145046855,0.44876016278146136,0.02997898226539364,181,318
1372,0.4321481147308353,0.4323472653026161,-0.00019915057178077067,181,331
1373,0.46351338103707096,0.4946102013474548,-0.031096820310383855,181,316
1374,0.4601814222114329,0.48583613485754445,-0.025654712646111577,181,294
1375,0.516099960485833,0.5192802423891866,-0.003180281903353621,181,315
1376,0.4761871500409737,0.44266652942617946,0.033520620614794217,181,328
1377,0.4267187247769772,0.44447601342813264,-0.017757288651155445,181,356
1378,0.4089160665278349,0.5122897515480199,-0.10337368502018501,181,303
1379,0.4368178050156339,0.48306323306323307,-0.04624542804759918,181,325
1380,0.44157660482262334,0.36208092122175783,0.07949568360086551,181,347
1381,0.4742070217278365,0.41355169063775304,0.060655331090083475,181,342
1382,0.38936261465828387,0.4892308503114304,-0.09986823565314651,181,315
1383,0.5282615882515279,0.5340037366430943,-0.005742148391566393,181,300
1384,0.47274029868378337,0.47324121991059265,-0.0005009212268092811,181,309
1385,0.4779162036614886,0.48729135345676694,-0.009375149795278315,181,329
1386,0.46721267163086694,0.49726252414540895,-0.030049852514542008,181,322
1387,0.4548945612052061,0.4409431735049477,0.013951387700258389,181,334
1388,0.466571666461509,0.49580160220201186,-0.029229935740502866,181,280
1389,0.4738815062950802,0.4772019610518418,-0.003320454756761626,181,294
1390,0.45596738792010877,0.5173002985588792,-0.06133291063877039,181,281
1391,0.47186769890828767,0.4161037355397354,0.05576396336855227,181,334
1392,0.4022432893734619,0.4182773487872666,-0.016034059413804702,181,342
1393,0.4688356055497701,0.4790812186177956,-0.010245613068025516,181,334
1394,0.5035239587103495,0.492008994816132,0.011514963894217523,181,279
1395,0.44465523624104825,0.5035127844241145,-0.058857548183066266,181,312
1396,0.4820063848241397,0.4913935420827505,-0.009387157258610779,181,312
1397,0.5058714311874813,0.4386247718088252,0.06724665937865615,181,337
1398,0.43148455702310706,0.43793299856499335,-0.006448441541886285,181,319
1399,0.42011096828497324,0.5008819402977779,-0.08077097201280464,181,288
1400,0.46522876489563375,0.4553597597465436,0.009869005149090171,181,323
1401,0.4804505444025691,0.48151540703264845,-0.0010648626300793218,181,288
1402,0.40669055739881455,0.4466154976197981,-0.03992494022098353,181,342
1403,0.4670966465863716,0.4261664453736265,0.0409302012127451,181,319
1404,0.42195479906916644,0.48546752033942714,-0.0635127212702607,181,298
1405,0.4253590335909529,0.4602765283048221,-0.03491749471386918,181,338
1406,0.37373072016959236,0.4394941870299961,-0.06576346686040374,181,329
1407,0.46702186975585985,0.5327570983353636,-0.0657352285795037,181,287
1408,0.4431451474795128,0.48172632315301395,-0.03858117567350117,181,311
1409,0.46398059766832617,0.5178968834449261,-0.05391628577659996,181,310
1410,0.41074825511123825,0.4638311645386609,-0.053082909427422664,181,314
1411,0.4592958853664211,0.5343943888930339,-0.07509850352661285,181,309
1412,0.4415519227960098,0.4277870736871882,0.013764849108821586,181,375
1413,0.4775445976369833,0.473149681134252,0.0043949165027313275,181,310
1414,0.4787388166251652,0.4611278258657269,0.017610990759438283,181,320
1415,0.43539976590824053,0.4121778509619425,0.02322191494629805,181,334
1416,0.40044667670765394,0.4808508416722052,-0.08040416496455127,181,312
1417,0.40718734611761015,0.510545770091907,-0.1033584239742969,181,324
1418,0.47494984028480863,0.41263451166832815,0.06231532861648048,181,321
1419,0.43312330458266424,0.4245487997141516,0.008574504868512633,181,339
1420,0.5234768039782632,0.5247901628393838,-0.001313358861120606,181,287
1421,0.4804553891187921,0.4861924449592286,-0.005737055840436489,181,306
1422,0.46848522928490943,0.45499960202112366,0.013485627263785771,181,361
1423,0.4009900593233927,0.4962537755376178,-0.09526371621422508,181,296
1424,0.45355718464468386,0.4368277287316626,0.016729455913021274,181,331
1425,0.4934620001846892,0.5008980206557131,-0.007436020471023874,181,280
1426,0.43992109677954533,0.5502206859805852,-0.11029958920103983,181,292
1427,0.3923862397151713,0.47704278149528184,-0.08465654178011056,181,313
1428,0.3947370568421396,0.4591005204267669,-0.0643634635846273,181,333
1429,0.4980695436371994,0.45046895514185226,0.04760058849534715,181,328
1430,0.4720971305492041,0.5071323172788956,-0.035035186729691525,181,285
1431,0.5097345915205347,0.5053754910780546,0.004359100442480113,181,303
1432,0.46665190812635604,0.5148212429478706,-0.04816933482151453,181,299
1433,0.4448739595216969,0.568318992282126,-0.12344503276042912,181,288
1434,0.49204908660382285,0.42516409725348814,0.06688498935033471,181,304
1435,0.4472774586033975,0.48544873698031743,-0.038171278376919915,181,337
1436,0.4740582093572205,0.44640761179439414,0.02765059756282634,181,329
1437,0.4916833180862503,0.5136423368465193,-0.021959018760268956,181,281
1438,0.4229708234120609,0.4488852329039526,-0.02591440949189172,181,357
1439,0.474197465528163,0.45620020697713465,0.01799725855102835,181,323
1440,0.4380776426502925,0.44627980225806313,-0.008202159607770654,181,320
1441,0.4383540672582228,0.4291495909020355,0.009204476356187263,181,323
1442,0.5341979770935023,0.4641483344826769,0.07004964261082536,181,300
1443,0.4863964086926507,0.4283547533363585,0.05804165535629224,181,351
1444,0.494787117072566,0.4995347465894451,-0.0047476295168790705,181,308
1445,0.45396097028091653,0.5071886782818551,-0.05322770800093857,181,297
1446,0.4946014671397165,0.4231378278771719,0.07146363926254456,181,324
1447,0.5416464047651374,0.45209757314658366,0.0895488316185537,181,313
1448,0.48520023558734354,0.45193190963357394,0.033268325953769606,181,293
1449,0.48259431010749615,0.43297207757749134,0.049622232530004806,181,313
1450,0.44086685071906745,0.3576030441205111,0.08326380659855637,181,373
1451,0.5216698797725593,0.4598097266257311,0.06186015314682819,181,334
1452,0.4629419821131804,0.5474771351681536,-0.08453515305497317,181,293
1453,0.517789697966263,0.5188269529720947,-0.0010372550058317387,181,297
1454,0.49168685277377927,0.44507415753271484,0.04661269524106443,181,337
1455,0.452715031195673,0.4672019051436966,-0.01448687394802356,181,304
1456,0.47779049227230425,0.44878811328435575,0.029002378987948496,181,305
1457,0.4750242582256588,0.4468291876020925,0.0281950706235663,181,309
1458,0.42412513905590515,0.495505733005733,-0.07138059394982782,181,308
1459,0.42967245221925127,0.4817845100813011,-0.05211205786204981,181,310
1460,0.47383374247569776,0.46093911357174294,0.012894628903954819,181,308
1461,0.486203027229629,0.4398722288392302,0.046330798390398775,181,344
1462,0.4620872120146666,0.4358572254101899,0.02622998660447673,181,354
1463,0.4816557946226644,0.4021727099021816,0.07948308472048277,181,304
1464,0.46346722138181917,0.4368478639979298,0.026619357383889375,181,322
1465,0.46756542959860425,0.4692992264624736,-0.001733796863869319,181,300
1466,0.45888785489625833,0.5113997309111634,-0.05251187601490509,181,290
1467,0.5008312096768532,0.5528654908800188,-0.052034281203165555,181,294
1468,0.4490554236859655,0.4855265348874819,-0.03647111120151636,181,318
1469,0.455990647599751,0.42291975808891197,0.03307088951083903,181,359
1470,0.4043972333156841,0.4614435546370447,-0.05704632132136056,181,334
1471,0.463720528601314,0.46235458640846844,0.0013659421928455817,181,324
1472,0.4717383762683219,0.5311705548489689,-0.05943217858064703,181,291
1473,0.3687216297930104,0.4906518135413724,-0.12193018374836201,181,304
1474,0.5222017998250293,0.49264179216709475,0.029560007657934595,181,307
1475,0.44561051530472984,0.4682224893555384,-0.02261197405080856,181,333
1476,0.45070062008215084,0.49379496504072684,-0.043094344958576,181,301
1477,0.49057543984354046,0.46888680569970365,0.021688634143836816,181,293
1478,0.4839864666317188,0.49651644748437673,-0.01252998085265794,181,294
1479,0.47488225900073516,0.4851684631002006,-0.010286204099465457,181,322
1480,0.48858099945909744,0.5079179787214221,-0.01933697926232464,181,294
1481,0.46477588719970864,0.4766468385516406,-0.011870951351931947,181,299
1482,0.3523206862407551,0.40098045059134557,-0.048659764350590495,181,326
1483,0.4617505975407687,0.5021001343225759,-0.04034953678180725,181,301
1484,0.4626647394654597,0.4578621668437793,0.004802572621680434,181,292
1485,0.4522919164842757,0.4477242634811409,0.004567653003134775,181,304
1486,0.434556588080078,0.42425967488801003,0.010296913192067991,181,360
1487,0.49010543347773894,0.5045728072804951,-0.0144673738027562,181,305
1488,0.4201041285843455,0.5070681584732493,-0.08696402988890378,181,289
1489,0.453445927388355,0.4606429469451629,-0.007197019556807904,181,340
1490,0.4233202747071453,0.4748537684858368,-0.05153349377869154,181,287
1491,0.4169169849786024,0.46639358641295897,-0.04947660143435656,181,325
1492,0.4861036117988138,0.5226766545271432,-0.0365730427283294,181,289
1493,0.3755519515129365,0.4104155321679021,-0.03486358065496559,181,346
1494,0.4266998940162039,0.4644680349439284,-0.037768140927724514,181,314
1495,0.44436329715832823,0.4971597398083321,-0.05279644265000388,181,327
1496,0.4738382616602757,0.5138613102287206,-0.04002304856844491,181,293
1497,0.40960669286222184,0.4671614421297744,-0.05755474926755255,181,322
1498,0.5025221482277201,0.48435912184833674,0.018163026379383385,181,318
1499,0.474499514421127,0.433431791664891,0.04106772275623599,181,317
1500,0.4627806140662842,0.48380711263843196,-0.021026498572147778,181,311
1501,0.4780401222339246,0.5146619193222909,-0.03662179708836627,181,301
1502,0.4680321136918759,0.4058692024073875,0.06216291128448842,181,387
1503,0.467171203079083,0.5025788385213817,-0.035407635442298746,181,305
1504,0.3846871296853624,0.506964005603942,-0.12227687591857955,181,317
1505,0.4079182942265081,0.4687038760607076,-0.06078558183419952,181,325
1506,0.5023602662242532,0.4531820880289134,0.04917817819533982,181,332
1507,0.4649194032572181,0.5132656748397493,-0.048346271582531186,181,305
1508,0.45871688994587495,0.5103765137832627,-0.0516596238373877,181,324
1509,0.44175457570415555,0.43172775055743345,0.010026825146722096,181,308
1510,0.5122098839535815,0.4456186615023476,0.06659122245123389,181,313
1511,0.4369602211881073,0.458545918367347,-0.021585697179239693,181,302
1512,0.47576583744971035,0.49527968122626237,-0.01951384377655202,181,268
1513,0.48369395574157015,0.5307145277269167,-0.04702057198534659,181,318
1514,0.4349851939132708,0.4212965647748256,0.013688629138445207,181,331
1515,0.5010619527234225,0.40557844932844933,0.09548350339497313,181,328
1516,0.44680164975216397,0.46511822120152413,-0.018316571449360164,181,329
1517,0.43425963331288997,0.5227098571926158,-0.08845022387972579,181,288
1518,0.49664220176349555,0.4801744712655919,0.016467730497903676,181,307
1519,0.5154670646102714,0.48573960350394774,0.029727461106323627,181,301
1520,0.47919548913192817,0.4700295391096167,0.009165950022311464,181,309
1521,0.46759843480800783,0.43682317994911196,0.030775254858895873,181,340
1522,0.4458373915972095,0.48190276807237536,-0.03606537647516589,181,320
1523,0.4543657206782176,0.47674296196466004,-0.022377241286442418,181,317
1524,0.49303557229735695,0.4312076180063934,0.06182795429096355,181,310
1525,0.4644740801828653,0.45615534741824504,0.008318732764620251,181,311
1526,0.479890537059815,0.46019868373223133,0.019691853327583664,181,318
1527,0.5120403033008075,0.530904508059055,-0.01886420475824746,181,294
1528,0.42446034761496143,0.4344121079340713,-0.009951760319109881,181,325
1529,0.452066718043132,0.4307857398951117,0.02128097814802027,181,321
1530,0.4593946610674281,0.44411462794152684,0.01528003312590126,181,318
1531,0.4400436469839279,0.47115715295296895,-0.031113505969041055,181,324
1532,0.47091974579307977,0.47574672405414037,-0.004826978261060599,181,338
1533,0.45821451839914207,0.453127204233831,0.005087314165311052,181,320
1534,0.445528959099915,0.47565007956429817,-0.030121120464383144,181,316
1535,0.4518813997095548,0.49651706193059575,-0.04463566222104093,181,322
1536,0.4773653820395098,0.463939584397659,0.013425797641850812,181,333
1537,0.41387789232905675,0.39574690893306474,0.018130983395992006,181,382
1538,0.4142746287298286,0.4763046573988277,-0.06203002866899909,181,325
1539,0.5222485470665971,0.42937666661322815,0.09287188045336892,181,316
1540,0.42619114194201896,0.49018373285017647,-0.06399259090815751,181,329
1541,0.4164789400608728,0.4125450706003734,0.003933869460499451,181,343
1542,0.42470830948075206,0.5079614593875916,-0.08325314990683957,181,288
1543,0.47386343698060723,0.47646333545629665,-0.0025998984756894217,181,318
1544,0.35459206767700635,0.5009592018390611,-0.1463671341620547,181,297
1545,0.40808367837746795,0.40218289584415706,0.005900782533310889,181,315
1546,0.5243266874183459,0.5879479605435377,-0.06362127312519184,181,257
1547,0.4865603096205812,0.4758910763555813,0.010669233264999911,181,322
1548,0.4749857527428043,0.44490977484590616,0.030075977896898143,181,344
1549,0.4790711772677653,0.48696796712327345,-0.007896789855508124,181,309
1550,0.4360243376759394,0.47208138372195085,-0.036057046046011454,181,305
1551,0.4786513403315891,0.5169814704729506,-0.038330130141361496,181,295
1552,0.4586708443734141,0.4470180613037757,0.011652783069638406,181,313
1553,0.4744371948636511,0.4723421583601626,0.002095036503488523,181,309
1554,0.3839443414944338,0.4171149702468053,-0.033170628752371534,181,349
1555,0.41721034321730793,0.4787953764043169,-0.061585033187008975,181,314
1556,0.48329680655262053,0.5050494927204942,-0.021752686167873625,181,292
1557,0.4673918415292384,0.515618410181393,-0.04822656865215458,181,307
1558,0.47589596497295406,0.4628236875857031,0.013072277387250975,181,334
1559,0.4768475790640922,0.43981275148801924,0.03703482757607296,181,326
1560,0.4654312071064739,0.46991482661257644,-0.004483619506102543,181,328
1561,0.4852722668062709,0.4714752068783151,0.013797059927955768,181,309
1562,0.4234893680151987,0.5161072555589438,-0.09261788754374506,181,303
1563,0.5106366776726714,0.458746497481543,0.0518901801911284,181,346
1564,0.45655477855157295,0.4498568404476448,0.006697938103928158,181,293
1565,0.4593637665592553,0.5213965427019615,-0.062032776142706136,181,283
1566,0.4406762424176602,0.46486823871483873,-0.024191996297178553,181,343
1567,0.4510113265965245,0.47877987492201907,-0.02776854832549458,181,319
1568,0.4403621421165843,0.4462926215418247,-0.005930479425240387,181,336
1569,0.43503310757945746,0.48207015098784495,-0.04703704340838749,181,317
1570,0.4498293692332364,0.46762847492565623,-0.017799105692419825,181,304
1571,0.4707396405033354,0.39008776644520987,0.08065187405812552,181,396
1572,0.4773924070070115,0.5496792064465271,-0.0722867994395156,181,270
1573,0.4258020944151163,0.5323069264929731,-0.10650483207785677,181,279
1574,0.4528338242164116,0.46530988168919196,-0.012476057472780355,181,336
1575,0.4482002848986485,0.5120418053104486,-0.06384152041180013,181,303
1576,0.4224018096947413,0.5058723574388131,-0.08347054774407181,181,295
1577,0.4003734070494655,0.40593178631066645,-0.005558379261200952,181,377
1578,0.48138259444318976,0.5026041940497968,-0.021221599606607078,181,282
1579,0.4373881363514508,0.4702361748015386,-0.032848038450087824,181,323
1580,0.4607414289721522,0.46728540153817566,-0.006543972566023459,181,343
1581,0.4573393205804129,0.5170326201537783,-0.05969329957336539,181,297
1582,0.46728468146754476,0.44932751898159823,0.017957162485946532,181,299
1583,0.5125943634673924,0.5503770990844364,-0.03778273561704404,181,291
1584,0.4861989483056514,0.5276128865295068,-0.04141393822385536,181,278
1585,0.41823862722207755,0.499967193260128,-0.08172856603805045,181,330
1586,0.489318614029089,0.4569547320872503,0.0323638819418387,181,318
1587,0.46525157951995466,0.5012310567573726,-0.0359794772374179,181,310
1588,0.45126232290657875,0.44565447602713865,0.005607846879440104,181,314
1589,0.5294183285349126,0.5090006065057721,0.020417722029140495,181,296
1590,0.483652853490998,0.506938290537692,-0.023285437046694002,181,314
1591,0.4990848629097477,0.453479409527525,0.04560545338222266,181,300
1592,0.4832778829158375,0.46530941136785764,0.01796847154797987,181,312
1593,0.5176885201006213,0.519837536578608,-0.0021490164779867094,181,315
1594,0.4534724907076771,0.427477928016867,0.025994562690810075,181,314
1595,0.43988899362812406,0.525721607529347,-0.08583261390122299,181,292
1596,0.36329897101958436,0.4569598917897902,-0.09366092077020582,181,326
1597,0.4827746795654425,0.5256329514430519,-0.04285827187760938,181,282
1598,0.4415445850471337,0.49903504628216544,-0.057490461235031765,181,322
1599,0.44053276940494995,0.46770793404944905,-0.027175164644499095,181,339
1600,0.35526695526695523,0.42064473517422657,-0.06537777990727134,181,336
1601,0.48627509379484557,0.46267244469011304,0.02360264910473253,181,334
1602,0.4336647360935027,0.43356606047543683,9.867561806586878e-05,181,340
1603,0.382096644697072,0.4733203395761215,-0.09122369487904952,181,305
1604,0.44386333719241317,0.45145878213692087,-0.007595444944507701,181,307
1605,0.4686955432618118,0.43719149554274567,0.03150404771906612,181,310
1606,0.4895370638133795,0.46945852250621145,0.020078541307168074,181,292
1607,0.47260116376941663,0.47654298136622225,-0.003941817596805619,181,326
1608,0.5029770496217344,0.4427005569644324,0.060276492657302005,181,314
1609,0.3957486442853003,0.515662370698438,-0.11991372641313769,181,300
1610,0.4714705196650179,0.4947930364228463,-0.02332251675782837,181,299
1611,0.4448380385248444,0.49449326046802566,-0.04965522194318128,181,292
1612,0.45373380345547537,0.49891181172297394,-0.04517800826749857,181,305
1613,0.47136617175299483,0.45033125483401815,0.021034916918976687,181,315
1614,0.4500390524905563,0.48835125448028677,-0.038312201989730454,181,302
1615,0.45458398009716466,0.46906778651877634,-0.014483806421611678,181,288
1616,0.43082889164695387,0.5073256934270632,-0.07649680178010937,181,303
1617,0.46792010245008026,0.5004992560337158,-0.032579153583635556,181,285
1618,0.44422879485659833,0.4802834430735076,-0.03605464821690929,181,319
1619,0.48956808780813343,0.4755256473618875,0.014042440446245918,181,314
1620,0.43366094845175057,0.5011322342702262,-0.06747128581847567,181,316
1621,0.39353011294746737,0.4830397465962349,-0.08950963364876752,181,333
1622,0.4484761417148994,0.44461270886601095,0.0038634328488884595,181,348
1623,0.4695001249797658,0.4554434459684745,0.014056679011291262,181,304
1624,0.4053635850188852,0.5233004130132923,-0.11793682799440713,181,305
1625,0.4754468955280315,0.528471361773193,-0.053024466245161495,181,296
1626,0.39089892171383545,0.5169451460663764,-0.12604622435254098,181,293
1627,0.476802964524397,0.44483423359351243,0.03196873093088459,181,329
1628,0.5250277405720414,0.45514716500685276,0.06988057556518862,181,330
1629,0.4683484928141452,0.5072373777097046,-0.03888888489555936,181,318
1630,0.4896982783645511,0.42015637158556723,0.06954190677898386,181,305
1631,0.470416354663237,0.5223128184630175,-0.05189646379978047,181,298
1632,0.46748293963671533,0.4211485716134122,0.04633436802330315,181,325
1633,0.46584756352283785,0.5271960037569361,-0.061348440234098245,181,304
1634,0.42895855458565535,0.5196776161031665,-0.09071906151751119,181,318
1635,0.4931378504132849,0.43693086433523864,0.05620698607804625,181,302
1636,0.46449738021717296,0.4933081046037856,-0.02881072438661264,181,347
1637,0.46612162384171024,0.49366961072250953,-0.02754798688079929,181,300
1638,0.4420203663277138,0.46263012334704484,-0.020609757019331043,181,327
1639,0.5381705987934184,0.5790684926541332,-0.04089789386071474,181,266
1640,0.44246982410642766,0.4741901033917841,-0.03172027928535642,181,301
1641,0.3937348452559073,0.47286952724519926,-0.07913468198929197,181,321
1642,0.41486039571145955,0.44778153685716715,-0.0329211411457076,181,311
1643,0.5014505376386065,0.4554751460287735,0.045975391609832994,181,300
1644,0.511330203184744,0.5836707152496626,-0.07234051206491865,181,272
1645,0.4293729608235385,0.5148272732559948,-0.08545431243245627,181,292
1646,0.5042400960384154,0.4785001614715139,0.025739934566901435,181,303
1647,0.4485241534325929,0.46855699331414513,-0.020032839881552245,181,322
1648,0.4748656557127341,0.4722501065076128,0.0026155492051213036,181,336
1649,0.43937208916520476,0.39663664049412056,0.0427354486710842,181,359
1650,0.4011395494070266,0.46016128232555525,-0.059021732918528635,181,318
1651,0.47854528467095564,0.4071540990978332,0.07139118557312246,181,367
1652,0.44529842217259924,0.40484440979449204,0.040454012378107196,181,356
1653,0.42066817244571936,0.46359296091783164,-0.042924788472112285,181,328
1654,0.37794707480859163,0.44086070197181304,-0.06291362716322141,181,337
1655,0.38796883530145493,0.4417905635310018,-0.053821728229546895,181,333
1656,0.4566939203723344,0.5019201382407382,-0.045226217868403806,181,304
1657,0.4627609196786029,0.44770884903078134,0.015052070647821547,181,308
1658,0.49158939144114344,0.4828031533488827,0.008786238092260756,181,315
1659,0.5042019163663395,0.46166472911424455,0.04253718725209493,181,299
1660,0.47956970903054036,0.46802305240545394,0.011546656625086416,181,305
1661,0.36503034231175147,0.4490417940298087,-0.08401145171805724,181,331
1662,0.457868896002653,0.4649133045983285,-0.007044408595675511,181,304
1663,0.4826261728183069,0.4972522270710859,-0.01462605425277902,181,307
1664,0.4102114874188237,0.4792540476367577,-0.06904256021793403,181,320
1665,0.4349334207570174,0.5000852427313422,-0.06515182197432484,181,326
1666,0.41213419258219847,0.4374392614188532,-0.02530506883665473,181,337
1667,0.381337077428159,0.4420561876359864,-0.06071911020782744,181,329
1668,0.42594973738100805,0.432390564081731,-0.006440826700722935,181,333
1669,0.4631456420739542,0.4316895866137845,0.03145605546016972,181,308
1670,0.34127522003762756,0.47436360501466196,-0.1330883849770344,181,323
1671,0.44873393801965233,0.5141699224044826,-0.06543598438483023,181,287
1672,0.4746605059744328,0.47348755609808774,0.0011729498763450863,181,306
1673,0.4580909120277635,0.4849138883806785,-0.02682297635291503,181,322
1674,0.4739810240154472,0.4254932703543695,0.048487753661077715,181,347
1675,0.472274332120278,0.4686581940037741,0.003616138116503853,181,322
1676,0.4721602909882634,0.46862656749811277,0.003533723490150631,181,349
1677,0.46935406667251567,0.37333413562744006,0.09601993104507561,181,388
1678,0.41633264131415043,0.4804339973104276,-0.06410135599627714,181,318
1679,0.3759986724481738,0.5225281485267829,-0.14652947607860906,181,284
1680,0.4071581200740015,0.49727595864421137,-0.09011783857020988,181,317
1681,0.5181881473845399,0.5522505073816858,-0.03406235999714591,181,293
1682,0.5349355449956751,0.5093973860199098,0.02553815897576528,181,288
1683,0.44011762954190214,0.5128446063114117,-0.07272697676950957,181,287
1684,0.39358260658744265,0.5173260211976213,-0.12374341461017863,181,304
1685,0.45852483568825025,0.46385801348412903,-0.005333177795878774,181,310
1686,0.39584954706586295,0.43709233251112317,-0.04124278544526022,181,349
1687,0.49136703802105114,0.5075105154577126,-0.016143477436661502,181,303
1688,0.47862862596913786,0.4878834190267875,-0.009254793057649646,181,319
1689,0.4117733441843069,0.47472557247777675,-0.06295222829346986,181,312
1690,0.4743897985576642,0.48173202120570535,-0.00734222264804113,181,302
1691,0.47084049912099674,0.4894355392327632,-0.018595040111766437,181,308
1692,0.4738284703801945,0.43968825775647796,0.034140212623716526,181,324
1693,0.4642734678815669,0.46194668929008964,0.0023267785914772854,181,301
1694,0.4887882170126418,0.4524559117166689,0.03633230529597292,181,317
1695,0.46181178866430667,0.4754011212038662,-0.013589332539559518,181,287
1696,0.3782677708764665,0.5358542572307029,-0.1575864863542364,181,304
1697,0.4746517733356521,0.4748309878513123,-0.00017921451566016433,181,317
1698,0.48539350393434016,0.49819268325110866,-0.012799179316768494,181,279
1699,0.42886296192304807,0.429504759693439,-0.0006417977703909172,181,339
1700,0.42682251400213245,0.5123405242915072,-0.08551801028937478,181,303
1701,0.49581266723547834,0.5297334318342722,-0.033920764598793895,181,298
1702,0.48652376572505546,0.4090033122653259,0.07752045345972958,181,332
1703,0.4766176924771794,0.47484923962348063,0.0017684528536987543,181,332
1704,0.48646595618144406,0.5036020741748194,-0.017136117993375333,181,302
1705,0.4088025427853933,0.4340375936504759,-0.025235050865082598,181,365
1706,0.5121794581216564,0.5007486862740921,0.011430771847564358,181,285
1707,0.3514682031311965,0.4152897813167185,-0.06382157818552203,181,317
1708,0.47123325692073825,0.41233811107590884,0.05889514584482941,181,339
1709,0.40585274053698633,0.4849638052279769,-0.07911106469099055,181,335
1710,0.4458479791482691,0.38387510212012216,0.061972877028146967,181,359
1711,0.5051279681683994,0.5412734174169783,-0.036145449248578876,181,308
1712,0.4511618944155608,0.4997476809793106,-0.04858578656374979,181,307
1713,0.5458618367982113,0.4667861891209633,0.079075647677248,181,294
1714,0.48295671825136893,0.48173916458301524,0.001217553668353688,181,294
1715,0.47499142770091546,0.5682240685883503,-0.09323264088743483,181,291
1716,0.41027413964086384,0.4979703992805251,-0.08769625963966127,181,322
1717,0.5344257059309934,0.5210254821145883,0.013400223816405044,181,326
1718,0.489288047139688,0.4539674099545003,0.03532063718518769,181,311
1719,0.5014794729080443,0.5481975939118796,-0.04671812100383532,181,288
1720,0.44255592421661183,0.4512641305204906,-0.008708206303878752,181,319
1721,0.4481808819894964,0.4680405974420288,-0.0198597154525324,181,318
1722,0.5038700511584017,0.4544147925245485,0.04945525863385314,181,287
1723,0.4753184735944441,0.43658133197636595,0.038737141618078175,181,354
1724,0.4484023780699097,0.4695201193805196,-0.021117741310609894,181,318
1725,0.4517943789291038,0.524463334229282,-0.07266895530017825,181,312
1726,0.4336468887483432,0.40907143942457386,0.024575449323769316,181,358
1727,0.46263660395383727,0.474734556846418,-0.012097952892580754,181,306
1728,0.41833112569035513,0.44895577205271414,-0.03062464636235901,181,328
1729,0.42485885042276017,0.43437043628250116,-0.00951158585974099,181,347
1730,0.4421499842075839,0.43397275676758434,0.008177227439999546,181,316
1731,0.4537690242750864,0.43372139956726186,0.020047624707824563,181,345
1732,0.49042472004629234,0.48203104064734653,0.008393679398945808,181,319
1733,0.4764611651521135,0.47539751190161506,0.001063653250498453,181,310
1734,0.44659499142948406,0.44581937111739733,0.0007756203120867222,181,344
1735,0.5095977877547525,0.3941348251459393,0.11546296260881322,181,326
1736,0.5065228426227086,0.5375541228492755,-0.03103128022656687,181,284
1737,0.45541794753925596,0.46396293433293506,-0.008544986793679099,181,323
1738,0.4891625611507106,0.46413014771618155,0.025032413434529055,181,337
1739,0.48417269418601405,0.4808223254805072,0.0033503687055068676,181,303
1740,0.5236885142665907,0.49839697093468166,0.025291543331909028,181,316
1741,0.4440247867375889,0.439256738129631,0.0047680486079578754,181,340
1742,0.4097023328260651,0.43972765522322527,-0.03002532239716016,181,360
1743,0.4841452763335113,0.4956171879341147,-0.011471911600603402,181,297
1744,0.411157382947236,0.4722213774050408,-0.06106399445780475,181,303
1745,0.3956199244169824,0.4657804487535478,-0.07016052433656539,181,300
1746,0.3955380387799257,0.41135271366043064,-0.01581467488050492,181,373
1747,0.5032703508135719,0.5096685795052459,-0.006398228691674057,181,290
1748,0.49430331006204253,0.4597020047706515,0.03460130529139105,181,314
1749,0.4105003013328149,0.44381228346052665,-0.03331198212771175,181,361
1750,0.5464099024737596,0.4479652779800093,0.09844462449375035,181,311
1751,0.4579082201300705,0.42199953025976134,0.03590868987030915,181,330
1752,0.4704637674636946,0.4868336654563926,-0.016369897992698,181,360
1753,0.4341820546911633,0.505642080857912,-0.07146002616674868,181,299
1754,0.48584713605722,0.47273098865508517,0.013116147402134848,181,333
1755,0.4737094651380365,0.509492167723875,-0.03578270258583843,181,308
1756,0.42559174532540156,0.5045829043167841,-0.07899115899138254,181,314
1757,0.4729017636268798,0.5012077288710726,-0.028305965244192766,181,301
1758,0.48482348226117017,0.5044232315618874,-0.01959974930071723,181,359
1759,0.44092520653016665,0.4699075345950038,-0.028982328064837137,181,328
1760,0.3871501429971848,0.5233466075652444,-0.13619646456805962,181,296
1761,0.4226641307588142,0.4313385525150231,-0.008674421756208917,181,356
1762,0.45246339856768775,0.4480804846960231,0.004382913871664673,181,314
1763,0.4683514837553049,0.41779217477916525,0.05055930897613964,181,335
1764,0.4583772865900443,0.45338730398963106,0.004989982600413223,181,325
1765,0.47847471399608843,0.4481235929368417,0.030351121059246755,181,308
1766,0.4613400044909423,0.42928793272628035,0.03205207176466196,181,342
1767,0.508382182738882,0.4737037074951695,0.03467847524371254,181,311
1768,0.45214081570165116,0.49837792907391176,-0.04623711337226061,181,294
1769,0.4876053486109661,0.5139678787988414,-0.02636253018787532,181,293
1770,0.3821619175110924,0.4767424662913106,-0.09458054878021821,181,317
1771,0.48130097483072365,0.464812196448352,0.01648877838237167,181,323
1772,0.47395673361582125,0.5009167352024767,-0.026960001586655458,181,313
1773,0.3933644404519563,0.43904923260592377,-0.04568479215396748,181,312
1774,0.42453290546744393,0.48707155931021173,-0.0625386538427678,181,324
1775,0.4257156763889149,0.4758567266021925,-0.05014105021327764,181,365
1776,0.40329924937570816,0.4303074357668565,-0.027008186391148326,181,349
1777,0.47827323031228125,0.45716786319270797,0.02110536711957328,181,320
1778,0.4175372637873928,0.39960953026956153,0.01792773351783128,181,353
1779,0.4374005447649379,0.44237202457327546,-0.004971479808337564,181,351
1780,0.4840921889802487,0.4471782486291704,0.03691394035107831,181,316
1781,0.49864560248357254,0.4324598557555741,0.06618574672799843,181,346
1782,0.4389745148942473,0.4877242672335697,-0.04874975233932238,181,302
1783,0.4636751452386637,0.45873419379857144,0.004940951440092267,181,309
1784,0.48466666829082505,0.48058031963667613,0.004086348654148919,181,332
1785,0.4141344680164556,0.4911674081369674,-0.07703294012051182,181,295
1786,0.4545563483146084,0.4712294212784508,-0.016673072963842406,181,332
1787,0.5157839654080255,0.4921504825227546,0.023633482885270896,181,295
1788,0.4529093774420773,0.5031393278436587,-0.05022995040158135,181,322
1789,0.3974676376437521,0.38982259102664857,0.007645046617103524,181,348
1790,0.4419625289290852,0.5315961163586532,-0.089633587429568,181,298
1791,0.4217429651761449,0.5108708004506263,-0.08912783527448137,181,298
1792,0.5589597986623495,0.5285928759276045,0.03036692273474495,181,287
1793,0.4746338104603189,0.42939665465173654,0.04523715580858234,181,347
1794,0.44547339427464266,0.4874135656178927,-0.04194017134325001,181,318
1795,0.4781122933810838,0.4253647303438618,0.052747563037222,181,327
1796,0.4539089050853757,0.47139311958368196,-0.017484214498306283,181,288
1797,0.3769926700980733,0.5127399248956738,-0.13574725479760047,181,308
1798,0.4456055107482451,0.4769659454693019,-0.03136043472105676,181,325
1799,0.4243108395364034,0.46714287575672003,-0.042832036220316616,181,295
1800,0.4314120475340729,0.41043708338656737,0.020974964147505548,181,344
1801,0.47793440738965226,0.5336620733922083,-0.05572766600255602,181,316
1802,0.39368927244218926,0.40009390802050804,-0.006404635578318774,181,335
1803,0.44138966159785725,0.46666180384655764,-0.02527214224870039,181,314
1804,0.443962783637658,0.41686644633419606,0.027096337303461948,181,344
1805,0.44394618644469214,0.5347041236296401,-0.09075793718494801,181,277
1806,0.5041438275901574,0.4672130454161795,0.03693078217397794,181,302
1807,0.47517070118604804,0.45265968389321803,0.022511017292830005,181,336
1808,0.5056148948209145,0.5204860122381137,-0.014871117417199264,181,295
1809,0.4875206911234519,0.49099302207821477,-0.003472330954762848,181,297
1810,0.383645351883486,0.5057531267948879,-0.12210777491140196,181,300
1811,0.46623832508078145,0.4349018545668916,0.031336470513889825,181,335
1812,0.42073554710094313,0.46947687977882663,-0.0487413326778835,181,323
1813,0.45582788221567105,0.4578051195015975,-0.0019772372859264697,181,333
1814,0.4951990588636552,0.548156104547082,-0.052957045683426796,181,281
1815,0.5087922919532373,0.4741088308801313,0.03468346107310599,181,312
1816,0.44912575965074286,0.4747488401855703,-0.025623080534827425,181,310
1817,0.5030553581109466,0.40990625518500085,0.09314910292594575,181,281
1818,0.44686222322135166,0.5142688131153083,-0.06740658989395659,181,297
1819,0.42745068369085093,0.4524514436903724,-0.02500075999952145,181,318
1820,0.4770337693653494,0.4790693938115326,-0.0020356244461831596,181,317
1821,0.4090329162269298,0.4320625117990481,-0.02302959557211831,181,335
1822,0.451906691745981,0.4517742673992674,0.00013242434671362213,181,335
1823,0.44197359073378734,0.5102475166777874,-0.06827392594400011,181,327
1824,0.45202397773052827,0.4680931692891826,-0.016069191558654328,181,319
1825,0.4598475667896243,0.42506587476137575,0.034781692028248545,181,347
1826,0.44581652141813916,0.5196898764368669,-0.07387335501872777,181,308
1827,0.48756866060088455,0.4685215277333504,0.019047132867534178,181,295
1828,0.46081849655612345,0.4105264729828259,0.05029202357329754,181,340
1829,0.4451358881773628,0.463230864802231,-0.018094976624868198,181,292
1830,0.44756448772903207,0.48166053570308703,-0.034096047974054966,181,303
1831,0.4647489172426202,0.4967318624471791,-0.03198294520455891,181,292
1832,0.47092155795874724,0.4775218882783249,-0.006600330319577685,181,319
1833,0.4642500685208396,0.43014856576053634,0.03410150276030327,181,349
1834,0.431339294959998,0.4527987831377662,-0.021459488177768216,181,337
1835,0.4781908973360964,0.5164184465800388,-0.038227549243942394,181,299
1836,0.43516963132622793,0.5001441125649343,-0.06497448123870636,181,324
1837,0.4516340026799572,0.4292490538669007,0.02238494881305647,181,364
1838,0.4706971769703366,0.4547114771237198,0.015985699846616797,181,319
1839,0.42991638820424527,0.5642189346072841,-0.13430254640303885,181,286
1840,0.43604744678913476,0.46953084007404916,-0.0334833932849144,181,296
1841,0.4608478289207646,0.4726269744643462,-0.011779145543581615,181,332
1842,0.410584682806905,0.4708403151209454,-0.06025563231404035,181,302
1843,0.428739272639583,0.4732055345851233,-0.04446626194554032,181,309
1844,0.5378987374191532,0.4852724823742616,0.052626255044891546,181,307
1845,0.376447025865573,0.4159792242940065,-0.03953219842843353,181,295
1846,0.4355164861441762,0.46182966693512,-0.026313180790943802,181,306
1847,0.4587877048052422,0.4680208083233294,-0.009233103518087149,181,343
1848,0.42750750050289726,0.42294824259024827,0.004559257912648995,181,321
1849,0.42184842058997785,0.4736478166567499,-0.05179939606677203,181,338
1850,0.4430777068911552,0.42190238715390344,0.021175319737251785,181,306
1851,0.4605118803678912,0.4841447690187186,-0.02363288865082741,181,285
1852,0.46351220567126766,0.48990511503525386,-0.026392909363986194,181,301
1853,0.40449810500428185,0.46623135459821985,-0.061733249593938,181,321
1854,0.3986661647531213,0.4890871527405661,-0.0904209879874448,181,317
1855,0.3630049796160194,0.4434273293799356,-0.08042234976391621,181,292
1856,0.4740950434817052,0.38919213249339535,0.08490291098830988,181,358
1857,0.4664297400411509,0.4939351888036098,-0.027505448762458917,181,305
1858,0.3999593888385041,0.45552220685509853,-0.055562818016594406,181,319
1859,0.46709038416549814,0.5019570949639951,-0.03486671079849696,181,278
1860,0.49181796459343274,0.44069830485647576,0.05111965973695698,181,329
1861,0.4906124731791167,0.4540366665487311,0.03657580663038562,181,315
1862,0.48566973978294586,0.5375948995674847,-0.05192515978453888,181,287
1863,0.48708974822452905,0.5229178907682445,-0.03582814254371541,181,295
1864,0.4548181284685807,0.5058618903967826,-0.051043761928201925,181,298
1865,0.47151711963245485,0.45436194841114425,0.017155171221310606,181,309
1866,0.4507499528016264,0.4583185052712534,-0.00756855246962701,181,325
1867,0.48200708388263974,0.4999299398033575,-0.01792285592071774,181,305
1868,0.4923020522668117,0.5400983436853001,-0.0477962914184884,181,263
1869,0.49726773629427573,0.4545518863268475,0.04271584996742822,181,310
1870,0.4568703740540308,0.5031733963691952,-0.04630302231516442,181,298
1871,0.4786548290877723,0.5094714916354042,-0.03081666254763188,181,297
1872,0.4816637937748044,0.47071581352023373,0.010947980254570666,181,345
1873,0.4506893146781815,0.49906194835407197,-0.04837263367589045,181,305
1874,0.5180949512256503,0.4183680147886418,0.09972693643700853,181,312
1875,0.4238944152087811,0.4770647519043615,-0.05317033669558041,181,320
1876,0.49243942611514147,0.44211781802110683,0.05032160809403463,181,312
1877,0.5260613526801666,0.5535779680411157,-0.02751661536094907,181,294
1878,0.4992699066369048,0.4357280754817149,0.06354183115518991,181,302
1879,0.4651622563919185,0.38068825910931164,0.08447399728260685,181,367
1880,0.48289975433604326,0.46711132572691605,0.015788428609127214,181,317
1881,0.4571076861091436,0.4897421121648252,-0.03263442605568162,181,314
1882,0.39053724053724054,0.43696980929123785,-0.046432568753997316,181,330
1883,0.41261506477442295,0.4267858210607724,-0.01417075628634945,181,320
1884,0.4375946205945411,0.47632064858591366,-0.03872602799137259,181,318
1885,0.4625431236322596,0.49176375138645095,-0.029220627754191375,181,296
1886,0.49720564093329495,0.4859262129783998,0.011279427954895171,181,308
1887,0.49543481369407194,0.5197821092263712,-0.024347295532299307,181,310
1888,0.42752649179667807,0.49811822637909603,-0.07059173458241796,181,322
1889,0.4079585095299381,0.45141374382191624,-0.04345523429197812,181,330
1890,0.50690826596814,0.40937682061336894,0.09753144535477104,181,317
1891,0.4929605997533752,0.4959234539585498,-0.0029628542051746143,181,314
1892,0.48425050191354535,0.5038488972781983,-0.01959839536465291,181,322
1893,0.458249293360591,0.4234630294297091,0.03478626393088191,181,333
1894,0.38883034014068535,0.490379750392266,-0.10154941025158065,181,294
1895,0.5010794362278236,0.5013387312254629,-0.0002592949976393255,181,297
1896,0.4706965649607768,0.5548792652976411,-0.08418270033686431,181,265
1897,0.44150763409357413,0.48279000747328465,-0.041282373379710524,181,330
1898,0.5025477702085657,0.4698829288625207,0.03266484134604497,181,328
1899,0.4815606092433798,0.43560139677081217,0.04595921247256762,181,353
1900,0.5102107373002819,0.5171328502715977,-0.006922112971315841,181,294
1901,0.5017007816900504,0.4533567672862232,0.048344014403827185,181,329
1902,0.4689878869734449,0.5120096449576014,-0.04302175798415647,181,320
1903,0.43107169094293557,0.3898543187457502,0.041217372197185353,181,352
1904,0.4586581347781773,0.4486316365626711,0.010026498215506219,181,300
1905,0.4575545440874311,0.44396823237581423,0.013586311711616894,181,327
1906,0.32259669863141294,0.3473982575486335,-0.02480155891722058,181,365
1907,0.4641147916966665,0.48620217822599837,-0.0220873865293319,181,298
1908,0.4434445166470913,0.46087083731025363,-0.017426320663162354,181,310
1909,0.45020445221845445,0.45361554227738826,-0.003411090058933808,181,308
1910,0.44959975849690853,0.4501857413708791,-0.0005859828739705475,181,313
1911,0.44257558102735056,0.45516142796641196,-0.012585846939061396,181,322
1912,0.4269936372397725,0.46442331857624597,-0.03742968133647345,181,343
1913,0.46746400974328317,0.45357846754736897,0.013885542195914202,181,303
1914,0.47844851920987586,0.5513948903880254,-0.0729463711781495,181,288
1915,0.4195031233884147,0.47871555220968315,-0.059212428821268426,181,292
1916,0.42118704719948347,0.4835570835570836,-0.062370036357600134,181,326
1917,0.4272857092410564,0.47513305843540926,-0.04784734919435285,181,327
1918,0.46208107741405274,0.508311279873171,-0.0462302024591183,181,300
1919,0.4627074869147571,0.4632196205383296,-0.0005121336235724971,181,317
1920,0.47828660783407895,0.5095754665604535,-0.03128885872637455,181,281
1921,0.4467830933612875,0.5020386523031328,-0.055255558941845306,181,298
1922,0.4205154980080304,0.47573877367949724,-0.05522327567146684,181,323
1923,0.4672119239001561,0.5282467016122714,-0.061034777712115296,181,309
1924,0.43075923901243013,0.48324440947386427,-0.05248517046143414,181,289
1925,0.4611130240409461,0.46128215837819536,-0.00016913433724924376,181,311
1926,0.48129147171989217,0.5441167243619204,-0.0628252526420282,181,268
1927,0.43953411995505726,0.4507904845745196,-0.011256364619462333,181,332
1928,0.4839466862995116,0.4827200893109108,0.001226596988600781,181,299
1929,0.42566942859540174,0.4370850962843052,-0.011415667688903453,181,323
1930,0.46118535640650676,0.5302602579129451,-0.0690749015064383,181,280
1931,0.4722977560313995,0.4720387663089716,0.00025898972242788254,181,316
1932,0.46334095755233423,0.5013111797076454,-0.03797022215531115,181,301
1933,0.3877374622137835,0.42649038908820563,-0.03875292687442211,181,353
1934,0.46471498030820235,0.43986004658273564,0.02485493372546671,181,332
1935,0.4522887798485621,0.4680997331381582,-0.01581095328959614,181,323
1936,0.4294173298765434,0.4858362693387414,-0.056418939462198,181,326
1937,0.4607987834503901,0.4897087227097526,-0.02890993925936247,181,310
1938,0.44337826675489017,0.4193574140131467,0.02402085274174348,181,339
1939,0.4539644821578605,0.5144569791468635,-0.060492496989003,181,282
1940,0.47581822470986246,0.5038718715008247,-0.028053646790962228,181,304
1941,0.5075214854955633,0.5276963414370395,-0.020174855941476166,181,276
1942,0.4240718455982219,0.4611894580925638,-0.03711761249434187,181,330
1943,0.4881155375942678,0.5310683962501279,-0.04295285865586013,181,299
1944,0.4601570264241042,0.5255072322367565,-0.06535020581265233,181,320
1945,0.490229093177807,0.45853387975794285,0.03169521341986414,181,318
1946,0.4244934314246679,0.5159724019000086,-0.0914789704753407,181,297
1947,0.4460319127724039,0.47650214108631955,-0.03047022831391566,181,304
1948,0.3780684708270915,0.49510631327294313,-0.11703784244585164,181,317
1949,0.46513364443821054,0.4483600278821206,0.016773616556089943,181,337
1950,0.46217981842056,0.41443025401810013,0.047749564402459865,181,346
1951,0.40913976826704973,0.466475938373106,-0.057336170106056294,181,319
1952,0.425535476824145,0.43486974857030036,-0.009334271746155365,181,350
1953,0.33867231032597184,0.4353825701047148,-0.09671025977874298,181,354
1954,0.45907247732471784,0.40211740535605955,0.05695507196865829,181,344
1955,0.38634243397920326,0.4446236992820844,-0.058281265302881136,181,334
1956,0.48815197904157265,0.46299302390976343,0.025158955131809213,181,323
1957,0.45438771217937785,0.41755109897448506,0.03683661320489279,181,314
1958,0.4498552561434216,0.3923050088509144,0.057550247292507184,181,333
1959,0.45102300644539406,0.4781561216613159,-0.02713311521592182,181,323
1960,0.4621581223339857,0.45282755281971054,0.009330569514275133,181,345
1961,0.35960410593948217,0.4495527145424575,-0.08994860860297532,181,340
1962,0.4257242165953716,0.5240112714317383,-0.09828705483636674,181,299
1963,0.43107343503368195,0.40618977102958553,0.024883664004096417,181,348
1964,0.3921120079908333,0.5003681010712396,-0.10825609308040635,181,318
1965,0.4391871998186097,0.45659383352338434,-0.017406633704774632,181,319
1966,0.4412322639480641,0.43948732532438106,0.0017449386236830233,181,314
1967,0.469441413966484,0.5503112607916102,-0.08086984682512621,181,289
1968,0.49615376701334185,0.5276821872443992,-0.03152842023105734,181,297
1969,0.48651763746182153,0.510368053809456,-0.023850416347634518,181,303
1970,0.45963713274637646,0.5017807989566261,-0.04214366621024962,181,308
1971,0.5087914282037351,0.46064732186580926,0.048144106337925874,181,283
1972,0.40670524528063845,0.48613888832505536,-0.07943364304441691,181,304
1973,0.49280311422332934,0.4431810232399295,0.04962209098339987,181,344
1974,0.4616664021138189,0.43295985411944765,0.028706547994371223,181,345
1975,0.42108338866889294,0.47336728915219783,-0.05228390048330489,181,311
1976,0.43921486906037016,0.4555093932725992,-0.016294524212229045,181,340
1977,0.43991340572627113,0.40707399586767473,0.0328394098585964,181,353
1978,0.483975750177545,0.41788144676981365,0.06609430340773137,181,341
1979,0.46057825921732964,0.411971453458743,0.04860680575858667,181,329
1980,0.5001447866474766,0.5283158152686509,-0.028171028621174266,181,266
1981,0.5079770287989797,0.4653516094644689,0.04262541933451075,181,311
1982,0.4857913432924213,0.4841525265270758,0.0016388167653454966,181,300
1983,0.4617325408564458,0.4435887534965168,0.018143787359928998,181,317
1984,0.4775679835631731,0.5102243148924431,-0.03265633132927004,181,307
1985,0.45546763812819335,0.4326812845180192,0.02278635361017417,181,325
1986,0.43416166855207644,0.4574724276640278,-0.02331075911195135,181,337
1987,0.43904229605488837,0.46264589728794964,-0.023603601233061267,181,335
1988,0.3806635117815242,0.4163470598607693,-0.03568354807924512,181,344
1989,0.446191020036459,0.45571269850931934,-0.00952167847286034,181,326
1990,0.44831492345365814,0.48212135093970165,-0.03380642748604351,181,302
1991,0.48485578667211027,0.4466027588918779,0.038253027780232374,181,298
1992,0.4212607778107382,0.4869265156567117,-0.06566573784597352,181,304
1993,0.47064642557845066,0.4920525651810181,-0.02140613960256743,181,297
1994,0.46558319886240834,0.47699788916129066,-0.011414690298882313,181,321
1995,0.5080638109613851,0.4559902292077197,0.05207358175366539,181,324
1996,0.4329897131384398,0.4857166387838915,-0.05272692564545167,181,298
1997,0.4844685605573134,0.48736765030946066,-0.0028990897521472547,181,321
1998,0.4379801434949747,0.45870889142124155,-0.020728747926266833,181,321
1999,0.4896483104094607,0.4377495517035266,0.051898758705934134,181,308
2000,0.42840264310852544,0.5285134315138322,-0.1001107884053068,181,291
2001,0.4993107087912626,0.5461247807051858,-0.04681407191392317,181,296
2002,0.4130578349757336,0.4925255411552862,-0.07946770617955257,181,312
2003,0.42464155798873454,0.44774604886964436,-0.023104490880909823,181,356
2004,0.47518538882206973,0.458540446717042,0.016644942105027705,181,320
2005,0.4930446612106617,0.5076536585011161,-0.014608997290454395,181,301
2006,0.4195516735061449,0.49525144846075364,-0.07569977495460872,181,305
2007,0.47877229794005677,0.5776786686693304,-0.09890637072927361,181,272
2008,0.4714562627558861,0.45147790805685534,0.019978354699030754,181,330
2009,0.4116758191992205,0.4487968764083741,-0.037121057209153596,181,315
2010,0.45163866020952337,0.4711609210286701,-0.01952226081914671,181,328
2011,0.4615398196765007,0.4654170181569522,-0.0038771984804514825,181,310
2012,0.48956552317186947,0.5092252494592604,-0.019659726287390933,181,312
2013,0.46776856689414775,0.49654233178939705,-0.0287737648952493,181,311
2014,0.44594859156157174,0.5038428382215574,-0.05789424665998566,181,319
2015,0.4451227490858406,0.49997139763934706,-0.05484864855350646,181,309
2016,0.5000618719259834,0.4761092254939815,0.0239526464320019,181,294
2017,0.49936343710983244,0.48584728968603447,0.013516147423797975,181,305
2018,0.5023608580138419,0.4983677748780962,0.003993083135745701,181,326
2019,0.42529434502457064,0.5806396044018401,-0.1553452593772695,181,272
2020,0.46709709958476325,0.4772318765184381,-0.010134776933674872,181,317
2021,0.426185812033608,0.4450449064182188,-0.01885909438461081,181,308
2022,0.5009016481625448,0.5563661258183278,-0.055464477655782995,181,297
2023,0.4307242694293208,0.40877017732860726,0.02195409210071353,181,360
2024,0.4468187217306009,0.3829858140659273,0.06383290766467359,181,318
2025,0.4269327694985761,0.4428978606795951,-0.015965091181018964,181,328
2026,0.4539514604377305,0.48718716615148544,-0.03323570571375495,181,303
2027,0.44534785094136753,0.49267193419810995,-0.04732408325674242,181,318
2028,0.44434166847339424,0.5025662473604884,-0.05822457888709415,181,342
2029,0.42604324509324065,0.4602635151273283,-0.034220270034087674,181,328
2030,0.4915091366375042,0.500833696298571,-0.009324559661066822,181,285
2031,0.4454176598505741,0.5043302735908706,-0.05891261374029649,181,306
2032,0.4417832200346405,0.4083752600975447,0.03340795993709578,181,356
2033,0.4919495949510823,0.552210900011915,-0.06026130506083266,181,277
2034,0.5211758745749405,0.5084395797211021,0.012736294853838426,181,291
2035,0.4463353166676419,0.46847043062581506,-0.022135113958173136,181,320
2036,0.4855892303306559,0.46594509045061244,0.019644139880043432,181,314
2037,0.3825572753952771,0.4784123203437662,-0.09585504494848907,181,298
2038,0.4146059089209896,0.4601874830277514,-0.045581574106761835,181,305
2039,0.3962264934709516,0.4880247472316462,-0.09179825376069456,181,297
2040,0.5176121728042925,0.5019612296114289,0.015650943192863642,181,303
2041,0.48515625922939065,0.5068514249667913,-0.0216951657374006,181,285
2042,0.48333403175699763,0.4336291479903383,0.049704883766659325,181,330
2043,0.4408158926820707,0.495172757304737,-0.05435686462266626,181,309
2044,0.47083142089762076,0.5499447971117274,-0.07911337621410663,181,291
2045,0.46369696173001346,0.4361294443261657,0.027567517403847774,181,312
2046,0.44548826664045355,0.4725279382029953,-0.02703967156254178,181,331
2047,0.4744908999501523,0.4624826705953894,0.012008229354762923,181,313
2048,0.3585752140382992,0.4847867652987668,-0.12621155126046762,181,308
2049,0.4613739835609801,0.4771897654045114,-0.01581578184353133,181,320
2050,0.5060587314414536,0.4710721203977502,0.03498661104370343,181,329
2051,0.49501714079661857,0.4911433137401095,0.0038738270565090716,181,285
2052,0.3672255802905958,0.4644426588499195,-0.09721707855932366,181,319
2053,0.4461878010528681,0.5515840565427025,-0.10539625548983439,181,299
2054,0.5113709555407472,0.445562025276311,0.06580893026443618,181,337
2055,0.40945276891369786,0.4668160693641316,-0.05736330045043375,181,324
2056,0.47075706342252815,0.4648991489998892,0.0058579144226389435,181,308
2057,0.47376926739373565,0.4651196833111356,0.008649584082600026,181,358
2058,0.4372530137930643,0.5062511423413679,-0.06899812854830362,181,283
2059,0.43508610432611305,0.49632438186576594,-0.061238277539652886,181,315
2060,0.4692471814774081,0.5324081637033757,-0.06316098222596761,181,308
2061,0.46375068540482073,0.50287242015768,-0.03912173475285924,181,289
2062,0.5353848000283915,0.5063515910816113,0.029033208946780187,181,299
2063,0.4733613785161661,0.4522425060407502,0.021118872475415884,181,331
2064,0.4600295509893361,0.4359227458471994,0.0241068051421367,181,299
2065,0.45439728978481647,0.4688984420928865,-0.014501152308070031,181,346
2066,0.42355833121177894,0.42224567099567095,0.0013126602161079859,181,334
2067,0.472288576781058,0.5941433171711392,-0.1218547403900812,181,277
2068,0.4810840808285382,0.48726053012372966,-0.006176449295191455,181,293
2069,0.4629012912620482,0.4516514777076538,0.011249813554394417,181,291
2070,0.4737308114248368,0.4137378323630077,0.0599929790618291,181,327
2071,0.4336752428857692,0.4999273355370916,-0.06625209265132243,181,289
2072,0.3755465427995633,0.45794656146184315,-0.08240001866227986,181,286
2073,0.511906460535776,0.41732248892567103,0.09458397161010501,181,292
2074,0.43990013267357064,0.42064307321534733,0.019257059458223313,181,303
2075,0.45925967277880364,0.4833875012589484,-0.024127828480144775,181,338
2076,0.48968634030897257,0.46189021460836344,0.02779612570060913,181,287
2077,0.43909353053853284,0.4739115546716199,-0.034818024133087044,181,346
2078,0.44459014917244477,0.43602342750144557,0.0085667216709992,181,310
2079,0.382964841813157,0.4451303368637465,-0.06216549505058949,181,341
2080,0.4808869002146313,0.5327063307326466,-0.0518194305180153,181,278
2081,0.47824148875704875,0.5323139724760904,-0.05407248371904161,181,331
2082,0.46477151477537226,0.4733438862839217,-0.008572371508549448,181,319
2083,0.4517938204060252,0.4064956257682371,0.045298194637788114,181,333
2084,0.4723535608278567,0.4851755650827348,-0.012822004254878117,181,320
2085,0.5002304384957446,0.4983002105510749,0.0019302279446696824,181,302
2086,0.49212275369257547,0.5418399720542059,-0.0497172183616304,181,283
2087,0.3538981367437679,0.4930944225809936,-0.1391962858372257,181,306
2088,0.44888080873374997,0.4569081302721855,-0.00802732153843555,181,320
2089,0.4647306637087295,0.4459368931855087,0.018793770523220787,181,291
2090,0.44967236266574206,0.43797382452631517,0.011698538139426895,181,322
2091,0.44108074093991334,0.5309865701395323,-0.08990582919961898,181,305
2092,0.4794963609576204,0.47057625535640185,0.008920105601218531,181,341
2093,0.38540884786191415,0.4333512887226604,-0.04794244086074623,181,333
2094,0.4383710227974715,0.42699398750255463,0.011377035294916849,181,317
2095,0.4409891096295044,0.4613067145290561,-0.0203176048995517,181,320
2096,0.4494835740499977,0.5137769821440042,-0.06429340809400652,181,283
2097,0.41649183572658355,0.4359234989934078,-0.019431663266824273,181,335
2098,0.4355817931854798,0.4840101946685737,-0.04842840148309391,181,310
2099,0.41749082230179,0.446087209104658,-0.028596386802867968,181,328
2100,0.40436323185649325,0.40881214365765206,-0.004448911801158806,181,363
2101,0.48610814060237306,0.5006468128748961,-0.014538672272523034,181,312
2102,0.45564271822035796,0.44110399266024214,0.014538725560115817,181,317
2103,0.4820524952581243,0.511877225103075,-0.02982472984495066,181,296
2104,0.501018121534328,0.4786920287782191,0.022326092756108917,181,328
2105,0.3728861674070337,0.5064848201254052,-0.1335986527183715,181,299
2106,0.45326065542941313,0.4510356663007685,0.0022249891286446055,181,313
2107,0.4749143541938547,0.44150443775235326,0.03340991644150143,181,320
2108,0.4836683472416027,0.4352761727563155,0.048392174485287154,181,337
2109,0.4781085548973688,0.5242096542258846,-0.046101099328515804,181,295
2110,0.4802631891742798,0.5004864894682451,-0.02022330029396535,181,317
2111,0.43758757902710305,0.4892419455710911,-0.05165436654398803,181,318
2112,0.4619635585487833,0.4981791996330842,-0.03621564108430092,181,292
2113,0.49872369135235683,0.5598289949344346,-0.061105303582077775,181,287
2114,0.44517068118974573,0.4346531095084461,0.010517571681299631,181,354
2115,0.4722080287884041,0.47618152273697173,-0.003973493948567608,181,340
2116,0.42805107003585513,0.448754767679997,-0.020703697644141872,181,333
2117,0.47443456379331533,0.4619009958086225,0.01253356798469285,181,339
2118,0.41637748499431,0.4677513877449237,-0.05137390275061371,181,297
2119,0.4637334321837222,0.4974368232979986,-0.03370339111427639,181,301
2120,0.43273594194651605,0.42376963643256166,0.008966305513954387,181,346
2121,0.462491362310032,0.5127122047387828,-0.050220842428750745,181,302
2122,0.47596166048547,0.4551843416748701,0.02077731881059991,181,289
2123,0.3529955730832075,0.4580864147399701,-0.10509084165676258,181,313
2124,0.478384563702024,0.49666615441762996,-0.018281590715605978,181,285
2125,0.5164264836178921,0.46540928539797255,0.05101719821991957,181,325
2126,0.41393368732166,0.44416374655746277,-0.030230059235802742,181,324
2127,0.3953665973402815,0.4442463974686847,-0.048879800128403206,181,326
2128,0.4222603276869488,0.489193820228303,-0.06693349254135417,181,294
2129,0.4447889391709617,0.5399664516969578,-0.0951775125259961,181,301
2130,0.437260852336479,0.4460242135823531,-0.008763361245874124,181,329
2131,0.39653527513019143,0.494064040696956,-0.09752876556676454,181,309
2132,0.46145667453284317,0.4822381970595619,-0.02078152252671872,181,307
2133,0.43781388093903956,0.4988198172366914,-0.06100593629765183,181,282
2134,0.4765654877335549,0.4657600692098702,0.010805418523684718,181,320
2135,0.45086486324948927,0.4513717443971336,-0.0005068811476443558,181,342
2136,0.37311085202533995,0.4351117796165645,-0.06200092759122455,181,300
2137,0.5150718143870106,0.47390916750353185,0.041162646883478704,181,290
2138,0.4895322754722953,0.4753697025049628,0.014162572967332476,181,309
2139,0.3639158778800878,0.4448192690568928,-0.080903391176805,181,318
2140,0.5092232608638046,0.41906046852561485,0.0901627923381898,181,335
2141,0.46704264307315746,0.44086775271149253,0.026174890361664926,181,320
2142,0.4348322194422856,0.4889900310985776,-0.054157811656291965,181,332
2143,0.4184314893916958,0.5353223446928036,-0.11689085530110782,181,305
2144,0.4512652196679389,0.5126415562868084,-0.06137633661886949,181,323
2145,0.4088459375159789,0.4902608994808139,-0.081414961964835,181,300
2146,0.4548170597348638,0.45644860006478566,-0.0016315403299218545,181,342
2147,0.42773361478305955,0.48729277577066565,-0.05955916098760611,181,328
2148,0.47089694294663237,0.45307442647607765,0.017822516470554717,181,313
2149,0.44565319318434976,0.47875832354093223,-0.03310513035658247,181,336
2150,0.46730034989138225,0.4669826289963891,0.0003177208949931565,181,320
2151,0.48937211981566825,0.5040685128304866,-0.014696393014818343,181,315
2152,0.4594320519355501,0.498859695805587,-0.03942764387003689,181,328
2153,0.44315322219766706,0.41416445147765824,0.028988770720008827,181,366
2154,0.4123862744298871,0.47168442182945775,-0.05929814739957062,181,335
2155,0.4923534878173624,0.45916794965291846,0.03318553816444392,181,312
2156,0.46293854942482543,0.5134978203478332,-0.05055927092300777,181,315
2157,0.4614443450445914,0.4812795606352732,-0.0198352155906818,181,295
2158,0.465618540015493,0.4499592957883591,0.01565924422713394,181,308
2159,0.45841738994448356,0.44863067523448236,0.009786714710001199,181,335
2160,0.5184516412739409,0.49571107148253873,0.02274056979140221,181,313
2161,0.4519859051257508,0.4012602074911235,0.05072569763462731,181,323
2162,0.46081466557686396,0.48202702329970576,-0.0212123577228418,181,320
2163,0.44626378211900825,0.5005676367983635,-0.054303854679355223,181,296
2164,0.4590054453959623,0.5006133111418779,-0.04160786574591563,181,297
2165,0.45824080469644446,0.45991477258392416,-0.0016739678874796993,181,295
2166,0.4557266207513329,0.5237746518925336,-0.06804803114120067,181,313
2167,0.40777212570819515,0.4800472876677874,-0.07227516195959227,181,307
2168,0.41570482248606844,0.44485247273301615,-0.02914765024694771,181,348
2169,0.458787471032369,0.4656628032840738,-0.00687533225170478,181,304
2170,0.5118888653509337,0.459343093357868,0.052545771993065704,181,299
2171,0.48398156974580503,0.44453865889543037,0.03944291085037466,181,323
2172,0.4935813186450758,0.5356025662814015,-0.04202124763632564,181,292
2173,0.45961090341509747,0.4981202390151158,-0.038509335600018346,181,301
2174,0.39937600792442524,0.4430749543226202,-0.04369894639819494,181,339
2175,0.4426695571716209,0.4793056680382332,-0.03663611086661234,181,314
2176,0.4751490795955406,0.42863319521125337,0.04651588438428722,181,313
2177,0.47194720817747626,0.5404023207331069,-0.06845511255563064,181,298
2178,0.41705848682033275,0.4235666407325394,-0.00650815391220666,181,353
2179,0.40917905909254576,0.5056153498631375,-0.09643629077059174,181,309
2180,0.43215861206693645,0.42985999989797036,0.0022986121689660965,181,358
2181,0.40008961557106976,0.47125455449438614,-0.07116493892331638,181,314
2182,0.46036836841379225,0.4890732390693314,-0.028704870655539172,181,324
2183,0.4726884267267483,0.4889976142761493,-0.016309187549400972,181,350
2184,0.45375017507318705,0.517157675911067,-0.06340750083787994,181,303
2185,0.49467185652275464,0.4798359912128423,0.014835865309912322,181,320
2186,0.46540687544126363,0.48136650911346196,-0.015959633672198326,181,290
2187,0.4605540848142237,0.5013302440274001,-0.0407761592131764,181,293
2188,0.4452357418239473,0.5185200123088322,-0.07328427048488484,181,309
2189,0.43588860544217684,0.46490074206435034,-0.0290121366221735,181,327
2190,0.36742587391775927,0.47617170949687926,-0.10874583557911999,181,311
2191,0.473231668279299,0.5080608376917651,-0.03482916941246611,181,309
2192,0.46033587703855966,0.4934992375614153,-0.03316336052285562,181,305
2193,0.36980148174512484,0.42745245720855474,-0.0576509754634299,181,337
2194,0.42620608770053986,0.4397848901017231,-0.013578802401183254,181,307
2195,0.5065613358244214,0.4986893561757982,0.00787197964862324,181,295
2196,0.4843568227079576,0.5028102404354093,-0.018453417727451737,181,318
2197,0.48285221066687384,0.4718023460818546,0.01104986458501922,181,317
2198,0.4843935856434976,0.4654994265358746,0.018894159107622988,181,337
2199,0.4334758041147494,0.45356444576620963,-0.020088641651460237,181,364
2200,0.4624276197048603,0.4681023664906204,-0.005674746785760132,181,302
2201,0.49152360268723594,0.4473440123047169,0.04417959038251906,181,342
2202,0.37705106487715184,0.40397416198072433,-0.02692309710357249,181,368
2203,0.4703279847261849,0.49760597406124474,-0.027277989335059816,181,313
2204,0.471619383535273,0.5113860174452504,-0.03976663390997737,181,318
2205,0.49863826929044325,0.5080638245860083,-0.009425555295565047,181,285
2206,0.46404142622630024,0.5194054060646147,-0.05536397983831448,181,282
2207,0.49242151590329725,0.4827044171904826,0.00971709871281462,181,329
2208,0.5033324499258203,0.5051080281909895,-0.0017755782651692753,181,301
2209,0.44341551464342804,0.4370914058598889,0.006324108783539117,181,340
2210,0.44920987626067843,0.49255934192270867,-0.04334946566203024,181,320
2211,0.40891355914619465,0.5088083514660106,-0.0998947923198159,181,283
2212,0.4394550332581169,0.5080798921237133,-0.06862485886559638,181,299
2213,0.45409222478766104,0.4913489046068697,-0.03725667981920866,181,321
2214,0.46424974478578235,0.4229984691343005,0.041251275651481845,181,298
2215,0.432820851475345,0.44271927564854835,-0.009898424173203357,181,333
2216,0.46220493025170656,0.46202593766366357,0.00017899258804299212,181,314
2217,0.4720788412399024,0.4789512280127927,-0.006872386772890315,181,310
2218,0.4443755249340096,0.4968722662338868,-0.05249674129987719,181,305
2219,0.5107136830471591,0.5245115955087105,-0.013797912461551376,181,276
2220,0.4391007022836835,0.5054382849728107,-0.06633758268912726,181,294
2221,0.5073770930108201,0.5288021056755673,-0.021425012664747167,181,309
2222,0.47802038635096966,0.46764790163156,0.010372484719409658,181,325
2223,0.4133719445224898,0.42532840737453653,-0.011956462852046712,181,346
2224,0.48459984708344017,0.5186125636281788,-0.034012716544738586,181,281
2225,0.43514012618613834,0.4182345595255614,0.016905566660576965,181,364
2226,0.4721706250990137,0.5011290398440758,-0.028958414745062055,181,302
2227,0.4010551832431454,0.4528017107499712,-0.051746527506825846,181,306
2228,0.41416530195664486,0.44315453872738636,-0.0289892367707415,181,323
2229,0.467313444183057,0.4368146284836765,0.030498815699380455,181,323
2230,0.5254763004349404,0.43665299264337226,0.08882330779156816,181,307
2231,0.5011218007871705,0.4214603891622525,0.07966141162491802,181,306
2232,0.4720203006766625,0.4596605986603017,0.01235970201636083,181,298
2233,0.4468465020448428,0.415421684381453,0.03142481766338978,181,348
2234,0.4036244990356074,0.49928532394005537,-0.095660824904448,181,298
2235,0.45020569068923527,0.48976382267521507,-0.039558131985979794,181,296
2236,0.4249651755319138,0.4739596413739386,-0.04899446584202477,181,309
2237,0.5358116459811375,0.5253490177502336,0.010462628230903936,181,300
2238,0.46654140928417664,0.48703153260447557,-0.020490123320298925,181,337
2239,0.4501593337233905,0.49303216859032356,-0.04287283486693305,181,305
2240,0.3451356965655973,0.4747337296273466,-0.12959803306174933,181,314
2241,0.4586864189045487,0.4835632286542431,-0.024876809749694417,181,325
2242,0.4264003037112281,0.5043079876259601,-0.07790768391473196,181,301
2243,0.5017219048674478,0.4736642149084424,0.028057689959005427,181,303
2244,0.5092848193108918,0.4673959760118343,0.041888843299057454,181,298
2245,0.49886656633099996,0.4905248648272866,0.008341701503713383,181,305
2246,0.4465597686442555,0.4526682238676128,-0.00610845522335729,181,321
2247,0.4766699060576612,0.4859126332203028,-0.009242727162641629,181,340
2248,0.40570675417671426,0.43571211023584366,-0.030005356059129407,181,331
2249,0.4136236273780824,0.47516578249336877,-0.06154215511528638,181,293
2250,0.4753968253968254,0.45367442794573165,0.021722397451093722,181,338
2251,0.4606097840697739,0.43600516204945505,0.024604622020318823,181,335
2252,0.42479611239610315,0.40995601922836883,0.014840093167734325,181,355
2253,0.4641046117884459,0.5510597103199144,-0.08695509853146849,181,279
2254,0.4721966782993496,0.487437948291732,-0.0152412699923824,181,310
2255,0.4202460757506302,0.47685918773810226,-0.05661311198747204,181,310
2256,0.4673688351679903,0.4819006556451947,-0.01453182047720436,181,335
2257,0.48966554260624273,0.4699222413170404,0.01974330128920232,181,320
2258,0.4933519310877802,0.48290928703169506,0.010442644056085137,181,295
2259,0.4627141551368304,0.5074764205198987,-0.04476226538306832,181,294
2260,0.4673407460485692,0.46059159740222866,0.006749148646340519,181,315
2261,0.47056149368249856,0.5251171881801716,-0.05455569449767306,181,292
2262,0.4667466419019214,0.5240299748095151,-0.05728333290759369,181,303
2263,0.4184770318552107,0.4762191781558376,-0.057742146300626906,181,323
2264,0.46484561120022727,0.47832520585349514,-0.013479594653267868,181,306
2265,0.45151815772681136,0.4606585094465445,-0.009140351719733153,181,347
2266,0.48393791082866716,0.48564711846193936,-0.0017092076332722028,181,299
2267,0.43139431712213455,0.43841030827967403,-0.007015991157539481,181,305
2268,0.47530728236910885,0.5165534521474491,-0.041246169778340225,181,292
2269,0.38462493705354056,0.4265663670349498,-0.04194142998140926,181,361
2270,0.5286984547745922,0.48021160873973,0.0484868460348622,181,288
2271,0.431900226477175,0.44436978911223707,-0.012469562635062048,181,324
2272,0.39433197521432817,0.4614870545230865,-0.06715507930875836,181,304
2273,0.4394346554680785,0.47207203807156767,-0.03263738260348914,181,319
2274,0.4475189459599339,0.42602968676106484,0.02148925919886907,181,362
2275,0.5268418013892521,0.5225139990071322,0.0043278023821198275,181,274
2276,0.4904877579135288,0.4986941906833075,-0.008206432769778726,181,306
2277,0.4658965164801114,0.4286125500247704,0.03728396645534099,181,345
2278,0.4699775083597149,0.5472253692871114,-0.0772478609273965,181,288
2279,0.4639588759136104,0.4713651464814255,-0.007406270567815121,181,294
2280,0.4742771412909121,0.49837326522387027,-0.02409612393295818,181,326
2281,0.4529595616353053,0.44348130210876885,0.00947825952653647,181,342
2282,0.4734006308640858,0.4340513672683791,0.039349263595706674,181,349
2283,0.4933453754225187,0.4395821458709079,0.053763229551610836,181,316
2284,0.4557934519337426,0.4797084111422346,-0.023914959208492015,181,324
2285,0.48864709466248557,0.47005950667750007,0.0185875879849855,181,304
2286,0.47553116089369313,0.5022781571357625,-0.026746996242069387,181,309
2287,0.4915216691498529,0.5058747949158907,-0.014353125766037811,181,280
2288,0.45305934383970115,0.4748150390099543,-0.021755695170253164,181,297
2289,0.4251602478030249,0.48251360431762774,-0.05735335651460283,181,348
2290,0.5172774373712627,0.48214071835630806,0.03513671901495469,181,315
2291,0.4250799593719948,0.4849469263052449,-0.05986696693325011,181,330
2292,0.4968485935867552,0.4267956325989858,0.07005296098776942,181,318
2293,0.4478332546043104,0.4838242956111092,-0.035991041006798785,181,300
2294,0.43168380222504016,0.4914944234484536,-0.05981062122341346,181,317
2295,0.46804281950651794,0.4574204930751248,0.010622326431393159,181,329
2296,0.48254206664689503,0.5184914486851453,-0.035949382038250266,181,287
2297,0.43459173498252646,0.4403611424545789,-0.005769407472052457,181,323
2298,0.43897629265613236,0.49269317612208546,-0.0537168834659531,181,290
2299,0.48107542510776746,0.5168347158657514,-0.0357592907579839,181,314
2300,0.3768941845215604,0.47356196841008596,-0.09666778388852554,181,299
2301,0.46558877638553103,0.41511238975524695,0.05047638663028409,181,341
2302,0.45875861426708886,0.5167639746892138,-0.058005360422124896,181,305
2303,0.5061002506914488,0.44002038784377373,0.06607986284767509,181,306
2304,0.4759868415656593,0.5288923770629678,-0.052905535497308476,181,295
2305,0.46756970143084114,0.42767139356805833,0.03989830786278281,181,322
2306,0.4637314798696556,0.40312488386990186,0.060606595999753765,181,350
2307,0.4684574493309727,0.4671975627857981,0.0012598865451746155,181,321
2308,0.44420775895770553,0.4926563769907424,-0.04844861803303685,181,329
2309,0.4951414051902176,0.46422239369151413,0.030919011498703464,181,303
2310,0.42999183561418114,0.46488660026598044,-0.034894764651799304,181,291
2311,0.4558731755063899,0.4779208215404796,-0.022047646034089707,181,331
2312,0.4657713967421109,0.4455093620968911,0.02026203464521975,181,308
2313,0.46327545954166893,0.497116529075679,-0.03384106953401006,181,276
2314,0.4497003464520303,0.45120647181103385,-0.001506125359003574,181,321
2315,0.48574705754602004,0.47472284848829227,0.011024209057727774,181,310
2316,0.4108170210097821,0.5222949955175867,-0.11147797450780461,181,291
2317,0.46796244667052295,0.4201955419900858,0.04776690468043715,181,347
2318,0.4594957211303842,0.39442879432457006,0.06506692680581416,181,328
2319,0.5076129560820103,0.39856362367206705,0.10904933240994324,181,354
2320,0.42078878913613266,0.45286593094474864,-0.03207714180861598,181,316
2321,0.45292970518619446,0.45468566572927976,-0.0017559605430852998,181,321
2322,0.45409278921523694,0.4619147745268543,-0.007821985311617374,181,326
2323,0.50712568193836,0.46560272536492625,0.0415229565734338,181,298
2324,0.4031200200324633,0.4749809858576786,-0.07186096582521534,181,313
2325,0.38754499391854613,0.4413072981477152,-0.053762304229169056,181,336
2326,0.4197389930841762,0.3522515892224399,0.06748740386173635,181,368
2327,0.4812109116948816,0.5166163315721911,-0.035405419877309496,181,296
2328,0.4415145643584387,0.5190112111862452,-0.07749664682780644,181,318
2329,0.4248798101400778,0.4439475548717898,-0.019067744731711966,181,332
2330,0.4786979145725276,0.48957073989991684,-0.010872825327389257,181,304
2331,0.4905745855563927,0.4420102705839648,0.04856431497242791,181,336
2332,0.41268914663423745,0.4334565819525502,-0.020767435318312766,181,318
2333,0.45794143160812956,0.46526730870189426,-0.007325877093764699,181,319
2334,0.4880967903218046,0.4553516873242581,0.03274510299754646,181,293
2335,0.4354268701559342,0.4345118178836957,0.0009150522722384813,181,329
2336,0.4960895432089811,0.4517905611765613,0.044298982032419776,181,321
2337,0.45552978141510675,0.4399111576491196,0.01561862376598716,181,314
2338,0.4027509265295814,0.44318658495714214,-0.04043565842756075,181,331
2339,0.5083853125779142,0.52823565181564,-0.019850339237725834,181,292
2340,0.4345758063590758,0.4631820150294553,-0.028606208670379496,181,328
2341,0.4767654820527767,0.4485688047394036,0.02819667731337311,181,324
2342,0.45693935413932246,0.43037071307393976,0.026568641065382703,181,327
2343,0.32888049533841085,0.47706691494244247,-0.14818641960403162,181,332
2344,0.4486213670122935,0.4533478019437918,-0.0047264349314983245,181,299
2345,0.5025700590049192,0.5566672170858281,-0.05409715808090887,181,276
2346,0.35637842765972366,0.4325477317363727,-0.07616930407664901,181,311
2347,0.4602932982489026,0.48829411994263755,-0.028000821693734967,181,295
2348,0.4592581399150603,0.44678930645892656,0.012468833456133754,181,327
2349,0.4915057276234526,0.48107421763518526,0.010431509988267362,181,305
2350,0.4714258300946657,0.47472050128295035,-0.003294671188284637,181,336
2351,0.49633950929743836,0.5533848316040333,-0.057045322306594926,181,277
2352,0.4661407289913021,0.44758627571527354,0.01855445327602856,181,331
2353,0.4086007105172055,0.4712363799691536,-0.0626356694519481,181,325
2354,0.4457027255346583,0.4910168301036014,-0.04531410456894314,181,301
2355,0.4613019014660266,0.4748336017155096,-0.01353170024948297,181,289
2356,0.47604071193430125,0.5063180608366619,-0.030277348902360612,181,311
2357,0.5087670649882632,0.4263755326225813,0.08239153236568186,181,315
2358,0.4726718282269945,0.4877389483757462,-0.015067120148751723,181,292
2359,0.4648863602833683,0.468310114861839,-0.0034237545784706613,181,311
2360,0.48115748914991713,0.45864573812985654,0.02251175102006059,181,299
2361,0.47175961560073393,0.4415306978198873,0.03022891778084663,181,328
2362,0.3558884367395766,0.42669666696720887,-0.07080823022763227,181,327
2363,0.44521844205231736,0.5464261222860606,-0.10120768023374321,181,293
2364,0.4878359536362936,0.49566366156106534,-0.00782770792477172,181,294
2365,0.44469595285045926,0.4332191157385386,0.011476837111920657,181,346
2366,0.49537337199360254,0.4790097592985875,0.016363612695015017,181,315
2367,0.4841062194163734,0.47894802739813763,0.005158192018235752,181,299
2368,0.4639933102708215,0.4854570420709181,-0.021463731800096586,181,303
2369,0.44426912449160694,0.43846611209147746,0.005803012400129481,181,302
2370,0.3724788270735681,0.4496538110027413,-0.07717498392917321,181,338
2371,0.46520151920417296,0.4652057671825694,-4.247978396432206e-06,181,299
2372,0.4898213764337335,0.5155038044163843,-0.0256824279826508,181,304
2373,0.42989375034200406,0.42869934298505724,0.0011944073569468139,181,361
2374,0.4994256805290521,0.4626261921137717,0.03679948841528041,181,345
2375,0.4574485719931822,0.4343381723614556,0.023110399631726564,181,356
2376,0.429927979012332,0.5261076103057236,-0.09617963129339163,181,287
2377,0.4667202500262825,0.4212972349882618,0.04542301503802065,181,325
2378,0.4359773797560762,0.3782822623423974,0.057695117413678776,181,359
2379,0.4638417525229136,0.5645182552631713,-0.10067650274025775,181,286
2380,0.3990948936663782,0.4885177038474038,-0.0894228101810256,181,319
2381,0.512995300449175,0.5446713762428048,-0.031676075793629854,181,313
2382,0.5312138742346385,0.5019648440701072,0.029249030164531287,181,306
2383,0.4217144164591889,0.48877555910198917,-0.06706114264280028,181,314
2384,0.4570700849837733,0.5159490184067898,-0.05887893342301648,181,300
2385,0.3635011813583242,0.5105915129651549,-0.14709033160683072,181,300
2386,0.4910902044279687,0.36531040358245254,0.12577980084551615,181,312
2387,0.4074727851581156,0.4140602851042193,-0.006587499946103692,181,317
2388,0.4275564681007947,0.44749839886213855,-0.019941930761343873,181,324
2389,0.5251721726191871,0.5079334123730249,0.01723876024616222,181,302
2390,0.4638325764927535,0.4680189343437932,-0.004186357851039713,181,352
2391,0.43675441190969133,0.41324634040757185,0.023508071502119476,181,330
2392,0.4419685748257177,0.4576882929633408,-0.015719718137623073,181,318
2393,0.4975537789749119,0.5334353295277394,-0.035881550552827546,181,284
2394,0.4319440539697063,0.43775379300161793,-0.0058097390319116204,181,328
2395,0.4477171180467883,0.5181800040116478,-0.07046288596485945,181,294
2396,0.4322149651803054,0.46322269355067547,-0.03100772837037008,181,333
2397,0.4830728759271635,0.39328741459932653,0.08978546132783699,181,356
2398,0.4546706533647699,0.4123329975527718,0.04233765581199811,181,360
2399,0.46886166446259303,0.4914445259747139,-0.022582861512120855,181,297
2400,0.4561905324348056,0.44843094036835135,0.007759592066454268,181,348
2401,0.41120420266150143,0.49767288555835154,-0.08646868289685011,181,317
2402,0.450010736276274,0.4632921423638437,-0.01328140608756967,181,326
2403,0.4465738311575927,0.45799606889739,-0.01142223773979728,181,308
2404,0.49873742064395016,0.4332921661093191,0.06544525453463107,181,302
2405,0.46153210783732285,0.5179987849439496,-0.05646667710662673,181,305
2406,0.46123846118059847,0.4099455678513026,0.051292893329295874,181,364
2407,0.44859443440235147,0.47845150534226166,-0.02985707093991019,181,332
2408,0.4537066510596598,0.45806284741499503,-0.00435619635533524,181,333
2409,0.5117577381591786,0.4711204816136859,0.04063725654549266,181,306
2410,0.4770086334544116,0.5020599298084857,-0.025051296354074104,181,310
2411,0.4506862739544032,0.4426628556961685,0.008023418258234716,181,332
2412,0.4016330789213863,0.5115514596408757,-0.1099183807194894,181,304
2413,0.4077808335931752,0.48899051729616516,-0.08120968370298998,181,339
2414,0.4639898313654623,0.4908114648564247,-0.026821633490962393,181,326
2415,0.4946665766154092,0.45051661553381994,0.04414996108158925,181,292
2416,0.4809797903296011,0.43639237629236743,0.04458741403723365,181,325
2417,0.45799405456786335,0.4989699898874814,-0.04097593531961807,181,292
2418,0.45738513049510393,0.45918003247562117,-0.0017949019805172384,181,330
2419,0.5056244366971911,0.44256451852577694,0.06305991817141421,181,314
2420,0.47466512122873555,0.4877254832284712,-0.013060361999735648,181,319
2421,0.5152516957990702,0.464830205677758,0.05042149012131214,181,304
2422,0.5021851401792863,0.4893323789875514,0.012852761191734896,181,288
2423,0.4876373561562532,0.4359172045052531,0.05172015165100008,181,354
2424,0.3859127479663194,0.4695247365904561,-0.08361198862413671,181,303
2425,0.4786032508481293,0.4534037663328281,0.02519948451530124,181,320
2426,0.4204636333501304,0.5226338724012366,-0.10217023905110623,181,331
2427,0.4912170254885543,0.4680978472089744,0.023119178279579877,181,317
2428,0.49245177657031763,0.5061748423613913,-0.013723065791073685,181,325
2429,0.47462036263744983,0.5022238422576881,-0.02760347962023829,181,298
2430,0.48240595659210833,0.4997659188217917,-0.01735996222968339,181,298
2431,0.4705892946353904,0.5093857414189159,-0.03879644678352551,181,293
2432,0.49783625984998986,0.3886904761904762,0.10914578365951366,181,319
2433,0.42333676511749596,0.4093096659164906,0.014027099201005366,181,334
2434,0.4249036869019552,0.5623454619304844,-0.13744177502852922,181,289
2435,0.4478178099395521,0.38227999089142367,0.06553781904812844,181,348
2436,0.43912842416429776,0.4691486754803512,-0.03002025131605346,181,335
2437,0.5098490481949128,0.5431753963693217,-0.033326348174408826,181,284
2438,0.4904416872451421,0.44087622523218445,0.04956546201295764,181,322
2439,0.44337560957458916,0.502431560289794,-0.05905595071520481,181,309
2440,0.4286541866023142,0.4509810513038876,-0.022326864701573412,181,301
2441,0.40544796063429983,0.4787348294620236,-0.07328686882772378,181,321
2442,0.4658633148384414,0.4468833990630893,0.018979915775352074,181,338
2443,0.42138791317990354,0.5038662355301655,-0.08247832235026198,181,301
2444,0.4249704963497965,0.5137798571338944,-0.0888093607840979,181,301
2445,0.454475207010704,0.4027995857488945,0.05167562126180947,181,329
2446,0.42978873277591384,0.4796026770164702,-0.04981394424055635,181,307
2447,0.37285047430598783,0.4818314947621133,-0.10898102045612545,181,320
2448,0.45612026046116394,0.4313987738271486,0.024721486634015355,181,319
2449,0.45235001546845627,0.4426187696027141,0.009731245865742144,181,333
2450,0.4471160335481236,0.4779138537979441,-0.030797820249820473,181,322
2451,0.4573581036274942,0.4843074355797491,-0.026949331952254907,181,292
2452,0.4580329051977106,0.4787587968087997,-0.020725891611089065,181,312
2453,0.46413685738705046,0.4150547640439824,0.04908209334306807,181,333
2454,0.3609646703183435,0.44257565672965676,-0.08161098641131326,181,363
2455,0.44814566335548,0.506837612235808,-0.058691948880328026,181,311
2456,0.4556446729369445,0.5689398925380732,-0.1132952196011287,181,283
2457,0.49274483643028777,0.45865844465386457,0.0340863917764232,181,310
2458,0.4624680364534622,0.4322893230613029,0.030178713392159273,181,341
2459,0.4607137574443763,0.4415892184869902,0.01912453895738614,181,324
2460,0.49897124795083986,0.48644575459700906,0.012525493353830797,181,332
2461,0.46636097229264933,0.5194281107261312,-0.05306713843348182,181,297
2462,0.4373150644958668,0.44881310133343594,-0.011498036837569114,181,322
2463,0.435208484291707,0.4833878581419839,-0.048179373850276874,181,364
2464,0.39851639602949546,0.3471768800534459,0.05133951597604958,181,391
2465,0.4877826106619511,0.5149009148042571,-0.027118304142306038,181,302
2466,0.46775870411796255,0.4888058371879768,-0.021047133070014268,181,327
2467,0.4141038004833718,0.534537609081573,-0.12043380859820119,181,283
2468,0.41846921202079684,0.4739501704661385,-0.05548095844534168,181,310
2469,0.44608096064481295,0.4498625800704899,-0.003781619425676952,181,332
2470,0.4921501832482197,0.46212467542382357,0.030025507824396114,181,286
2471,0.492293953195254,0.4338754089683077,0.05841854422694631,181,322
2472,0.4596726535953867,0.48006281994333555,-0.020390166347948824,181,316
2473,0.45731206580263184,0.4425470554211906,0.014765010381441235,181,312
2474,0.5132908163265305,0.527595391521801,-0.014304575195270508,181,290
2475,0.5132720782287791,0.49836579059173863,0.014906287637040438,181,298
2476,0.45335009953844957,0.50628792329339,-0.05293782375494044,181,298
2477,0.4479676883066714,0.44685271563656304,0.0011149726701083496,181,336
2478,0.4209415950288161,0.4749788701600631,-0.05403727513124701,181,324
2479,0.43395329651767717,0.5336942079479393,-0.09974091143026215,181,273
2480,0.5319987678128023,0.45717389671473435,0.07482487109806796,181,327
2481,0.42638413538440617,0.4556916951404144,-0.02930755975600824,181,325
2482,0.4755831809521958,0.43489083303501114,0.04069234791718468,181,341
2483,0.4451849423754658,0.5099989546884972,-0.06481401231303141,181,323
2484,0.5030866559452611,0.5431033148797473,-0.04001665893448614,181,292
2485,0.4777730062163994,0.4962899206491397,-0.018516914432740283,181,280
2486,0.39507621625848227,0.41583636342953106,-0.020760147171048793,181,332
2487,0.4667938926136697,0.5101443814558568,-0.04335048884218712,181,302
2488,0.3983112339933929,0.48357759192552685,-0.08526635793213394,181,316
2489,0.5316175610180304,0.5336257249206642,-0.0020081639026338083,181,260
2490,0.4629739622969284,0.4907788910053508,-0.02780492870842244,181,307
2491,0.42706883583317395,0.5150843977726216,-0.08801556193944765,181,315
2492,0.48740933467072123,0.4416734251417581,0.045735909528963115,181,342
2493,0.42052908363475144,0.4692936469895341,-0.04876456335478263,181,317
2494,0.45196153896346314,0.49214701344551876,-0.040185474482055616,181,335
2495,0.49398481452947113,0.4486931070118739,0.0452917075175972,181,330
2496,0.42724723560515204,0.4451224313751766,-0.017875195770024555,181,314
2497,0.430583764606321,0.46795334201796673,-0.03736957741164576,181,306
2498,0.492119727714656,0.5525915244299425,-0.06047179671528652,181,286
2499,0.49823140358542156,0.45243344399696245,0.045797959588459114,181,304
2500,0.5124264469095613,0.4471371777909742,0.06528926911858707,181,318
2501,0.5148520947323579,0.429555257544388,0.08529683718796993,181,304
2502,0.46308446746864734,0.45212482805156295,0.010959639417084388,181,298
2503,0.4233022901952261,0.46025005507460853,-0.03694776487938245,181,362
2504,0.4708968908963222,0.43305879765507094,0.03783809324125126,181,329
2505,0.4729526944099603,0.48540262587144495,-0.012449931461484653,181,319
2506,0.442227832458976,0.46383784233893977,-0.021610009879963754,181,316
2507,0.44350448679133164,0.46383557334759634,-0.0203310865562647,181,329
2508,0.46788556271314896,0.45543683637602833,0.01244872633712063,181,346
2509,0.4867403076472096,0.47827603654801576,0.008464271099193843,181,311
2510,0.46846849681385805,0.4049158997484032,0.06355259706545485,181,325
2511,0.45840089642283377,0.4714597289043606,-0.013058832481526839,181,320
2512,0.437571309903154,0.46738697160242826,-0.029815661699274243,181,326
2513,0.44401440008509674,0.42507896707286114,0.018935433012235603,181,330
2514,0.501503977498111,0.46128856194463014,0.040215415553480904,181,317
2515,0.4641565280220742,0.483769980845143,-0.01961345282306881,181,340
2516,0.4623602195384374,0.4629634572163162,-0.0006032376778787873,181,317
2517,0.4902003909333157,0.5034481438466613,-0.013247752913345567,181,321
2518,0.4661437058221854,0.5247875415885633,-0.05864383576637794,181,302
2519,0.49464907236907474,0.482750612345351,0.011898460023723745,181,296
2520,0.4678453683662017,0.5636442167124195,-0.09579884834621777,181,301
2521,0.43118507996502314,0.4352206272516597,-0.004035547286636576,181,343
2522,0.4598573485437417,0.44180792953651826,0.018049419007223455,181,300
2523,0.41096815113393037,0.4988415903809154,-0.08787343924698504,181,323
2524,0.442941346747775,0.4223970922715558,0.020544254476219215,181,323
2525,0.47275171185405657,0.43481717206956455,0.037934539784492016,181,341
2526,0.42490537131196227,0.45154644570615726,-0.026641074394194997,181,310
2527,0.4343806368708335,0.4836773983897297,-0.04929676151889617,181,324
2528,0.4223781323628807,0.462537814580572,-0.04015968221769134,181,298
2529,0.46307517665578535,0.4499199577134711,0.01315521894231425,181,346
2530,0.4478800715052294,0.49105648933010027,-0.04317641782487086,181,317
2531,0.4852853685238432,0.5349163279519492,-0.049630959428106025,181,275
2532,0.4078858856308637,0.4260071197415339,-0.01812123411067018,181,334
2533,0.3923329658167844,0.4686442249509453,-0.07631125913416092,181,321
2534,0.5360208347603306,0.472268372463581,0.06375246229674958,181,294
2535,0.45721166794791024,0.4481024275670012,0.009109240380909045,181,301
2536,0.45652443421813504,0.48481868797569483,-0.028294253757559784,181,302
2537,0.4835822589769429,0.4363544515864972,0.047227807390445686,181,323
2538,0.46504022168877884,0.437593458204769,0.027446763484009817,181,317
2539,0.5132099081303481,0.5016435756574472,0.011566332472900842,181,291
2540,0.4446253206837166,0.42558179953647907,0.019043521147237508,181,344
2541,0.5224461263703271,0.4779608218581638,0.04448530451216326,181,312
2542,0.44686752172433064,0.45502482006936046,-0.008157298345029818,181,331
2543,0.43903848120297767,0.455004780648591,-0.01596629944561334,181,342
2544,0.49295336916791627,0.5138539024246358,-0.020900533256719533,181,287
2545,0.47350819811853445,0.5233014821178852,-0.049793283999350735,181,288
2546,0.45277689787276937,0.509737460605537,-0.05696056273276767,181,307
2547,0.41610038605228034,0.4776042481636523,-0.06150386211137199,181,325
2548,0.4847622518103969,0.5192772016715679,-0.034514949861170985,181,310
2549,0.481816409101637,0.5140235929816618,-0.0322071838800248,181,298
2550,0.3798472312758028,0.4551006826818397,-0.0752534514060369,181,307
2551,0.4382165363194148,0.4104153272955302,0.02780120902388461,181,363
2552,0.4759340283785081,0.43766065370369195,0.038273374674816174,181,336
2553,0.4343638032413542,0.45685258155254066,-0.022488778311186453,181,315
2554,0.3539715519390652,0.45453382987423324,-0.10056227793516803,181,336
2555,0.4802902013769566,0.4640404240619613,0.01624977731499533,181,326
2556,0.47574964237161066,0.5200664361824383,-0.04431679381082765,181,322
2557,0.4378278390038376,0.5087525461112826,-0.07092470710744503,181,286
2558,0.4991187974135408,0.5092165871869401,-0.010097789773399257,181,283
2559,0.5092120091438245,0.4552651620075102,0.05394684713631426,181,330
2560,0.42607043174583686,0.43230810797576336,-0.006237676229926492,181,319
2561,0.44889546836490973,0.4888882483578651,-0.03999277999295536,181,321
2562,0.4249560234752388,0.4531802917785212,-0.028224268303282396,181,299
2563,0.4358913392811698,0.4604610116841399,-0.02456967240297009,181,324
2564,0.5058383570245378,0.5390232184436414,-0.033184861419103595,181,293
2565,0.4476876536523129,0.49729884027098176,-0.04961118661866887,181,289
2566,0.48609276251677924,0.4663539129202281,0.019738849596551145,181,303
2567,0.44998297691837574,0.43649429516355764,0.0134886817548181,181,341
2568,0.43790190784871635,0.44382465672330673,-0.005922748874590378,181,327
2569,0.5062330490473562,0.5109041076079207,-0.004671058560564489,181,322
2570,0.4712739429819623,0.4234569340841117,0.047817008897850566,181,356
2571,0.4319315867219008,0.525118511247032,-0.09318692452513122,181,297
2572,0.4604011303126835,0.48580706620344266,-0.02540593589075918,181,298
2573,0.4458589192072825,0.47106227983888244,-0.025203360631599947,181,333
2574,0.44720613419649285,0.5096698594538894,-0.062463725257396574,181,292
2575,0.4751129973891234,0.5682270170742779,-0.09311401968515454,181,291
2576,0.525047794275575,0.47182039750468246,0.053227396770892554,181,299
2577,0.4613320072090373,0.523252983787072,-0.06192097657803469,181,288
2578,0.4271410668313963,0.43960097169275547,-0.012459904861359172,181,331
2579,0.4861145996860282,0.5128180901990425,-0.02670349051301424,181,309
2580,0.4099292107541749,0.5174718564933646,-0.1075426457391897,181,305
2581,0.4209705159169482,0.46912678387867623,-0.04815626796172806,181,323
2582,0.40784610878950506,0.5384720041490004,-0.13062589535949537,181,286
2583,0.4730902213094647,0.5213942448315299,-0.04830402352206514,181,308
2584,0.44486958206119426,0.44919315609875315,-0.004323574037558897,181,313
2585,0.4595759404334404,0.46705648112126735,-0.007480540687826942,181,316
2586,0.49601080262298325,0.503356623113462,-0.007345820490478716,181,316
2587,0.3503946390601846,0.47693718265800644,-0.12654254359782185,181,309
2588,0.46145511943914325,0.5045603532090014,-0.04310523376985814,181,315
2589,0.45304025634860345,0.444697826372688,0.008342429975915444,181,314
2590,0.4403141969162357,0.4822698599815305,-0.0419556630652948,181,311
2591,0.45306961330814904,0.5311829922529588,-0.0781133789448098,181,316
2592,0.42514289398807736,0.5486102581672517,-0.12346736417917437,181,289
2593,0.5040266580366666,0.47982878175424754,0.02419787628241904,181,327
2594,0.5095804748960895,0.5139281534708756,-0.004347678574786129,181,306
2595,0.41212946899460307,0.4853679200443982,-0.07323845104979515,181,336
2596,0.4967352782521403,0.4964161244259659,0.0003191538261744231,181,282
2597,0.4693167637939961,0.5321100059373856,-0.06279324214338944,181,319
2598,0.48980957309621165,0.5007362880559328,-0.010926714959721195,181,273
2599,0.5013156116634232,0.45773622583655144,0.043579385826871764,181,326
2600,0.5119352228070716,0.5127463233665212,-0.0008111005594495513,181,286
2601,0.4200682943789998,0.4298292725908085,-0.009760978211808713,181,322
2602,0.4946064636450759,0.475018608843557,0.019587854801518867,181,320
2603,0.4488403068469719,0.42198345150596384,0.026856855341008068,181,349
2604,0.4317116186349651,0.4000026984773156,0.03170892015764948,181,351
2605,0.45399944680633003,0.4790465162253789,-0.025047069419048884,181,305
2606,0.49168305019704456,0.46985319955977495,0.02182985063726961,181,289
2607,0.49965669282372704,0.49412936493876575,0.005527327884961297,181,312
2608,0.44737203346610704,0.5009228877928216,-0.053550854326714525,181,305
2609,0.4596285461692305,0.44075983147463893,0.01886871469459156,181,335
2610,0.4057423291173846,0.44570013992864094,-0.03995781081125632,181,343
2611,0.4848049955353981,0.4837839864784691,0.0010210090569289787,181,302
2612,0.5124968487250338,0.4454250911063417,0.06707175761869205,181,316
2613,0.4351414066419665,0.5293036279162947,-0.09416222127432822,181,296
2614,0.4199234772829002,0.451874931222113,-0.03195145393921278,181,311
2615,0.49202161662555655,0.4727965007200389,0.01922511590551762,181,299
2616,0.526756271863308,0.4852308122505442,0.04152545961276377,181,301
2617,0.4348264196147019,0.5368876739714549,-0.10206125435675295,181,303
2618,0.45099970528928235,0.451527981042854,-0.000528275753571672,181,328
2619,0.4383443459859402,0.4744289110287788,-0.036084565042838634,181,327
2620,0.4589997281923149,0.4459530118938973,0.013046716298417582,181,335
2621,0.4610828020364007,0.4850967941516689,-0.024013992115268223,181,328
2622,0.4214886426435024,0.4799988629256922,-0.05851022028218983,181,316
2623,0.4491093100000092,0.4828186474201378,-0.033709337420128604,181,315
2624,0.48237949980098793,0.48633858076366787,-0.0039590809626799395,181,325
2625,0.4636525849530365,0.376230541783008,0.0874220431700285,181,334
2626,0.40861179758201127,0.43120055839440985,-0.02258876081239858,181,338
2627,0.4350043878700775,0.4899185858269218,-0.054914197956844324,181,301
2628,0.4349260174256986,0.5142274470005562,-0.07930142957485764,181,292
2629,0.504117607138142,0.4931461855427191,0.010971421595422914,181,306
2630,0.441684879784523,0.4836548873294736,-0.041970007544950616,181,311
2631,0.47626812969209187,0.47104587138228854,0.005222258309803329,181,297
2632,0.5319056975991552,0.5346567878731622,-0.0027510902740069954,181,294
2633,0.42422415123328544,0.49141893343565934,-0.0671947822023739,181,329
2634,0.5107318607318608,0.5736439543916761,-0.06291209365981532,181,274
2635,0.45930849547123503,0.49661531574950735,-0.03730682027827231,181,312
2636,0.4319405232448711,0.5313374641793781,-0.09939694093450702,181,288
2637,0.4710750257936095,0.46755670285257417,0.0035183229410353234,181,309
2638,0.4656716830215493,0.5376978967493049,-0.07202621372775558,181,291
2639,0.3801642946090914,0.44014630438547947,-0.05998200977638807,181,328
2640,0.4339156822666664,0.4563904942051345,-0.02247481193846812,181,316
2641,0.405560735661094,0.454179531661196,-0.048618796000101994,181,345
2642,0.45705505828739995,0.4580642468500411,-0.00100918856264115,181,320
2643,0.48401701473130043,0.49333213572882045,-0.009315120997520021,181,334
2644,0.4392848016174984,0.4440426763273591,-0.004757874709860721,181,325
2645,0.4990387686168763,0.394457681588522,0.10458108702835428,181,346
2646,0.4141079785712282,0.4452477352969963,-0.031139756725768075,181,333
2647,0.45904277050889786,0.4503265462037738,0.008716224305124032,181,321
2648,0.46804725233876204,0.42758521134456245,0.04046204099419959,181,334
2649,0.49932350587131,0.4961671422620384,0.0031563636092716285,181,309
2650,0.43717288251449743,0.4952965176107803,-0.05812363509628288,181,309
2651,0.4402248113350801,0.48732938350466876,-0.04710457216958863,181,303
2652,0.4608277885546384,0.5021335807050092,-0.041305792150370835,181,303
2653,0.46981482335441566,0.4612356335998807,0.008579189754534977,181,312
2654,0.5201453739789833,0.4859902833500422,0.03415509062894112,181,277
2655,0.468515992343928,0.4820469161840291,-0.013530923840101128,181,314
2656,0.49104709222282483,0.5066093011314284,-0.015562208908603603,181,295
2657,0.4603532104844264,0.48635291566097055,-0.025999705176544152,181,331
2658,0.4902646939126832,0.5170481090623491,-0.026783415149665923,181,299
2659,0.4328691208095516,0.5317120070857353,-0.0988428862761837,181,296
2660,0.4336075102616163,0.5045976199583908,-0.0709901096967745,181,290
2661,0.4682926642158677,0.44319128518857026,0.02510137902729742,181,336
2662,0.43107360115763477,0.49831113832631385,-0.06723753716867908,181,312
2663,0.45187710347399956,0.5190794378079602,-0.06720233433396061,181,301
2664,0.41568495013272005,0.44916026285045163,-0.033475312717731576,181,326
2665,0.44685333282333684,0.46445993638222005,-0.017606603558883216,181,334
2666,0.3888645544942181,0.475951698530693,-0.08708714403647494,181,316
2667,0.430771734531133,0.4319363061295064,-0.0011645715983734095,181,319
2668,0.4884164368418781,0.4352631640048415,0.05315327283703658,181,334
2669,0.4028277938387797,0.45747443068905375,-0.054646636850274044,181,329
2670,0.42744342471264724,0.4289410796812895,-0.0014976549686422924,181,331
2671,0.5025023170423847,0.45216517397542483,0.050337143066959855,181,282
2672,0.449930237008087,0.4865577710677441,-0.03662753405965713,181,307
2673,0.44623163340754735,0.46751281775578235,-0.021281184348235005,181,326
2674,0.43219890052958093,0.4395435923701128,-0.007344691840531881,181,332
2675,0.473698565020773,0.5397188127611384,-0.06602024774036541,181,282
2676,0.4310334132293717,0.45474333838338826,-0.023709925154016542,181,310
2677,0.4792246300212471,0.5112826888130904,-0.03205805879184326,181,296
2678,0.426764028198703,0.4981559100843082,-0.07139188188560519,181,316
2679,0.428993331243458,0.46315697360081043,-0.03416364235735242,181,326
2680,0.4925688874378831,0.4751672186355714,0.0174016688023117,181,322
2681,0.4997498936326121,0.44559381217629196,0.054156081456320115,181,297
2682,0.4732212232212231,0.5321840299725078,-0.05896280675128468,181,282
2683,0.48376768786463054,0.5141880674500227,-0.03042037958539212,181,324
2684,0.46790239958959934,0.44925402296264616,0.018648376626953178,181,336
2685,0.4706735610696063,0.4598381453491239,0.01083541572048241,181,301
2686,0.45236160493958916,0.43367081425408,0.018690790685509162,181,334
2687,0.4889978467397724,0.46728500371851966,0.02171284302125276,181,299
2688,0.48997321159519236,0.47716852852390435,0.012804683071288014,181,315
2689,0.46861530041999216,0.4522205067659613,0.016394793654030848,181,338
2690,0.42312077993981145,0.5162512851625471,-0.0931305052227357,181,297
2691,0.5376137931301086,0.5115882003759473,0.026025592754161275,181,294
2692,0.45537469639681716,0.4568473215958126,-0.0014726251989954364,181,326
2693,0.43944723794962404,0.45686059370017373,-0.017413355750549697,181,325
2694,0.4781215401501793,0.40790422070275095,0.07021731944742837,181,334
2695,0.4525932087425933,0.42959052024298433,0.02300268849960896,181,332
2696,0.47140624369510536,0.44915824664149684,0.022247997053608526,181,332
2697,0.44901848834916164,0.4301034858436134,0.01891500250554823,181,324
2698,0.5136803073078585,0.5159498228691864,-0.0022695155613279283,181,276
2699,0.469461944197969,0.5529842952810368,-0.08352235108306777,181,288
2700,0.4459810433664941,0.5021289344893651,-0.05614789112287105,181,313
2701,0.4516073176553309,0.4492761345608408,0.002331183094490097,181,323
2702,0.44320884050331194,0.4488628846813242,-0.005654044178012241,181,319
2703,0.43811378815309376,0.46588788218127525,-0.027774094028181484,181,318
2704,0.4265852655825594,0.4504440383327696,-0.0238587727502102,181,327
2705,0.41848555921660496,0.5266322324189037,-0.1081466732022987,181,291
2706,0.47854400840309885,0.3992739637900928,0.07927004461300607,181,345
2707,0.43990478524153803,0.4699355125161576,-0.030030727274619584,181,326
2708,0.4814813650443301,0.4642263849554985,0.017254980088831584,181,315
2709,0.4722811175752352,0.49873783854539383,-0.02645672097015861,181,325
2710,0.4665150285355941,0.49636511489310287,-0.029850086357508743,181,314
2711,0.4550004121884686,0.42397578466467156,0.031024627523797033,181,323
2712,0.4979204102028139,0.45408500170877814,0.04383540849403578,181,320
2713,0.42331301656465053,0.4830322051984875,-0.05971918863383696,181,304
2714,0.4793318962010704,0.46656306211523574,0.01276883408583468,181,306
2715,0.45702852231865476,0.45639975472492894,0.0006287675937258208,181,300
2716,0.45852619338897255,0.5430645254174665,-0.08453833202849398,181,307
2717,0.4177810311356887,0.5048897264281491,-0.0871086952924604,181,321
2718,0.4778017468750243,0.5487077021132748,-0.0709059552382505,181,265
2719,0.44883491145257004,0.4684178652888331,-0.019582953836263073,181,321
2720,0.39460338824524305,0.43097307858830064,-0.03636969034305759,181,333
2721,0.4578659435802293,0.44003167931930925,0.017834264260920052,181,300
2722,0.4941753826244416,0.5791675763870856,-0.084992193762644,181,280
2723,0.45631119594068137,0.46349939156584613,-0.007188195625164762,181,321
2724,0.4484846401264133,0.42902372569441677,0.019460914431996545,181,338
2725,0.4830809909536137,0.5120125123166296,-0.02893152136301591,181,285
2726,0.4762579203853236,0.49038309855094514,-0.014125178165621533,181,324
2727,0.43568211859211775,0.4168100223920369,0.018872096200080846,181,345
2728,0.4567992858647064,0.4927981835484297,-0.035998897683723274,181,291
2729,0.4848423757156312,0.46848878580980063,0.01635358990583058,181,329
2730,0.4837626170362744,0.4307206129574551,0.05304200407881926,181,326
2731,0.47858049016708126,0.4818434917492532,-0.003263001582171965,181,313
2732,0.43373748382973476,0.42991370769148546,0.003823776138249302,181,326
2733,0.44325198610912897,0.44059922883452296,0.00265275727460601,181,320
2734,0.4781186173531674,0.45267897720894823,0.025439640144219178,181,312
2735,0.4187992921049332,0.5212398794237255,-0.1024405873187923,181,303
2736,0.4165461895216921,0.4501357029939347,-0.033589513472242594,181,319
2737,0.40977195068560673,0.47762838560973314,-0.06785643492412641,181,339
2738,0.4493165927555926,0.46868993884078475,-0.019373346085192145,181,329
2739,0.5056579403676518,0.4890735081911552,0.016584432176496577,181,293
2740,0.47258927726926736,0.4845818370557046,-0.011992559786437262,181,314
2741,0.4491155561503088,0.437720806227269,0.011394749923039793,181,324
2742,0.4168010529275924,0.4850887535493293,-0.06828770062173689,181,322
2743,0.4896596284943581,0.4751489110864871,0.014510717407871021,181,301
2744,0.4157233356836845,0.5096915691690621,-0.09396823348537758,181,324
2745,0.4821249888943321,0.4936675730489188,-0.0115425841545867,181,319
2746,0.3591019436845312,0.38318349474629015,-0.024081551061758966,181,363
2747,0.3822511767057351,0.43936804015594116,-0.05711686345020606,181,357
2748,0.45457297910604694,0.4683445676082746,-0.01377158850222765,181,294
2749,0.46119754065480884,0.4368392483948006,0.02435829226000824,181,349
2750,0.5142499112096466,0.5237307607729698,-0.00948084956332318,181,298
2751,0.5304492402059849,0.48309478379283627,0.04735445641314867,181,324
2752,0.42485773839924773,0.45617729056848294,-0.03131955216923521,181,294
2753,0.47124811008865936,0.4967999480989152,-0.025551838010255845,181,304
2754,0.4571723561219359,0.4750288510087123,-0.017856494886776375,181,291
2755,0.4167842333240773,0.4879533312843353,-0.071169097960258,181,317
2756,0.4568142778319516,0.4635924013216749,-0.006778123489723287,181,309
2757,0.4455557722745035,0.4668297734384847,-0.021274001163981204,181,309
2758,0.36421972422236,0.44919769746470084,-0.08497797324234085,181,342
2759,0.5176948861086664,0.4469934002389686,0.07070148586969782,181,333
2760,0.41587718633298865,0.4341146669584469,-0.01823748062545827,181,349
2761,0.4979360101720375,0.4171193110305276,0.0808166991415099,181,299
2762,0.40183581922171135,0.5209140199623278,-0.11907820074061642,181,293
2763,0.4889757225316728,0.507352331066001,-0.018376608534328154,181,312
2764,0.472546179950641,0.44809954319679857,0.024446636753842454,181,328
2765,0.459542904118169,0.4630929013152289,-0.0035499971970598954,181,313
2766,0.432975596751107,0.40116701048922115,0.03180858626188582,181,332
2767,0.47237267495415874,0.45037920299774725,0.021993471956411492,181,342
2768,0.4896036369041166,0.5450683869829176,-0.05546475007880097,181,289
2769,0.4577633946241536,0.3876663985831844,0.0700969960409692,181,351
2770,0.44463116071478914,0.40941677500438933,0.03521438571039981,181,369
2771,0.47960010026042205,0.4461662744462614,0.033433825814160656,181,318
2772,0.4610378553272893,0.44636211124016,0.014675744087129294,181,317
2773,0.4530784286858164,0.44437320382698525,0.008705224858831129,181,323
2774,0.4381350013071343,0.5067105618009186,-0.06857556049378427,181,320
2775,0.4984354202799534,0.5052266377267528,-0.006791217446799391,181,296
2776,0.4451468261445312,0.458952413867764,-0.01380558772323276,181,330
2777,0.40772060022739515,0.4741086068123529,-0.06638800658495775,181,317
2778,0.47967981404113397,0.5105662507918146,-0.030886436750680646,181,308
2779,0.5118472923522279,0.47341086594532245,0.03843642640690548,181,296
2780,0.4617500956954449,0.45442404734514424,0.007326048350300651,181,322
2781,0.44225352129763895,0.41976303334690607,0.022490487950732885,181,355
2782,0.4325284987544769,0.44324571824571823,-0.010717219491241325,181,353
2783,0.4605253586583148,0.5213444264760941,-0.06081906781777935,181,286
2784,0.437847866419295,0.48167241629551577,-0.04382454987622075,181,323
2785,0.42095781261589094,0.47756711250237144,-0.0566092998864805,181,328
2786,0.4152333863035338,0.4863646663063026,-0.0711312800027688,181,315
2787,0.4300659657802515,0.48530345796013635,-0.05523749217988483,181,308
2788,0.47064638099407347,0.47041310132854436,0.00023327966552910695,181,330
2789,0.49738380008332,0.47963357157700076,0.017750228506319243,181,269
2790,0.4700385725265072,0.536177019676774,-0.06613844715026679,181,318
2791,0.4723902900925686,0.48842292533441306,-0.01603263524184445,181,318
2792,0.4776278708643141,0.5542593989307114,-0.07663152806639734,181,300
2793,0.4901524972739927,0.4746313929831489,0.015521104290843801,181,305
2794,0.4547274783325595,0.5245326312475944,-0.06980515291503492,181,287
2795,0.5286797800849745,0.5187670038528375,0.009912776232137044,181,299
2796,0.36958671641416224,0.43498726829445256,-0.06540055188029031,181,353
2797,0.4391855350730734,0.5147765473440183,-0.07559101227094495,181,288
2798,0.4840241893165499,0.4824090055263226,0.0016151837902272925,181,311
2799,0.43409849678851664,0.5053758521310723,-0.07127735534255564,181,317
2800,0.47412693353288377,0.4046374035498566,0.06948952998302715,181,335
2801,0.389076314580534,0.5350008889687513,-0.14592457438821732,181,292
2802,0.4820833358964002,0.4102160494014052,0.07186728649499496,181,346
2803,0.5221312065063998,0.49225593950303914,0.029875267003360628,181,287
2804,0.47211696099363015,0.4851416599592877,-0.013024698965657555,181,311
2805,0.48350985180070644,0.5342869376755817,-0.05077708587487523,181,293
2806,0.4374536710261218,0.5446512070633851,-0.10719753603726329,181,307
2807,0.45240013234601173,0.4821320346320346,-0.02973190228602285,181,296
2808,0.45990861611063366,0.5037261125970803,-0.04381749648644667,181,303
2809,0.46733532427503377,0.5386853793112436,-0.07135005503620984,181,287
2810,0.4312980871280824,0.4503477392774466,-0.019049652149364216,181,339
2811,0.396747624273463,0.44709449740658375,-0.05034687313312075,181,329
2812,0.47623288309038214,0.46461644828251,0.011616434807872167,181,314
2813,0.4915798953144844,0.5145386857936697,-0.022958790479185254,181,302
2814,0.4141042900788729,0.45988276641615633,-0.045778476337283436,181,332
2815,0.4550704800947492,0.46836450043160116,-0.013294020336851953,181,313
2816,0.5205851696526015,0.4279281827264379,0.09265698692616359,181,314
2817,0.43918854220041137,0.4420766778336746,-0.0028881356332632335,181,313
2818,0.4370114097889954,0.5130031448936424,-0.07599173510464702,181,304
2819,0.4670398018252949,0.504398979405256,-0.0373591775799611,181,290
2820,0.4523125365549859,0.467019322522217,-0.014706785967231129,181,326
2821,0.4871272925179594,0.49132263302002965,-0.004195340502070266,181,293
2822,0.41425480960140676,0.49688793084911925,-0.0826331212477125,181,318
2823,0.45503997046469136,0.46960911114480136,-0.014569140680110004,181,341
2824,0.43009993696460913,0.470754186401,-0.040654249436390844,181,300
2825,0.46682201774719,0.4974266901032682,-0.030604672356078166,181,303
2826,0.4442963641106056,0.5306041807992721,-0.0863078166886665,181,298
2827,0.4368624579752067,0.49694931515554497,-0.06008685718033829,181,317
2828,0.4578990494375101,0.43301630120357615,0.024882748233933938,181,354
2829,0.4272108843537415,0.4385196112553996,-0.011308726901658128,181,337
2830,0.4458342970727343,0.47560005781180203,-0.029765760739067726,181,305
2831,0.4418184122269362,0.4395286386919853,0.002289773534950912,181,337
2832,0.4304893276448828,0.4838778656963205,-0.05338853805143773,181,299
2833,0.491647018711013,0.4547387380898685,0.03690828062114454,181,333
2834,0.42787146695060047,0.48575808204150545,-0.05788661509090498,181,329
2835,0.4856165875010232,0.5033863545418168,-0.017769767040793583,181,322
2836,0.4388593508170074,0.4540386125634125,-0.015179261746405104,181,330
2837,0.45586879616672366,0.47500028582755405,-0.019131489660830392,181,318
2838,0.3695290112910778,0.47645896560654993,-0.10692995431547214,181,312
2839,0.46376006345773046,0.4392209266486242,0.024539136809106243,181,337
2840,0.4380704655382766,0.4436659657089082,-0.0055955001706315954,181,316
2841,0.43015083368541857,0.49448789758313144,-0.06433706389771288,181,315
2842,0.4377021408176423,0.4942404486610169,-0.0565383078433746,181,308
2843,0.48134441846613113,0.49533730108055574,-0.013992882614424607,181,307
2844,0.42936687511443505,0.46226731187842274,-0.032900436763987684,181,338
2845,0.4652204313682581,0.4350053532879446,0.030215078080313484,181,335
2846,0.41200534438239356,0.4860222397291151,-0.07401689534672157,181,317
2847,0.5128536183882189,0.5019477592996756,0.010905859088543246,181,281
2848,0.45485142823904595,0.4946542569006188,-0.039802828661572864,181,289
2849,0.48052691645465917,0.4202898855228598,0.060237030931799385,181,317
2850,0.44984108849892807,0.47044321662296784,-0.020602128124039776,181,320
2851,0.5165758082336909,0.5053792850055856,0.01119652322810527,181,298
2852,0.5106326072629426,0.4655786262212409,0.04505398104170166,181,320
2853,0.4515649227367562,0.49841744897238793,-0.04685252623563174,181,276
2854,0.4684582367841935,0.4852293052235344,-0.016771068439340897,181,292
2855,0.3959544142938199,0.42791604941044625,-0.031961635116626363,181,343
2856,0.41380778706001503,0.415190708177581,-0.001382921117565994,181,360
2857,0.40815241356857024,0.45135680487839963,-0.04320439130982939,181,329
2858,0.44700647655120346,0.44842525390862953,-0.001418777357426071,181,324
2859,0.4770118798241496,0.5010786249443236,-0.024066745120174038,181,309
2860,0.4428000042992403,0.4543999110322994,-0.011599906733059051,181,299
2861,0.4530574965071344,0.4769343324653059,-0.023876835958171527,181,331
2862,0.48741187384044526,0.5200729087339895,-0.032661034893544216,181,305
2863,0.4775267036396605,0.497515803118044,-0.01998909947838351,181,321
2864,0.491754930496387,0.4934573147241491,-0.0017023842277620882,181,310
2865,0.49859084000764387,0.49243085381408164,0.006159986193562228,181,318
2866,0.37965224660929137,0.42152076470374,-0.04186851809444864,181,321
2867,0.40830552177837715,0.5124925875615464,-0.10418706578316922,181,295
2868,0.48030281704656946,0.5166099146672589,-0.036307097620689455,181,320
2869,0.4252760195295104,0.42886275889060216,-0.003586739361091773,181,301
2870,0.4413700241418477,0.4451939375117552,-0.00382391336990745,181,344
2871,0.47456134007012707,0.48314841853033785,-0.008587078460210784,181,310
2872,0.43450400633067154,0.4846481044995446,-0.05014409816887305,181,316
2873,0.47871695541745535,0.5395348940808989,-0.060817938663443594,181,304
2874,0.46642185098138345,0.4239031817769344,0.04251866920444902,181,325
2875,0.4594905258193914,0.41160673541625925,0.047883790403132176,181,318
2876,0.4193085381816986,0.4957714521000538,-0.07646291391835519,181,318
2877,0.4721435152955583,0.43395668704883844,0.03818682824671987,181,332
2878,0.4292538703603909,0.4193499178626804,0.009903952497710533,181,334
2879,0.407241563956508,0.49457047683030214,-0.08732891287379413,181,302
2880,0.4423854925342664,0.4222049830652792,0.020180509468987196,181,330
2881,0.42900031929281873,0.4556986065627847,-0.02669828726996598,181,297
2882,0.4480118096851644,0.42924952413195433,0.01876228555321008,181,364
2883,0.4838848565322801,0.5026178246341247,-0.01873296810184466,181,309
2884,0.43185902738347964,0.47253040852017353,-0.040671381136693885,181,332
2885,0.3795003934405493,0.433964973949446,-0.05446458050889669,181,333
2886,0.489634731953751,0.48554954408923756,0.004085187864513451,181,330
2887,0.4958815713482875,0.5511475481830058,-0.055265976834718344,181,288
2888,0.5002358613260869,0.47221729019351366,0.028018571132573222,181,324
2889,0.4098026539482293,0.45369314758488616,-0.04389049363665687,181,311
2890,0.3708985741189131,0.3948933362805259,-0.023994762161612837,181,386
2891,0.41316120129441397,0.4848455456983477,-0.07168434440393373,181,339
2892,0.4624214786839089,0.4601321854819171,0.0022892932019918377,181,299
2893,0.4810113883625469,0.5364507312808672,-0.055439342918320256,181,266
2894,0.47113823425037565,0.530676958965557,-0.059538724715181346,181,304
2895,0.4685728291419465,0.42130871617269866,0.04726411296924782,181,340
2896,0.40999461769000994,0.4500500534177374,-0.04005543572772746,181,320
2897,0.43108211991190715,0.4455121450754214,-0.01443002516351427,181,330
2898,0.42019525535966895,0.4352831736789459,-0.015087918319276972,181,334
2899,0.4834335308654194,0.48451334724626643,-0.0010798163808470318,181,305
2900,0.3904921270862657,0.4441231970347248,-0.05363106994845912,181,363
2901,0.4818560447013322,0.4211070758359145,0.060748968865417696,181,287
2902,0.46568360792924995,0.48520442134948244,-0.019520813420232486,181,317
2903,0.45952516372402613,0.37504560870713644,0.0844795550168897,181,368
2904,0.4557955678521175,0.4431304952079828,0.01266507264413469,181,325
2905,0.5058180558180558,0.42601065077535055,0.07980740504270528,181,303
2906,0.45075288474815645,0.3858854130376927,0.06486747171046375,181,345
2907,0.4227970017455776,0.4450692016048259,-0.022272199859248276,181,338
2908,0.39403056385967883,0.4624303064355564,-0.06839974257587755,181,307
2909,0.4564788626712026,0.4821474067235249,-0.02566854405232233,181,322
2910,0.4517890437204604,0.427308769785059,0.02448027393540142,181,354
2911,0.4664358789540958,0.46153625284062766,0.004899626113468114,181,315
2912,0.4835162494051404,0.4673663499539315,0.01614989945120887,181,325
2913,0.42459138306576244,0.5461641962201872,-0.12157281315442475,181,300
2914,0.4726450135050742,0.4718417893786683,0.0008032241264059325,181,328
2915,0.4600901402744721,0.512933883329031,-0.05284374305455891,181,292
2916,0.4545215226965179,0.5289141955714913,-0.07439267287497342,181,319
2917,0.4495143179798827,0.4659840093593684,-0.016469691379485674,181,313
2918,0.3405694065061377,0.4377196524898205,-0.09715024598368277,181,348
2919,0.42854143417233964,0.44104043971279533,-0.012499005540455688,181,345
2920,0.3802767927912813,0.44711890311450875,-0.06684211032322745,181,342
2921,0.44948088007105935,0.4587676561307753,-0.009286776059715951,181,320
2922,0.4823385900571176,0.4962611356896302,-0.013922545632512606,181,302
2923,0.4680044585972478,0.5726766612004531,-0.10467220260320531,181,282
2924,0.47103605323924935,0.4472988101654529,0.023737243073796432,181,329
2925,0.4720619065298554,0.42329166951470254,0.04877023701515287,181,327
2926,0.4669971487471866,0.4860527362381446,-0.01905558749095798,181,308
2927,0.4889961768407393,0.46518605926203477,0.023810117578704548,181,335
2928,0.45856239953737976,0.40143060191875984,0.05713179761861992,181,352
2929,0.502154748078093,0.44555712616937104,0.05659762190872197,181,307
2930,0.5255234610197036,0.4924944500631637,0.03302901095653987,181,308
2931,0.4494616113696415,0.5112788956611283,-0.06181728429148675,181,294
2932,0.4920186310578516,0.4718933150388257,0.020125316019025896,181,302
2933,0.46644101329263066,0.38975910744923503,0.07668190584339563,181,379
2934,0.49888703977982524,0.5069947352200386,-0.008107695440213336,181,298
2935,0.49194970710540276,0.4657664738673098,0.026183233238092962,181,288
2936,0.46447478594633945,0.40708373455707225,0.0573910513892672,181,342
2937,0.43441334610197024,0.4900880375268989,-0.055674691424928646,181,306
2938,0.564998658357245,0.49256839825079907,0.07243026010644599,181,319
2939,0.46941421928651156,0.4609367103394625,0.008477508947049073,181,328
2940,0.48550264418459527,0.5130550025860878,-0.02755235840149256,181,299
2941,0.4647526952073274,0.4848961375045781,-0.02014344229725068,181,315
2942,0.47905439624685275,0.4997029870720983,-0.02064859082524556,181,310
2943,0.4986224798656013,0.48966235411458936,0.00896012575101196,181,292
2944,0.47869111216375654,0.387789328795359,0.09090178336839755,181,347
2945,0.46930080501319577,0.48534926768116915,-0.016048462667973384,181,320
2946,0.4271717999480247,0.4611711025618902,-0.03399930261386552,181,341
2947,0.43422277102394735,0.457902540854165,-0.023679769830217634,181,330
2948,0.38439714504266126,0.45241865370682305,-0.06802150866416179,181,318
2949,0.49646368837844523,0.4624261795902987,0.03403750878814654,181,345
2950,0.4469006683727938,0.4368942369960355,0.010006431376758274,181,329
2951,0.4223498889813149,0.4545961409725367,-0.032246251991221775,181,333
2952,0.5213960069349182,0.5641459627329193,-0.042749955798001116,181,283
2953,0.4138885531669358,0.5222416646547872,-0.10835311148785137,181,311
2954,0.4742818195468964,0.5268337418975263,-0.05255192235062989,181,296
2955,0.4318659005976486,0.47082662821579074,-0.03896072761814212,181,304
2956,0.455144616434939,0.49201132657353863,-0.036866710138599657,181,324
2957,0.5264283113088685,0.5150758164759675,0.011352494832901017,181,280
2958,0.44113870481059647,0.4089723836900951,0.032166321120501384,181,329
2959,0.45148533697977283,0.4394225057499804,0.012062831229792459,181,310
2960,0.37174824869131146,0.4717376488240868,-0.09998940013277535,181,309
2961,0.4696836259802799,0.5052373619176743,-0.035553735937394415,181,303
2962,0.4160112382200368,0.4966710738876738,-0.08065983566763696,181,324
2963,0.5070627131547253,0.4141615513412376,0.09290116181348768,181,319
2964,0.4431977345552096,0.5235048767823703,-0.08030714222716073,181,310
2965,0.4830642020217902,0.44347931696042897,0.03958488506136121,181,295
2966,0.48021813641616357,0.5283688042745338,-0.048150667858370244,181,297
2967,0.4920766398715754,0.4663609084754676,0.025715731396107833,181,300
2968,0.4617243867243867,0.5375250276945437,-0.07580064097015698,181,268
2969,0.48209881248944025,0.5246383809104194,-0.04253956842097911,181,301
2970,0.4174345234317821,0.42780729237099574,-0.010372768939213628,181,332
2971,0.3850476495804646,0.44996674116435537,-0.06491909158389075,181,346
2972,0.4939177046227872,0.4311676229768694,0.06275008164591783,181,338
2973,0.5134527099285415,0.4223317083758003,0.09112100155274122,181,341
2974,0.41987219800777165,0.4752525011108104,-0.055380303103038764,181,331
2975,0.4456532436654319,0.45189564302385216,-0.0062423993584202475,181,332
2976,0.46910528339099766,0.5258067194489132,-0.056701436057915555,181,293
2977,0.42000661567182934,0.42882440401574423,-0.00881778834391489,181,360
2978,0.4602129072973063,0.48692119763618263,-0.02670829033887634,181,297
2979,0.43905551062824016,0.5384119469453373,-0.09935643631709717,181,288
2980,0.43326565929000005,0.4800988735238859,-0.04683321423388587,181,280
2981,0.48560280389054455,0.5012688085781746,-0.01566600468763002,181,296
2982,0.47546720222128247,0.49309520749603625,-0.017628005274753777,181,296
2983,0.440818538940755,0.4321947071062507,0.008623831834504325,181,331
2984,0.4166574621590741,0.43673308005046907,-0.020075617891394948,181,326
2985,0.43802475282793935,0.46372975859928534,-0.02570500577134599,181,297
2986,0.42638373993831596,0.4551700597384232,-0.028786319800107263,181,318
2987,0.5007580673642053,0.3656710859958165,0.13508698136838876,181,364
2988,0.46686401918891984,0.4650257061543702,0.0018383130345496212,181,322
2989,0.47624000391383847,0.4633219954648526,0.012918008448985885,181,318
2990,0.4576419158861433,0.47887177250478824,-0.02122985661864496,181,327
2991,0.47642502862947206,0.4672153100224364,0.009209718607035677,181,311
2992,0.4373166315927203,0.4935616927808656,-0.05624506118814532,181,315
2993,0.4488642216687261,0.43215605958667025,0.016708162082055833,181,329
2994,0.5254474187042908,0.5084904255635962,0.016956993140694543,181,295
2995,0.4388482394280766,0.476033594285334,-0.03718535485725738,181,286
2996,0.47570549773160514,0.4568743757698874,0.018831121961717767,181,323
2997,0.3867387859547601,0.5234018391018703,-0.13666305314711025,181,293
2998,0.4860332128070349,0.5330549753940194,-0.047021762586984484,181,297
2999,0.44612473620587206,0.39002978643995523,0.056094949765916835,181,394
3000,0.4806626891449694,0.45670638879035,0.023956300354619375,181,308
3001,0.48806323139678803,0.4902665215890062,-0.0022032901922181547,181,329
3002,0.4752683625986917,0.43379248070323584,0.04147588189545587,181,363
3003,0.4900136667450826,0.5100920513337365,-0.020078384588653853,181,285
3004,0.5030974576031308,0.49022288098375055,0.012874576619380296,181,301
3005,0.3926618288039708,0.383720129077272,0.008941699726698837,181,349
3006,0.39065372221702566,0.45739920362668995,-0.0667454814096643,181,324
3007,0.48672149659850383,0.5054731645889848,-0.018751667990481002,181,283
3008,0.48097303437504035,0.4720636228239225,0.008909411551117852,181,308
3009,0.45695977907175633,0.5089137594088683,-0.05195398033711196,181,315
3010,0.4635212996464824,0.4319114566568603,0.031609842989622106,181,324
3011,0.4535379498144455,0.5188945326879615,-0.06535658287351598,181,288
3012,0.446442632004942,0.5089568816276892,-0.06251424962274715,181,302
3013,0.49664950208428466,0.42529959905605824,0.07134990302822641,181,345
3014,0.4770428047840519,0.4765558110887886,0.000486993695263338,181,311
3015,0.387609568075235,0.47665066759271485,-0.08904109951747985,181,309
3016,0.432250906550176,0.4999577608821307,-0.06770685433195467,181,303
3017,0.41805009083869654,0.4533865839175574,-0.03533649307886083,181,312
3018,0.4840473778163748,0.47464126098397197,0.009406116832402833,181,287
3019,0.4131753044849491,0.4643867162053664,-0.05121141172041732,181,320
3020,0.4986949754564584,0.515917770285191,-0.017222794828732624,181,299
3021,0.4719915328130774,0.46431880158079725,0.007672731232280128,181,312
3022,0.35400577643102554,0.5602036314607064,-0.20619785502968085,181,277
3023,0.4578459769837369,0.4863684113556236,-0.028522434371886674,181,298
3024,0.43304289125598777,0.49922190210107603,-0.06617901084508826,181,289
3025,0.4100530718468375,0.462312850512009,-0.05225977866517151,181,338
3026,0.4741304336062554,0.4861051652968403,-0.011974731690584883,181,306
3027,0.49771406787408473,0.44685794863298006,0.05085611924110467,181,339
3028,0.46376060540707537,0.4844317209334151,-0.02067111552633971,181,310
3029,0.4470947422289661,0.43533043489145334,0.01176430733751277,181,342
3030,0.43825591100546124,0.4215706278417072,0.01668528316375406,181,349
3031,0.4087593187309125,0.4495663473479571,-0.040807028617044605,181,344
3032,0.4567878741099748,0.485520357448152,-0.028732483338177184,181,314
3033,0.4721425592569535,0.48817322209069475,-0.01603066283374127,181,314
3034,0.42748329638035515,0.4059156751987862,0.021567621181568963,181,364
3035,0.44645739416233604,0.434758602754329,0.011698791408007059,181,297
3036,0.4834645084240216,0.4177202549611779,0.06574425346284374,181,330
3037,0.5126422836612289,0.5576546140488748,-0.04501233038764596,181,288
3038,0.46308992114964026,0.4948353954479811,-0.03174547429834085,181,315
3039,0.4791973048901403,0.5149294309157947,-0.0357321260256544,181,305
3040,0.42091601393348416,0.4474172093501511,-0.026501195416666956,181,334
3041,0.3572938790900976,0.5098712026902155,-0.1525773236001179,181,301
3042,0.4715751376716124,0.45225565409282786,0.019319483578784546,181,313
3043,0.47999211261263597,0.5311031490670135,-0.051111036454377534,181,273
3044,0.4593286042183727,0.48130256862131265,-0.02197396440293997,181,337
3045,0.4986292766155467,0.492504640352768,0.006124636262778704,181,326
3046,0.434840118994302,0.4188949096760513,0.01594520931825072,181,339
3047,0.47346706354338447,0.42892045820157093,0.04454660534181354,181,346
3048,0.3919477413786817,0.41775301465983716,-0.02580527328115545,181,309
3049,0.5140982733662744,0.43718200077038505,0.0769162725958894,181,334
3050,0.45944306702114773,0.44146885022075283,0.017974216800394904,181,330
3051,0.42942190043306583,0.4639750997056264,-0.034553199272560564,181,349
3052,0.4117136669213258,0.502833706317459,-0.09112003939613322,181,301
3053,0.4505344625553685,0.4403785696102003,0.010155892945168221,181,321
3054,0.4767626309076172,0.48574881992981045,-0.008986189022193225,181,314
3055,0.47017187450495046,0.423813267453734,0.04635860705121647,181,349
3056,0.427596006975061,0.43275470489058626,-0.005158697915525257,181,345
3057,0.469056386879219,0.495153227732907,-0.026096840853687964,181,307
3058,0.4982141448792033,0.5173645195384325,-0.019150374659229252,181,302
3059,0.47691755945427755,0.44511472386425543,0.031802835590022116,181,319
3060,0.4333176464058817,0.4746724628949684,-0.041354816489086677,181,326
3061,0.48755191516794344,0.5032682094738841,-0.015716294305940626,181,327
3062,0.4755956539205065,0.48255516977526053,-0.006959515854754017,181,310
3063,0.513879311050757,0.45340823374181705,0.06047107730893997,181,314
3064,0.5165466616480016,0.49301536530060447,0.02353129634739709,181,308
3065,0.45677875974590354,0.49351537734150946,-0.036736617595605925,181,319
3066,0.4539708998356216,0.45017254844558874,0.0037983513900328725,181,326
3067,0.4318745505423095,0.5131747046644745,-0.08130015412216496,181,314
3068,0.4922023278385021,0.46707590969938667,0.025126418139115425,181,318
3069,0.4856468667592725,0.5075110476831189,-0.021864180923846455,181,297
3070,0.44421805000275827,0.48748411453797086,-0.04326606453521259,181,298
3071,0.44636760968002565,0.4385633364456894,0.007804273234336245,181,329
3072,0.47316860388288956,0.46182591776975457,0.011342686113134992,181,325
3073,0.4319648925765659,0.5344191228340838,-0.10245423025751788,181,291
3074,0.49040089346211796,0.46324836586430834,0.027152527597809617,181,306
3075,0.47945161994664626,0.4606928355339779,0.018758784412668372,181,304
3076,0.5084889529101025,0.5100575443810683,-0.0015685914709657744,181,289
3077,0.46338201675382024,0.4674070945766952,-0.004025077822874978,181,309
3078,0.4473981508831105,0.49113407118333224,-0.04373592030022172,181,314
3079,0.45783104017617776,0.4854476826631304,-0.027616642486952614,181,304
3080,0.3715894241184047,0.5244959137148909,-0.15290648959648623,181,314
3081,0.45423284934603503,0.43902833125784985,0.015204518088185182,181,312
3082,0.36702935160078015,0.4164186079998305,-0.04938925639905034,181,340
3083,0.44662432001083685,0.4574216374607764,-0.010797317449939559,181,345
3084,0.47433571862806595,0.5254167355117934,-0.051081016883727404,181,306
3085,0.48666595623406256,0.5512344749927737,-0.06456851875871111,181,282
3086,0.38449616532250397,0.4528221780279432,-0.06832601270543925,181,353
3087,0.4977514936317048,0.4806199846592554,0.017131508972449416,181,290
3088,0.4432516175195147,0.4652419989438893,-0.021990381424374594,181,308
3089,0.4755812705316161,0.442621938871757,0.03295933165985909,181,317
3090,0.467642454589063,0.47648949737841323,-0.008847042789350223,181,347
3091,0.44809154928202105,0.4623524045109681,-0.014260855228947045,181,339
3092,0.45457993639945143,0.5022843721170172,-0.04770443571756572,181,304
3093,0.47372417238638637,0.47426066161002034,-0.0005364892236339736,181,364
3094,0.4638163267018583,0.4628652556020977,0.0009510710997606142,181,309
3095,0.45055844656389105,0.5147057555599891,-0.06414730899609805,181,320
3096,0.4660334306382144,0.445692989223899,0.020340441414315402,181,335
3097,0.4553734944578869,0.4466222736140946,0.008751220843792262,181,305
3098,0.4243454595697151,0.4871040256170853,-0.06275856604737023,181,343
3099,0.4718081379845019,0.5054106601504661,-0.03360252216596421,181,313
3100,0.48902117667412437,0.4263613426810622,0.06265983399306219,181,321
3101,0.48074618317705875,0.4256836625930717,0.05506252058398703,181,295
3102,0.39416993976612574,0.405513371426309,-0.011343431660183256,181,353
3103,0.4411542240646691,0.4970795187708182,-0.0559252947061491,181,299
3104,0.4712606268748684,0.5311556413309791,-0.05989501445611073,181,312
3105,0.4648490831974536,0.47180908178004566,-0.006959998582592053,181,312
3106,0.48718918050076726,0.464468106083013,0.022721074417754283,181,296
3107,0.44693505673867023,0.5002081001176842,-0.05327304337901401,181,306
3108,0.3998620497139794,0.40953495892305514,-0.009672909209075764,181,333
3109,0.4570415646045899,0.45952916500717234,-0.002487600402582446,181,314
3110,0.4891754719611655,0.4870081802454017,0.002167291715763797,181,296
3111,0.4528291038721682,0.4445940231697042,0.008235080702463982,181,333
3112,0.47563629320964934,0.45014331661724716,0.025492976592402183,181,325
3113,0.4632108835548663,0.4744119105131931,-0.01120102695832681,181,296
3114,0.445295566403009,0.5175808819394364,-0.07228531553642742,181,324
3115,0.43816681105486127,0.49404595835738213,-0.05587914730252086,181,321
3116,0.5009698640106591,0.4988758212018434,0.0020940428088157548,181,286
3117,0.4724400617583578,0.5185123563585018,-0.046072294600144004,181,314
3118,0.448990249927018,0.4332142549544984,0.015775994972519636,181,299
3119,0.5086036703358191,0.48853401592165635,0.020069654414162752,181,322
3120,0.4288133271581548,0.41386969906176324,0.014943628096391548,181,344
3121,0.517390478843798,0.4564250208250598,0.06096545801873815,181,292
3122,0.44559530013278464,0.4273873218648951,0.018207978267889557,181,321
3123,0.4761764176207897,0.4317033732796112,0.04447304434117849,181,327
3124,0.49562521807151416,0.4680113719942555,0.02761384607725864,181,309
3125,0.45459344457232015,0.4296497620547376,0.024943682517582555,181,337
3126,0.48293653886359056,0.472081797411054,0.010854741452536565,181,323
3127,0.45908049692533337,0.49892059452813114,-0.039840097602797775,181,313
3128,0.3857078019596686,0.4593946798660688,-0.07368687790640022,181,333
3129,0.5399777467933308,0.5447070962588204,-0.004729349465489641,181,276
3130,0.37186411473309366,0.5058375536975398,-0.13397343896444613,181,300
3131,0.4745748932540142,0.440407350424772,0.03416754282924217,181,344
3132,0.4439929543226744,0.5084207480487739,-0.06442779372609952,181,311
3133,0.49664289952313084,0.4957881104978542,0.0008547890252766366,181,303
3134,0.4468708350683005,0.48400028686459834,-0.03712945179629784,181,309
3135,0.4681323867682622,0.503483148334876,-0.035350761566613764,181,311
3136,0.4834008138094877,0.49143597611293544,-0.008035162303447752,181,320
3137,0.414988718129635,0.5159226935681737,-0.10093397543853866,181,300
3138,0.5284728903872308,0.5286710367665997,-0.0001981463793688798,181,300
3139,0.45366718067341477,0.4480593373216565,0.00560784335175829,181,341
3140,0.3666846828283208,0.4594935722188945,-0.09280888939057369,181,297
3141,0.49338191046555224,0.5227329187514044,-0.02935100828585213,181,283
3142,0.4932057586158663,0.4663007230864374,0.02690503552942891,181,273
3143,0.4691597055610538,0.5117366958750357,-0.04257699031398188,181,299
3144,0.4265827429136217,0.4980479805397782,-0.07146523762615653,181,313
3145,0.3932540123986034,0.4815156256724354,-0.08826161327383197,181,326
3146,0.46061430551847027,0.48220186611956756,-0.02158756060109729,181,290
3147,0.3959389982829487,0.4580919501100224,-0.0621529518270737,181,333
3148,0.4311368640561187,0.5491447003798606,-0.11800783632374195,181,303
3149,0.44012726498814875,0.5248112541501155,-0.08468398916196679,181,291
3150,0.4662174364631656,0.44277648217757054,0.02344095428559506,181,291
3151,0.45668594200043694,0.45239349358283526,0.00429244841760168,181,331
3152,0.4699090772463713,0.45913556993586907,0.01077350731050225,181,307
3153,0.4569460530490259,0.47705203003341395,-0.02010597698438804,181,315
3154,0.40710042852899997,0.4119891212055718,-0.004888692676571826,181,339
3155,0.45892250683781477,0.4809058492754663,-0.021983342437651543,181,316
3156,0.45965072781744815,0.49928608002340724,-0.039635352205959096,181,311
3157,0.38322920899146723,0.4730510543626261,-0.08982184537115889,181,354
3158,0.41404218092400813,0.48727956873503836,-0.07323738781103023,181,319
3159,0.4314499584646175,0.4230632069793966,0.008386751485220889,181,358
3160,0.4023560654250691,0.472300283515597,-0.06994421809052792,181,345
3161,0.5139205576848888,0.5832355956357113,-0.0693150379508225,181,269
3162,0.45580989917277714,0.4238242234870861,0.03198567568569105,181,333
3163,0.5043750694397231,0.4708080201777681,0.03356704926195497,181,316
3164,0.4644833364494564,0.46406761435621086,0.00041572209324552967,181,296
3165,0.4568316991532725,0.507102021560247,-0.05027032240697449,181,303
3166,0.475795206035423,0.45267548759969517,0.023119718435727854,181,320
3167,0.4540117965586128,0.48126648178513015,-0.02725468522651736,181,342
3168,0.5174613053751403,0.5033431559012954,0.014118149473844932,181,296
3169,0.3764416574547331,0.5353725728179944,-0.15893091536326132,181,285
3170,0.4793322547192516,0.5049984804919705,-0.025666225772718876,181,301
3171,0.4425776571606185,0.49377715003925327,-0.05119949287863479,181,325
3172,0.4760027127611873,0.5175600906252197,-0.04155737786403241,181,296
3173,0.5238257502613065,0.4877434044901153,0.03608234577119124,181,306
3174,0.4629168597557794,0.5472899159761767,-0.08437305622039731,181,317
3175,0.43217244849331543,0.4812184554541626,-0.049046006960847155,181,297
3176,0.4299408357507459,0.47391351525368103,-0.04397267950293515,181,327
3177,0.46460635159118746,0.4769164894649098,-0.012310137873722315,181,314
3178,0.44712516548558007,0.4442278343103623,0.0028973311752177877,181,360
3179,0.49704221651137004,0.4615204048383772,0.03552181167299284,181,293
3180,0.3687320008094771,0.4453400184606656,-0.07660801765118852,181,319
3181,0.48466534257539756,0.4619602072804043,0.02270513529499324,181,310
3182,0.4610678850616931,0.4678213802951756,-0.006753495233482509,181,321
3183,0.462024333542941,0.4308106693693619,0.03121366417357907,181,339
3184,0.4466163951484921,0.439417636638961,0.007198758509531111,181,318
3185,0.4817086208359728,0.47086389170463266,0.010844729131340158,181,322
3186,0.47403260520565144,0.4980582369962557,-0.02402563179060424,181,290
3187,0.41554921836051634,0.41353652004258457,0.0020126983179317715,181,328
3188,0.4514058954116384,0.5082889460769645,-0.05688305066532612,181,299
3189,0.4383411136207762,0.4412444972711343,-0.0029033836503580823,181,342
3190,0.48509251783097584,0.4835180166007233,0.0015745012302525452,181,293
3191,0.47971364854481735,0.4904095216156927,-0.010695873070875328,181,336
3192,0.47399029839038603,0.48497687962172314,-0.010986581231337111,181,308
3193,0.44356110374386587,0.4158034771234774,0.027757626620388443,181,336
3194,0.43810399955660945,0.5020438754260754,-0.06393987586946598,181,301
3195,0.389895159941911,0.478703131117486,-0.08880797117557504,181,308
3196,0.49870502401757866,0.414241721111484,0.08446330290609466,181,340
3197,0.4329982811810771,0.4363371186581735,-0.0033388374770964013,181,327
3198,0.4848103283866738,0.41122759172623047,0.07358273666044335,181,328
3199,0.4663475222971791,0.4255245500382271,0.040822972258951984,181,347
3200,0.4785869935864716,0.40962414001756703,0.06896285356890458,181,346
3201,0.430806549717849,0.4845840709435926,-0.05377752122574364,181,324
3202,0.5179382523021121,0.4499556089424454,0.0679826433596667,181,313
3203,0.4871913871727877,0.5277479873068108,-0.040556600134023124,181,295
3204,0.47969567215581244,0.5475231865837946,-0.06782751442798218,181,298
3205,0.4980305154532222,0.5040625636010353,-0.006032048147813107,181,322
3206,0.34880152562290695,0.5040379807148934,-0.15523645509198641,181,318
3207,0.46522653257622854,0.40372306681175374,0.061503465764474796,181,351
3208,0.4900335546512458,0.4904145004345741,-0.000380945783328257,181,310
3209,0.39252197830209684,0.46056642036940787,-0.06804444206731103,181,323
3210,0.44616484352293473,0.42821263550163813,0.0179522080212966,181,357
3211,0.5278298564298659,0.5376809852740942,-0.00985112884422834,181,286
3212,0.3702216397169491,0.4753543268360178,-0.1051326871190687,181,323
3213,0.4395833859082126,0.4382318059606484,0.0013515799475641854,181,324
3214,0.44531423353954064,0.49574195205784116,-0.050427718518300524,181,318
3215,0.47214421410992974,0.43728470864409424,0.034859505465835494,181,290
3216,0.40906051626698475,0.44438589297752834,-0.03532537671054359,181,339
3217,0.4909591645257077,0.4916016162087932,-0.0006424516830855209,181,307
3218,0.3882178335520928,0.46079499726116274,-0.07257716370906997,181,329
3219,0.43089584408265724,0.5314548356604816,-0.10055899157782433,181,289
3220,0.38405781609324496,0.41528560121897995,-0.031227785125734986,181,382
3221,0.4491944146079484,0.4798929864238171,-0.030698571815868714,181,296
3222,0.43636698790960493,0.46835793885318716,-0.03199095094358223,181,310
3223,0.4214323160539024,0.47650722504425475,-0.055074908990352334,181,331
3224,0.5297215709294026,0.4347101920012412,0.09501137892816142,181,344
3225,0.4692938869110021,0.4782144270146879,-0.008920540103685815,181,317
3226,0.4394820602067984,0.43318476550338453,0.0062972947034138915,181,327
3227,0.4658474196223574,0.42327402823678445,0.04257339138557292,181,351
3228,0.5201507064364207,0.5114241388688069,0.008726567567613808,181,294
3229,0.3694878129766859,0.481172383134826,-0.1116845701581401,181,319
3230,0.4389763607114272,0.39291231055636605,0.046064050155061154,181,320
3231,0.47620756347814147,0.45936812260108806,0.016839440877053413,181,325
3232,0.4533091263403984,0.4961938649053875,-0.042884738564989144,181,320
3233,0.43894272374401266,0.4586166804126641,-0.01967395666865146,181,334
3234,0.4469812893462254,0.49119019707254996,-0.044208907726324576,181,318
3235,0.42576614039127003,0.4491121328976452,-0.023345992506375146,181,335
3236,0.41613469206295933,0.462440780387286,-0.046306088324326644,181,322
3237,0.4579475966481078,0.46588234658001454,-0.007934749931906737,181,333
3238,0.3790438609187609,0.4601982321746947,-0.08115437125593378,181,308
3239,0.48113015983975976,0.4894598276767987,-0.008329667837038923,181,303
3240,0.34692683338113256,0.45157282826809564,-0.10464599488696308,181,339
3241,0.4996743445310407,0.4666753752985965,0.03299896923244422,181,303
3242,0.45980102663776135,0.5222737701243048,-0.062472743486543414,181,292
3243,0.4947713311799999,0.49196066320774634,0.0028106679722535444,181,309
3244,0.4542642263786183,0.46586481750202413,-0.011600591123405835,181,303
3245,0.4732977882929039,0.4937985076372248,-0.020500719344320906,181,319
3246,0.46950171362567433,0.4487500880493562,0.020751625576318156,181,337
3247,0.47465381982516897,0.47517304383614833,-0.0005192240109793689,181,303
3248,0.46518114955970974,0.5220830768656856,-0.05690192730597582,181,302
3249,0.47577933442095993,0.5066084881302273,-0.030829153709267365,181,321
3250,0.4517643454567849,0.42282420673136595,0.02894013872541895,181,361
3251,0.4617107207437416,0.5163492024382251,-0.05463848169448354,181,290
3252,0.4113381716322893,0.43670564136715556,-0.025367469734866255,181,339
3253,0.46325459387241075,0.4498545399714563,0.013400053900954445,181,299
3254,0.45438572111887915,0.540390107610167,-0.08600438649128789,181,290
3255,0.43788977947542307,0.49969509996440803,-0.06180532048898496,181,286
3256,0.4070876449492838,0.4538711283453592,-0.04678348339607541,181,333
3257,0.4785370161518475,0.516128537158752,-0.03759152100690444,181,315
3258,0.4168004801402419,0.4878700496074898,-0.0710695694672479,181,342
3259,0.4462058485304175,0.48858886336279533,-0.04238301483237783,181,333
3260,0.46845589366050044,0.4623780991367325,0.006077794523767943,181,297
3261,0.45121775760180655,0.49789008483858455,-0.046672327236778,181,309
3262,0.47216491888150863,0.45005139202855476,0.02211352685295387,181,316
3263,0.3588189772235461,0.46064055364440587,-0.10182157642085976,181,354
3264,0.4890757061730648,0.4852304283416739,0.003845277831390881,181,310
3265,0.5362503285432093,0.47313462607613677,0.06311570246707254,181,304
3266,0.37880151759162406,0.511968391338261,-0.13316687374663694,181,293
3267,0.4606021752895023,0.499695642948716,-0.039093467659213677,181,308
3268,0.4091159161762499,0.4244912996689988,-0.015375383492748862,181,340
3269,0.5044410550744118,0.5331077393983416,-0.028666684323929714,181,300
3270,0.4416945785171625,0.46020495281210083,-0.018510374294938348,181,312
3271,0.4648140643636358,0.42510685451721175,0.03970720984642406,181,327
3272,0.474682458300379,0.49583732036389844,-0.021154862063519464,181,301
3273,0.40159295153864516,0.4461121819462313,-0.04451923040758615,181,314
3274,0.4422839024075535,0.46105273656030654,-0.018768834152753044,181,328
3275,0.5255730629132164,0.43418167913604805,0.09139138377716832,181,314
3276,0.4042874343627571,0.47001813349031263,-0.06573069912755553,181,335
3277,0.5142160901046362,0.4464095823078355,0.0678065077968007,181,308
3278,0.4589345274602068,0.5212685619108239,-0.06233403445061714,181,328
3279,0.4823760287318108,0.441130165115794,0.04124586361601679,181,351
3280,0.46025862004253365,0.43473867662131044,0.025519943421223212,181,357
3281,0.4291991240056087,0.4306774735682283,-0.001478349562619552,181,309
3282,0.4946130958240628,0.4733018291777835,0.021311266646279303,181,315
3283,0.481469938159373,0.464021600074329,0.01744833808504398,181,319
3284,0.4743536797934423,0.38846152131960004,0.08589215847384224,181,313
3285,0.42154835693901604,0.4221169174510027,-0.000568560511986671,181,333
3286,0.4282603043204959,0.5273787550054446,-0.09911845068494873,181,312
3287,0.4521736514102926,0.4902890555162163,-0.038115404105923734,181,285
3288,0.48765679659879446,0.46627502789868036,0.0213817687001141,181,312
3289,0.4715843749580125,0.5142583591871933,-0.04267398422918084,181,301
3290,0.4575629347477382,0.5151839732220918,-0.05762103847435357,181,311
3291,0.43249110635705085,0.46994109144314516,-0.03744998508609432,181,317
3292,0.4037284815469052,0.4743839536939953,-0.07065547214709006,181,327
3293,0.4982483532706162,0.5024310552064551,-0.004182701935838973,181,315
3294,0.45898439028022003,0.4698564035950993,-0.010872013314879247,181,312
3295,0.4780627222431612,0.5031680353438123,-0.02510531310065106,181,293
3296,0.47077973799931144,0.48410048412583945,-0.013320746126528005,181,283
3297,0.4713239409202618,0.46471617512905766,0.006607765791204145,181,288
3298,0.4487544654414206,0.5078518887229688,-0.05909742328154821,181,306
3299,0.4974436755697705,0.4745597020431352,0.022883973526635293,181,327
3300,0.3880812452241024,0.4623067247617253,-0.07422547953762287,181,293
3301,0.43873085431840947,0.4866858365999988,-0.04795498228158934,181,332
3302,0.45406057242297304,0.4663813632341083,-0.01232079081113524,181,303
3303,0.3960692680399603,0.41632842598998787,-0.020259157950027584,181,342
3304,0.5012559134289241,0.5080222734254992,-0.006766359996575155,181,283
3305,0.4883591287939114,0.5125812841773127,-0.024222155383401334,181,304
3306,0.4585294885683617,0.37738052704337127,0.0811489615249904,181,316
3307,0.4144889470679502,0.4237379036032647,-0.00924895653531449,181,322
3308,0.4607677775379639,0.437893777227815,0.022874000310148912,181,347
3309,0.44773472000836184,0.5179347058656472,-0.07019998585728532,181,290
3310,0.4540906546681561,0.4610015141026383,-0.006910859434482164,181,317
3311,0.4276277814264121,0.42557501749487525,0.0020527639315368607,181,337
3312,0.44492957715252085,0.44431132647210364,0.0006182506804172094,181,344
3313,0.44173287030429886,0.38294017051891815,0.05879269978538071,181,354
3314,0.4209229678567658,0.526766478919832,-0.10584351106306616,181,298
3315,0.5214222942124989,0.5151311700146066,0.006291124197892239,181,289
3316,0.4709277043576497,0.469298629020625,0.0016290753370246658,181,295
3317,0.4104532376729413,0.37504305730112186,0.03541018037181942,181,355
3318,0.4429378615206558,0.5377309583547288,-0.09479309683407305,181,300
3319,0.4413047462553938,0.47283200303678113,-0.03152725678138735,181,324
3320,0.43282992712114077,0.5100255065505291,-0.07719557942938837,181,278
3321,0.453587934970156,0.43716901106898304,0.016418923901172944,181,330
3322,0.4809725760587017,0.5106875369080094,-0.029714960849307692,181,309
3323,0.4430678794247975,0.5167918161298294,-0.07372393670503191,181,308
3324,0.4371399501504638,0.4265212576436035,0.010618692506860317,181,306
3325,0.4406944498578267,0.5102742721314597,-0.06957982227363302,181,306
3326,0.4585660282848559,0.5494440633396216,-0.09087803505476572,181,297
3327,0.42268503982140976,0.47524062038397474,-0.052555580562564985,181,320
3328,0.35768277498880596,0.4511854790162019,-0.09350270402739591,181,331
3329,0.5015024768003296,0.41999590366437717,0.08150657313595239,181,332
3330,0.405221334511917,0.4551919697624808,-0.04997063525056378,181,335
3331,0.47713296265778854,0.47196485538481925,0.005168107272969291,181,338
3332,0.4341269566444287,0.3972927570813976,0.03683419956303108,181,348
3333,0.5164848884024471,0.4829772294030171,0.03350765899942998,181,313
3334,0.42969405924284904,0.46658875588848675,-0.036894696645637715,181,374
3335,0.47202912206075764,0.5043591666286132,-0.0323300445678556,181,305
3336,0.4970791260138735,0.5094236396686556,-0.012344513654782063,181,328
3337,0.46545113413139577,0.4728450351280747,-0.007393900996678915,181,311
3338,0.4112946318029009,0.5147911932800985,-0.1034965614771976,181,316
3339,0.4121327671714234,0.48199155755174516,-0.06985879038032178,181,300
3340,0.5039793056739347,0.47510530225455583,0.028874003419378846,181,330
3341,0.39141452562003476,0.4409608246877937,-0.049546299067758925,181,311
3342,0.45232614901276413,0.50660768257681,-0.05428153356404586,181,307
3343,0.487050557520619,0.5442930777738385,-0.05724252025321952,181,287
3344,0.4285572389980404,0.4288936189839716,-0.0003363799859312233,181,307
3345,0.40432362627565305,0.46605699108008725,-0.0617333648044342,181,308
3346,0.49988365563812154,0.5312222282174426,-0.031338572579321045,181,331
3347,0.514549435347398,0.4331339272634359,0.08141550808396214,181,336
3348,0.4696691894273962,0.41966489641597177,0.05000429301142445,181,351
3349,0.434269157423735,0.44445002510219905,-0.010180867678464045,181,339
3350,0.44600667693888035,0.5651532677643856,-0.11914659082550522,181,278
3351,0.45297591140945853,0.4683928732841776,-0.015416961874719082,181,320
3352,0.42657172385624487,0.41130672131003293,0.015265002546211937,181,323
3353,0.3777444081536393,0.4490744516837113,-0.071330043530072,181,325
3354,0.41252030927528605,0.41898891305449937,-0.006468603779213322,181,379
3355,0.4595104708550086,0.4465078868113774,0.013002584043631249,181,334
3356,0.37956072454571277,0.44024897691692616,-0.06068825237121339,181,342
3357,0.4675357040781472,0.5072820859434132,-0.03974638186526597,181,287
3358,0.5232560138582657,0.4849266756457065,0.03832933821255918,181,281
3359,0.46624817948859765,0.5167000697389598,-0.05045189025036212,181,304
3360,0.43249727805195937,0.5392478145187375,-0.10675053646677812,181,288
3361,0.4770159113065368,0.5060075418246582,-0.028991630518121425,181,308
3362,0.534779515538134,0.4636570038088709,0.07112251172926304,181,324
3363,0.5140716960524705,0.42074323990428325,0.09332845614818724,181,344
3364,0.4770994750257423,0.46753542232665574,0.009564052699086556,181,303
3365,0.37560805142616965,0.5070931365599126,-0.13148508513374296,181,301
3366,0.4600172920749959,0.39432770402627293,0.06568958804872299,181,326
3367,0.46238657855540416,0.45154920930466147,0.01083736925074269,181,324
3368,0.5077064423157157,0.4703728089558284,0.03733363335988732,181,319
3369,0.46901051329622756,0.4861527256316209,-0.017142212335393314,181,287
3370,0.49416676475474225,0.4415977574162307,0.05256900733851155,181,344
3371,0.4688280975700771,0.5058704690313266,-0.0370423714612495,181,324
3372,0.4740118119243641,0.43496972458875066,0.03904208733561343,181,316
3373,0.45254968577436827,0.4551199779726497,-0.002570292198281421,181,320
3374,0.46311981726997364,0.4466977740249415,0.01642204324503216,181,313
3375,0.4968393029139343,0.43288359421861433,0.06395570869531997,181,350
3376,0.47315002412317847,0.48317778692444163,-0.010027762801263163,181,324
3377,0.49045867195842635,0.4049214052560061,0.08553726670242023,181,338
3378,0.43663563380779313,0.4339183836144131,0.0027172501933800386,181,304
3379,0.46046660829791913,0.47570954351333433,-0.015242935215415199,181,306
3380,0.43384518475978606,0.43367123563939136,0.00017394912039470078,181,337
3381,0.4929131580650245,0.47156527656076763,0.02134788150425687,181,291
3382,0.45415708600711063,0.4697215423961295,-0.015564456389018877,181,325
3383,0.44386941379422584,0.5028447791513992,-0.058975365357173404,181,296
3384,0.47010546132479764,0.48525130110551035,-0.015145839780712711,181,322
3385,0.5187941274359805,0.48117957361654845,0.03761455381943207,181,271
3386,0.413792982569044,0.4213093250100555,-0.007516342441011514,181,338
3387,0.4664964937696772,0.4956037459258606,-0.029107252156183372,181,324
3388,0.46621559676036645,0.4751871921182266,-0.00897159535786013,181,327
3389,0.4370566885530462,0.5153783671136026,-0.07832167856055644,181,289
3390,0.4106098926263147,0.5087836544313485,-0.09817376180503384,181,318
3391,0.4723418597449221,0.49629334680599413,-0.02395148706107203,181,296
3392,0.3922093466145939,0.4460428433874791,-0.053833496772885236,181,336
3393,0.4482984273138516,0.5506345794794372,-0.10233615216558556,181,288
3394,0.42406095063443533,0.42391453646086225,0.00014641417357308395,181,323
3395,0.43855489964143185,0.4708885013448496,-0.03233360170341776,181,302
3396,0.47880700622175254,0.42289679108213984,0.055910215139612696,181,338
3397,0.47670918920674005,0.4814499806902279,-0.004740791483487827,181,326
3398,0.46880149851965275,0.437551611465337,0.03124988705431575,181,344
3399,0.46640305252745445,0.5009677767296654,-0.03456472420221096,181,283
3400,0.44840506038226263,0.46795398786129844,-0.019548927479035805,181,329
3401,0.5025340903947463,0.45528580253763373,0.04724828785711255,181,312
3402,0.5141369170600092,0.4924324609793583,0.021704456080650913,181,307
3403,0.5057212232208907,0.48819978456220653,0.01752143865868422,181,324
3404,0.4604541366095988,0.5468895953990806,-0.08643545878948178,181,300
3405,0.44894578158826176,0.4964793163642269,-0.047533534775965114,181,293
3406,0.46376220906523863,0.48966116059737647,-0.025898951532137837,181,313
3407,0.4842712775686744,0.49811271499193477,-0.013841437423260383,181,305
3408,0.4747505111980305,0.422869898584398,0.051880612613632526,181,329
3409,0.4625893098255128,0.45250251449231044,0.010086795333202336,181,349
3410,0.44488270629325105,0.5505398152456976,-0.10565710895244657,181,280
3411,0.5123073672741199,0.4957980243694529,0.016509342904666935,181,298
3412,0.3884663487206181,0.46621638489442324,-0.07775003617380516,181,321
3413,0.4702383694994503,0.4294027992818646,0.040835570217585715,181,327
3414,0.4370502123406587,0.39056041145889403,0.04648980088176469,181,339
3415,0.5095686622500822,0.5118331334010808,-0.0022644711509985926,181,295
3416,0.4548644302757731,0.48749595880743407,-0.03263152853166096,181,309
3417,0.5037748522152764,0.47881953504397307,0.024955317171303337,181,279
3418,0.39120831259333005,0.41840049676828334,-0.027192184174953282,181,316
3419,0.4710162701365501,0.5181519376517,-0.04713566751514986,181,292
3420,0.4850131257166713,0.4924315517274647,-0.0074184260107934,181,307
3421,0.4622988442839155,0.5340420434773104,-0.07174319919339495,181,294
3422,0.49599084259096743,0.46825129578849173,0.0277395468024757,181,315
3423,0.4443998809562763,0.44094815334440646,0.003451727611869848,181,312
3424,0.4946276333785197,0.5111544665462568,-0.01652683316773712,181,314
3425,0.434070629665318,0.4773913082522957,-0.04332067858697769,181,319
3426,0.4010046288310726,0.44128492259388086,-0.040280293762808284,181,330
3427,0.4469415629354028,0.5153397644033366,-0.0683982014679338,181,288
3428,0.5138620489727129,0.4856031583644453,0.02825889060826764,181,304
3429,0.46458160620429323,0.45981530598365056,0.004766300220642672,181,348
3430,0.45902107842406353,0.420752327859333,0.03826875056473056,181,327
3431,0.4805991164306575,0.4235687406116928,0.057030375818964696,181,316
3432,0.5151372422439638,0.4737768132552151,0.041360428988748754,181,288
3433,0.4763218278990709,0.49467970478784035,-0.018357876888769442,181,308
3434,0.45633372787053933,0.42392990519990753,0.0324038226706318,181,391
3435,0.4903866959531985,0.4341093423230844,0.0562773536301141,181,323
3436,0.498881370253505,0.5067953632883124,-0.007913993034807443,181,283
3437,0.41756693014264484,0.40987135237948324,0.0076955777631615985,181,392
3438,0.4491324677478789,0.5018461179783088,-0.0527136502304299,181,302
3439,0.47129299600237495,0.5155878244430417,-0.04429482844066679,181,304
3440,0.39353218352517866,0.4780520522507769,-0.08451986872559825,181,325
3441,0.43812979864072704,0.5454904235000051,-0.10736062485927805,181,302
3442,0.48381868651705123,0.5005957790027941,-0.01677709248574283,181,321
3443,0.4425070687276458,0.48094489366209914,-0.03843782493445336,181,303
3444,0.40657563489737625,0.44632712746077047,-0.03975149256339422,181,354
3445,0.4766075227623948,0.40771751124866323,0.06889001151373159,181,321
3446,0.49476582438353056,0.45330186307909986,0.041463961304430696,181,296
3447,0.35612074358830753,0.40170383022550205,-0.045583086637194514,181,336
3448,0.45075855984169805,0.45239128720203325,-0.0016327273603352066,181,330
3449,0.4598789048357218,0.5003829755461064,-0.04050407071038464,181,304
3450,0.5581061318730509,0.5234939276495254,0.03461220422352551,181,289
3451,0.406933050760804,0.47890033061766946,-0.07196727985686546,181,312
3452,0.4588584420049937,0.438218778716704,0.0206396632882897,181,300
3453,0.4070783858716167,0.47934894106700565,-0.07227055519538894,181,297
3454,0.5105499527194656,0.5559850008006689,-0.045435048081203355,181,309
3455,0.4937287415926631,0.4762568727138629,0.0174718688788002,181,308
3456,0.4216152590130472,0.47318527485904227,-0.051570015845995076,181,324
3457,0.4991391656481104,0.44235478273794854,0.05678438291016186,181,354
3458,0.45462661799463927,0.5054033501769435,-0.05077673218230422,181,311
3459,0.48714471465835685,0.4642906172489384,0.02285409740941846,181,335
3460,0.47706950708705786,0.47625481630146255,0.0008146907855953178,181,315
3461,0.5048553910658387,0.5999638431064485,-0.0951084520406098,181,279
3462,0.46231386617766157,0.5171645521550541,-0.05485068597739251,181,302
3463,0.45447635102749695,0.462250879918082,-0.007774528890585053,181,299
3464,0.3844196472023939,0.45422114608555286,-0.06980149888315895,181,308
3465,0.4698876135680153,0.46359430548551034,0.006293308082504945,181,337
3466,0.4487598099637357,0.48363406554798694,-0.034874255584251224,181,312
3467,0.4637060413209118,0.4549267632979771,0.008779278022934711,181,326
3468,0.482677504869482,0.45256165566242007,0.03011584920706195,181,332
3469,0.3885767923512237,0.5035002535002535,-0.11492346114902979,181,294
3470,0.43272372020972405,0.5411384014489842,-0.10841468123926012,181,294
3471,0.46441816769837524,0.4405087183036085,0.023909449394766746,181,314
3472,0.41714637175034314,0.4654187188203681,-0.04827234707002498,181,325
3473,0.5119180189558341,0.4398777307771097,0.07204028817872443,181,317
3474,0.47136125241996657,0.4457504704292152,0.025610781990751397,181,312
3475,0.44060487383387653,0.4283235554986012,0.012281318335275349,181,322
3476,0.46980246381832547,0.4825234646076302,-0.012721000789304715,181,308
3477,0.4943632818032269,0.4707918641478451,0.023571417655381843,181,281
3478,0.5109527826717397,0.5114100001618411,-0.00045721749010141366,181,304
3479,0.36444897353953404,0.5102440802378115,-0.1457951066982775,181,325
3480,0.5581103685541833,0.4861170124328019,0.07199335612138136,181,301
3481,0.4875405891544534,0.46655270045611635,0.020987888698337065,181,295
3482,0.4640550084328195,0.43512027785039314,0.02893473058242635,181,317
3483,0.48141428556781846,0.5178015015712674,-0.03638721600344891,181,317
3484,0.4738010059995516,0.4774859605836215,-0.0036849545840699216,181,306
3485,0.44800657566306634,0.5376710479109387,-0.08966447224787233,181,306
3486,0.4468943314919164,0.41278176323586957,0.034112568256046805,181,335
3487,0.48039221467228793,0.49330497600890144,-0.01291276133661351,181,304
3488,0.4590097471528923,0.5550760605142762,-0.09606631336138388,181,293
3489,0.45790240007134336,0.4348666666020726,0.023035733469270736,181,326
3490,0.43830311549205564,0.5056935089306658,-0.06739039343861014,181,327
3491,0.47221831469886505,0.4561830770356116,0.016035237663253432,181,319
3492,0.4284569949410518,0.440003710806306,-0.011546715865254187,181,346
3493,0.42077927652134217,0.4772526527706393,-0.0564733762492971,181,329
3494,0.4266778345256409,0.47051568561308815,-0.043837851087447255,181,308
3495,0.4891809339894884,0.4859376237804767,0.003243310209011696,181,307
3496,0.457901305194647,0.4390189121068252,0.018882393087821803,181,344
3497,0.35597931347203815,0.4420614692653673,-0.08608215579332917,181,313
3498,0.49185070577694207,0.49895906142052054,-0.007108355643578479,181,313
3499,0.487826369880346,0.48061880651267286,0.007207563367673142,181,319
3500,0.38411429514964673,0.500176237264845,-0.11606194211519821,181,310
3501,0.4473579608146908,0.44715472288780556,0.000203237926885258,181,335
3502,0.46464397744558594,0.4544318427928696,0.010212134652716365,181,327
3503,0.47821445889687875,0.4996254483948471,-0.02141098949796838,181,308
3504,0.48349210523861735,0.5042404954177372,-0.020748390179119836,181,311
3505,0.4360879249857875,0.48369276896480756,-0.04760484397902004,181,283
3506,0.4625466481034639,0.505593383427762,-0.043046735324298147,181,304
3507,0.49333703769567233,0.47819793102076324,0.015139106674909086,181,306
3508,0.48926980836193124,0.4467481253993922,0.042521682962539054,181,328
3509,0.48716058817008306,0.44602913855113163,0.04113144961895143,181,354
3510,0.46093520558406514,0.42496874058518586,0.03596646499887929,181,312
3511,0.46564702972899985,0.44769093428142626,0.017956095447573595,181,297
3512,0.45452835994111357,0.4913120784907843,-0.03678371854967072,181,318
3513,0.42924820760606347,0.40461845938090485,0.02462974822515862,181,366
3514,0.36333978639280085,0.460303397684607,-0.09696361129180614,181,328
3515,0.43297730775956905,0.5412592443134315,-0.10828193655386248,181,328
3516,0.4582338037550307,0.46406784119700095,-0.005834037441970252,181,343
3517,0.40044256619059443,0.4907858929511676,-0.09034332676057316,181,339
3518,0.4649230234323961,0.48212585626837,-0.017202832835973902,181,333
3519,0.38434844395128387,0.476745770923992,-0.09239732697270814,181,327
3520,0.5155258743063621,0.5312251473498356,-0.015699273043473516,181,284
3521,0.3660775906080569,0.4348641270141577,-0.06878653640610083,181,340
3522,0.48865973450691064,0.42352852268322344,0.0651312118236872,181,316
3523,0.46275745410950225,0.4903883893830968,-0.02763093527359456,181,296
3524,0.4626191158523509,0.424172168477022,0.03844694737532889,181,305
3525,0.41931366724441854,0.53769426999207,-0.1183806027476515,181,301
3526,0.4786388624728118,0.40493733157557227,0.07370153089723952,181,343
3527,0.4717759308128481,0.46897185786074674,0.002804072952101333,181,310
3528,0.4474882848026129,0.40482603656986527,0.04266224823274761,181,351
3529,0.5040322730081874,0.4843655075866001,0.01966676542158735,181,275
3530,0.5055869573341232,0.48482747529280046,0.02075948204132272,181,288
3531,0.5098208593508776,0.4888732088580113,0.020947650492866343,181,308
3532,0.5059769710519049,0.5578042588426241,-0.05182728779071921,181,267
3533,0.43909085271525566,0.4854429069885347,-0.04635205427327904,181,350
3534,0.48947181429899184,0.551644546536009,-0.06217273223701719,181,281
3535,0.4694956733848426,0.4514866233574769,0.01800905002736569,181,292
3536,0.45169184313384747,0.4522426025962094,-0.0005507594623619383,181,306
3537,0.4253543047740665,0.4373599432372268,-0.012005638463160329,181,330
3538,0.47367150322066126,0.45310006487353016,0.0205714383471311,181,360
3539,0.4464903962543523,0.5080409544262184,-0.061550558171866165,181,298
3540,0.4139642068230423,0.45644125830834487,-0.042477051485302564,181,323
3541,0.4555710510371583,0.45225896757103434,0.0033120834661239384,181,330
3542,0.4441497620263742,0.500369101870984,-0.05621933984460986,181,308
3543,0.4419468886402792,0.49958660797118876,-0.057639719330909556,181,303
3544,0.4481455669877428,0.5034081749437406,-0.055262607955997745,181,318
3545,0.47808434358396135,0.5147960857978119,-0.03671174221385054,181,296
3546,0.3741892105679481,0.4299159423884907,-0.05572673182054255,181,366
3547,0.42975088766136577,0.42628856038994295,0.003462327271422816,181,322
3548,0.42514841453033203,0.46647961020783324,-0.04133119567750121,181,327
3549,0.3737008119586581,0.4314805750198892,-0.05777976306123106,181,285
3550,0.36758997575773017,0.5296246354333622,-0.16203465967563208,181,333
3551,0.4556255448416257,0.5078881231086886,-0.052262578267062876,181,314
3552,0.4563189461716893,0.42641046635259466,0.029908479819094613,181,322
3553,0.44294752100611806,0.49968241461325846,-0.0567348936071404,181,313
3554,0.451423030020838,0.4974644642931076,-0.04604143427226959,181,307
3555,0.4858298303950478,0.49158942668408034,-0.005759596289032554,181,317
3556,0.4505235215328193,0.4623007222054324,-0.011777200672613064,181,309
3557,0.4393487582900848,0.4783671509100239,-0.03901839261993911,181,303
3558,0.46492247220255306,0.5505438683008678,-0.0856213960983147,181,278
3559,0.48195991131427846,0.4095293368718111,0.07243057444246737,181,332
3560,0.45675999740990664,0.4523254338937345,0.004434563516172163,181,328
3561,0.46562547622837913,0.46253604074129623,0.0030894354870829033,181,338
3562,0.5049798413703199,0.4747947666368719,0.030185074733448003,181,280
3563,0.5171943460796872,0.48655092998138627,0.030643416098300902,181,280
3564,0.4502817261794471,0.5039896241750653,-0.0537078979956182,181,303
3565,0.5237506916732398,0.450287860840866,0.07346283083237382,181,315
3566,0.47960958827883376,0.4878413905368478,-0.00823180225801401,181,301
3567,0.5355400229154382,0.5479968534156042,-0.012456830500165994,181,280
3568,0.41838982161746463,0.4712307940800078,-0.052840972462543156,181,310
3569,0.49790311993295916,0.520503155296602,-0.0226000353636428,181,269
3570,0.4645136995669655,0.433383223150665,0.031130476416300457,181,315
3571,0.4979527229426615,0.5152980288393795,-0.017345305896717955,181,299
3572,0.4472606751319367,0.4687859135631593,-0.021525238431222615,181,338
3573,0.4060639744475193,0.44196065033867005,-0.03589667589115075,181,332
3574,0.36173126837796377,0.4655116784659568,-0.10378041008799305,181,353
3575,0.4605504144977829,0.49246579616767605,-0.03191538166989316,181,307
3576,0.46378577932208076,0.4913419858509392,-0.02755620652885843,181,327
3577,0.48622629751518887,0.46779104805989086,0.01843524945529801,181,323
3578,0.47958850560372607,0.48278886048492675,-0.0032003548812006843,181,304
3579,0.35936234211407975,0.46608326851408377,-0.10672092640000402,181,320
3580,0.4322595656822406,0.5049474631432715,-0.07268789746103094,181,318
3581,0.4840103404433484,0.47088358395349283,0.013126756489855562,181,293
3582,0.4769459475178448,0.5214342915733075,-0.04448834405546265,181,302
3583,0.4452678945325394,0.5177311384831035,-0.07246324395056408,181,289
3584,0.4973464956064518,0.5330852648588599,-0.0357387692524081,181,273
3585,0.5193611264731979,0.4428231443897076,0.07653798208349027,181,320
3586,0.46672723958958334,0.5050174713427463,-0.038290231753162984,181,290
3587,0.4958984767583451,0.4670737855645689,0.028824691193776175,181,312
3588,0.47131603142633033,0.47331953707203744,-0.0020035056457071154,181,334
3589,0.47043893859001934,0.4765943560396114,-0.006155417449592082,181,295
3590,0.4259579782807877,0.41290208023075997,0.013055898050027714,181,319
3591,0.4629968224190653,0.5146709993392343,-0.05167417692016901,181,282
3592,0.4175362145683628,0.4557493300350443,-0.03821311546668149,181,325
3593,0.4360163962307754,0.42304659271063266,0.012969803520142764,181,346
3594,0.4722804809813272,0.45674992760689237,0.015530553374434819,181,317
3595,0.47826740400717177,0.4963506691465333,-0.018083265139361537,181,312
3596,0.5071549437701923,0.49231077635647613,0.014844167413716192,181,303
3597,0.5082628437123957,0.5086864928027809,-0.00042364909038516974,181,306
3598,0.4880203100141268,0.4913811995010152,-0.0033608894868883965,181,331
3599,0.4766438391853674,0.5045616144822958,-0.02791777529692835,181,318
3600,0.42644428045457455,0.48194981970586565,-0.05550553925129109,181,304
3601,0.46540944227776965,0.4597415965246635,0.005667845753106138,181,342
3602,0.4136583699525586,0.4237601969107324,-0.010101826958173798,181,343
3603,0.47190992960073197,0.439760664333252,0.032149265267479965,181,302
3604,0.475783798367832,0.5119760184958332,-0.03619222012800116,181,312
3605,0.45268587830587753,0.5023234194723186,-0.04963754116644109,181,303
3606,0.5135045746411115,0.5274816841308921,-0.013977109489780593,181,297
3607,0.510982779714039,0.4965739818114658,0.014408797902573267,181,284
3608,0.4133895142475671,0.560558086350829,-0.14716857210326195,181,284
3609,0.48673445205357035,0.494309683444179,-0.007575231390608672,181,309
3610,0.4623099624260615,0.5294380968352267,-0.06712813440916521,181,289
3611,0.48612096298355173,0.4275587684780544,0.05856219450549732,181,350
3612,0.4675771262934644,0.41607021211648937,0.051506914176975005,181,301
3613,0.4914649525524522,0.5107223938086471,-0.01925744125619494,181,293
3614,0.46397121167292765,0.4510711266058952,0.01290008506703244,181,324
3615,0.4973700059922231,0.5169583471630281,-0.019588341170805046,181,310
3616,0.3987147102253976,0.45791307052666363,-0.05919836030126602,181,325
3617,0.4239390266200068,0.495227534427058,-0.0712885078070512,181,316
3618,0.3764290916546556,0.4796331189113946,-0.103204027256739,181,302
3619,0.47256326648017916,0.45039820124621616,0.022165065233963,181,304
3620,0.4119160642974191,0.46743939624123954,-0.05552333194382042,181,305
3621,0.40402039549180263,0.4819175138541845,-0.07789711836238189,181,310
3622,0.47606625507524375,0.44489690203975923,0.031169353035484515,181,344
3623,0.5482333665411722,0.44623709332320266,0.1019962732179695,181,309
3624,0.4288094232120635,0.40703305028696085,0.02177637292510265,181,371
3625,0.4719465709537947,0.455510017023378,0.01643655393041671,181,322
3626,0.47697476899590996,0.4946728952814145,-0.017698126285504545,181,293
3627,0.4865021378768684,0.434551513471005,0.0519506244058634,181,344
3628,0.4381683796181293,0.48775514790134206,-0.049586768283212734,181,302
3629,0.4473680419493228,0.39446756138688305,0.05290048056243973,181,355
3630,0.4930411736423987,0.4949905214731159,-0.0019493478307172074,181,295
3631,0.48055533169705417,0.4615088558270458,0.01904647587000835,181,317
3632,0.4611256159355238,0.4697763673525176,-0.008650751416993785,181,338
3633,0.5156564591924538,0.5614419894644548,-0.04578553027200094,181,282
3634,0.4539858962026471,0.46079017075685247,-0.006804274554205347,181,327
3635,0.49130751733108635,0.466606783471372,0.02470073385971433,181,325
3636,0.46334591612282855,0.5711581084109968,-0.10781219228816824,181,292
3637,0.48154967299914847,0.5084603218576808,-0.026910648858532282,181,313
3638,0.37977393619238276,0.4909615108638402,-0.11118757467145746,181,314
3639,0.433082634763307,0.45933311164957635,-0.02625047688626936,181,336
3640,0.4422193387897359,0.522905317769131,-0.08068597897939506,181,318
3641,0.5018785419430991,0.5050499063574124,-0.0031713644143133157,181,289
3642,0.403447787443491,0.4450732310989719,-0.041625443655480876,181,305
3643,0.49005695510795133,0.43967456222837825,0.05038239287957308,181,325
3644,0.4673166300141836,0.48661102480047796,-0.019294394786294355,181,315
3645,0.4601283484188866,0.4720686733922675,-0.011940324973380878,181,290
3646,0.46050616499645625,0.5180330969628235,-0.05752693196636727,181,304
3647,0.5030258147149848,0.47789955897262926,0.025126255742355497,181,327
3648,0.4555344210519352,0.4922019824860945,-0.03666756143415928,181,331
3649,0.4345425414207528,0.49543641366713687,-0.06089387224638404,181,298
3650,0.465357020557848,0.49804496207819726,-0.03268794152034926,181,297
3651,0.4387104196092139,0.4516512904942126,-0.012940870884998679,181,339
3652,0.499742922627368,0.4790341655003309,0.020708757127037125,181,322
3653,0.4659744948841383,0.5030148501105779,-0.037040355226439614,181,289
3654,0.49112148405461475,0.48491930730137484,0.006202176753239919,181,290
3655,0.49757227707864754,0.47502779461837824,0.0225444824602693,181,323
3656,0.49180148836839527,0.43217419835066895,0.05962729001772632,181,337
3657,0.4063737801165734,0.5145139023139934,-0.10814012219742003,181,304
3658,0.4561371646338822,0.4494749520506708,0.006662212583211424,181,332
3659,0.4709810085976095,0.47574716470817,-0.004766156110560527,181,331
3660,0.46863291550545505,0.3969339875961157,0.07169892790933935,181,352
3661,0.47787288445650494,0.45328428210428445,0.02458860235222049,181,304
3662,0.4305191166214693,0.4891233639215008,-0.0586042473000315,181,324
3663,0.4597118846881062,0.5052806384412866,-0.04556875375318037,181,312
3664,0.46981013039826086,0.5161453452040063,-0.046335214805745484,181,284
3665,0.42217481989744465,0.4907911196999623,-0.06861629980251766,181,333
3666,0.3490133920613356,0.4393335391486652,-0.0903201470873296,181,341
3667,0.4456164707784525,0.37804824073495336,0.06756823004349916,181,332
3668,0.4295741311641966,0.4941662033027202,-0.06459207213852358,181,343
3669,0.46116690679062705,0.4189974270686631,0.04216947972196394,181,352
3670,0.4777047671237744,0.5087397356166466,-0.03103496849287224,181,311
3671,0.4847075258262748,0.47897308788646914,0.005734437939805659,181,310
3672,0.4529800362330406,0.45225975296769766,0.0007202832653429581,181,334
3673,0.4389450294139938,0.5088555371774144,-0.06991050776342056,181,291
3674,0.4115802466666213,0.46950436383439115,-0.05792411716776985,181,299
3675,0.48995485961688734,0.5166530107125442,-0.026698151095656875,181,300
3676,0.44638578728379497,0.48741147320465317,-0.0410256859208582,181,306
3677,0.43826820923450266,0.4743539783954636,-0.03608576916096096,181,319
3678,0.5052096508790143,0.4798261684653055,0.025383482413708747,181,310
3679,0.46541795366309674,0.5085397960698156,-0.04312184240671885,181,299
3680,0.4539103960098009,0.4019877811804352,0.051922614829365665,181,319
3681,0.4627989641706685,0.4619652046267951,0.0008337595438734358,181,343
3682,0.44576450120100514,0.3677714294867724,0.07799307171423275,181,348
3683,0.4926914067641676,0.49987392080034015,-0.007182514036172538,181,304
3684,0.38615370465144844,0.5105439352689227,-0.12439023061747428,181,295
3685,0.4343561985036639,0.44602601099239264,-0.011669812488728726,181,320
3686,0.4092902106906861,0.47749391768841004,-0.06820370699772393,181,321
3687,0.47801570289094464,0.4788727884033433,-0.0008570855123986587,181,309
3688,0.4518411724002863,0.44069850653691084,0.011142665863375478,181,326
3689,0.3997716979788693,0.5059494683934688,-0.10617777041459947,181,295
3690,0.5079381193096794,0.5540636032330385,-0.046125483923359134,181,320
3691,0.456182185384525,0.5162570814744727,-0.060074896089947705,181,282
3692,0.4628779452847064,0.4408511210710995,0.022026824213606855,181,307
3693,0.47701213076812643,0.49592726617496535,-0.018915135406838923,181,321
3694,0.41899430938530935,0.5327522101958192,-0.11375790081050985,181,310
3695,0.43568718992589867,0.5118031788999531,-0.07611598897405442,181,320
3696,0.46396228399293993,0.4927761915716159,-0.028813907578675968,181,315
3697,0.4922607135612062,0.49600723263169194,-0.003746519070485732,181,302
3698,0.4969777011339147,0.4171977134783528,0.07977998765556188,181,333
3699,0.38913515473665855,0.4966660834383908,-0.10753092870173225,181,317
3700,0.4188095108613553,0.3987101856414303,0.020099325219925024,181,360
3701,0.48937337738470116,0.4345698725052363,0.05480350487946484,181,312
3702,0.42888562190687685,0.42530560774120485,0.0035800141656719964,181,317
3703,0.45903108252137864,0.47423927797139676,-0.015208195450018114,181,292
3704,0.5084641378731007,0.5437493518017031,-0.0352852139286024,181,291
3705,0.4647456336903896,0.446902141820841,0.017843491869548644,181,303
3706,0.46561450582187913,0.46092293690556463,0.004691568916314504,181,342
3707,0.4435330392877562,0.4979275673756557,-0.05439452808789946,181,294
3708,0.4311982326380232,0.5127533980389257,-0.08155516540090252,181,318
3709,0.42233085611188503,0.4886637251916283,-0.06633286907974328,181,328
3710,0.4481591535575681,0.45826847814226357,-0.01010932458469549,181,305
3711,0.49273946952518377,0.4726953753593098,0.020044094165873994,181,312
3712,0.35123574837860544,0.4868537908819151,-0.13561804250330967,181,315
3713,0.5288898329115674,0.49513310879266553,0.033756724118901904,181,300
3714,0.382142982414631,0.4991692730545236,-0.11702629063989256,181,329
3715,0.3991109996560203,0.45244182562902474,-0.053330825973004425,181,325
3716,0.4597001387834642,0.4563880563880564,0.0033120823954078116,181,328
3717,0.4548229984340935,0.4980790211176371,-0.04325602268354356,181,302
3718,0.4663343849393219,0.48798517554077364,-0.021650790601451753,181,290
3719,0.42068504340600965,0.42089683224277835,-0.00021178883676870042,181,371
3720,0.43996196297840967,0.468166798531987,-0.028204835553577334,181,339
3721,0.4394822961565962,0.5132053750141308,-0.0737230788575346,181,318
3722,0.4859142555004672,0.4197212024626009,0.06619305303786627,181,332
3723,0.4425850706776865,0.42966090650819716,0.012924164169489327,181,334
3724,0.4590616220648465,0.46097894090552216,-0.0019173188406756414,181,300
3725,0.5215575438539867,0.4875076847580008,0.034049859095985846,181,317
3726,0.3691328626001132,0.46485968407091544,-0.09572682147080225,181,311
3727,0.4483097584692945,0.5285189748493597,-0.08020921638006523,181,307
3728,0.491052467728975,0.5458275296536271,-0.054775061924652146,181,326
3729,0.4547368737971923,0.531293499611871,-0.0765566258146787,181,298
3730,0.5319969126999257,0.5387844572165672,-0.006787544516641542,181,283
3731,0.47886003800027693,0.5600730811083745,-0.08121304310809757,181,283
3732,0.4223337443383525,0.4646412573686881,-0.042307513030335586,181,318
3733,0.41315076101299947,0.4526478402192304,-0.03949707920623091,181,343
3734,0.45909693893651543,0.4313615767879667,0.027735362148548715,181,384
3735,0.5403694672521272,0.44213487397183565,0.09823459328029155,181,314
3736,0.49639754953920595,0.4941001053600186,0.002297444179187369,181,274
3737,0.4544384981994699,0.4295163855439951,0.024922112655474782,181,314
3738,0.465503921043893,0.49852285020015646,-0.03301892915626348,181,322
3739,0.4552108033303554,0.46098757248168065,-0.005776769151325245,181,315
3740,0.444690363271532,0.5036588465159894,-0.05896848324445736,181,304
3741,0.4645665385036867,0.38948830833653264,0.07507823016715404,181,317
3742,0.40414293923328654,0.47651931030634426,-0.07237637107305772,181,328
3743,0.4843050449810274,0.5031521849556607,-0.01884713997463333,181,306
3744,0.48664039047914187,0.4706138084259992,0.01602658205314267,181,308
3745,0.4946505875077304,0.48060552616108165,0.014045061346648735,181,311
3746,0.39404173893876415,0.49698813210769066,-0.10294639316892651,181,305
3747,0.4858606577609273,0.4696700348745324,0.01619062288639489,181,296
3748,0.4793791679379828,0.4609960051292998,0.018383162808683018,181,310
3749,0.42874856337589257,0.4792684430394938,-0.05051987966360122,181,333
3750,0.442400899458803,0.4820676682242361,-0.03966676876543307,181,330
3751,0.457631130287709,0.447170903024445,0.01046022726326401,181,310
3752,0.4183068610320862,0.4878168252980846,-0.06950996426599843,181,308
3753,0.40088397005867815,0.4689648362993311,-0.06808086624065296,181,307
3754,0.47681894702179484,0.5135924910949548,-0.036773544073159914,181,301
3755,0.48294666731281477,0.5411891643206013,-0.0582424970077865,181,296
3756,0.4687527610855424,0.49499488474545167,-0.026242123659909244,181,308
3757,0.4309362869944028,0.42530457216913103,0.00563171482527175,181,341
3758,0.48712049894914344,0.46287003068271726,0.024250468266426184,181,306
3759,0.44634791190915774,0.4582152837806407,-0.011867371871482957,181,340
3760,0.4467307453255791,0.538749505595434,-0.0920187602698549,181,301
3761,0.468054365037506,0.4739866148666319,-0.00593224982912588,181,286
3762,0.44628443800780665,0.5178362688615377,-0.07155183085373101,181,302
3763,0.4274959999790698,0.5070305622723923,-0.07953456229332251,181,318
3764,0.48967997964063936,0.56656079616663,-0.07688081652599066,181,307
3765,0.466270545868461,0.49668650987572877,-0.03041596400726776,181,276
3766,0.4801539491941969,0.47280443017487206,0.007349519019324846,181,307
3767,0.4929668315731304,0.4822698537680705,0.010696977805059904,181,301
3768,0.47034572642420885,0.4162717624486872,0.054073963975521666,181,350
3769,0.42034771452762626,0.5532171055874534,-0.13286939105982715,181,296
3770,0.47307972249109903,0.45247069685688607,0.020609025634212963,181,321
3771,0.4823380528449653,0.44812657512164905,0.03421147772331623,181,327
3772,0.4474468434904451,0.4560373372121287,-0.008590493721683579,181,313
3773,0.47340660473204693,0.5073364587319422,-0.03392985399989529,181,313
3774,0.42357454260706234,0.5053526336643032,-0.08177809105724082,181,333
3775,0.4684550141678949,0.4322358977064361,0.03621911646145881,181,329
3776,0.4417644746284437,0.46897030395692146,-0.02720582932847776,181,347
3777,0.4481230931278453,0.39392528764343065,0.05419780548441466,181,329
3778,0.427607456220413,0.4099402355835364,0.01766722063687659,181,322
3779,0.5181559807431853,0.4887785752598912,0.02937740548329404,181,303
3780,0.5051231840633765,0.4868957206229953,0.01822746344038123,181,288
3781,0.4359364953569934,0.5259819139634653,-0.09004541860647186,181,290
3782,0.47999152075488366,0.4708816867481823,0.009109834006701345,181,292
3783,0.42504789967195983,0.4807554071364165,-0.055707507464456685,181,330
3784,0.44617194713487446,0.4702548480663982,-0.024082900931523765,181,339
3785,0.47407056783955076,0.4247969417695008,0.04927362607004998,181,338
3786,0.49710226368424537,0.4725068623923518,0.02459540129189358,181,305
3787,0.43695937919593586,0.43357468090118323,0.0033846982947526305,181,340
3788,0.44715122301137844,0.5390650469585377,-0.0919138239471593,181,276
3789,0.49514744731463,0.5185816789463235,-0.023434231631693447,181,314
3790,0.3698204690014383,0.44018993483055263,-0.07036946582911435,181,346
3791,0.4674148425436591,0.4785009854630256,-0.011086142919366493,181,338
3792,0.43087514244707803,0.5333623788784867,-0.10248723643140867,181,328
3793,0.4258616442962774,0.49313231598945884,-0.06727067169318146,181,320
3794,0.5233542670243793,0.49924781789156725,0.024106449132812013,181,284
3795,0.471323036552147,0.5121599941248267,-0.04083695757267969,181,298
3796,0.42787344741258243,0.49238415532935814,-0.06451070791677571,181,317
3797,0.47905866442617334,0.5463545524318768,-0.06729588800570346,181,284
3798,0.38496630616276756,0.3941621772539437,-0.009195871091176144,181,333
3799,0.47398680100027424,0.4995609524180952,-0.02557415141782099,181,300
3800,0.4912597961045166,0.45533763939323585,0.03592215671128074,181,307
3801,0.4901595745029933,0.48922377885792523,0.0009357956450680716,181,304
3802,0.4975028570815882,0.5391045429854383,-0.041601685903850105,181,299
3803,0.3996187595952701,0.4992983332522224,-0.09967957365695229,181,307
3804,0.46949860147451705,0.4483048173379354,0.021193784136581628,181,309
3805,0.50749278009684,0.4629352999291429,0.04455748016769706,181,330
3806,0.44421207343334024,0.49819491881475236,-0.053982845381412126,181,290
3807,0.492040840489007,0.48355920334235386,0.00848163714665312,181,302
3808,0.46350966073864003,0.5094384789282089,-0.0459288181895689,181,336
3809,0.48239469676384183,0.5390572435290788,-0.056662546765236965,181,297
3810,0.42807378819536296,0.46709163013330823,-0.039017841937945275,181,324
3811,0.46295213561036347,0.4912188178993483,-0.028266682288984823,181,320
3812,0.46578914698893,0.4074007430023007,0.058388403986629256,181,369
3813,0.5101512968056421,0.4612905749712473,0.04886072183439477,181,348
3814,0.4923890842504864,0.5225302380463009,-0.030141153795814557,181,282
3815,0.47652889097087675,0.49312077806155524,-0.016591887090678492,181,296
3816,0.4410219913208941,0.415279596049751,0.02574239527114308,181,320
3817,0.4509653360429956,0.4564960655108439,-0.005530729467848272,181,326
3818,0.4254565755557603,0.41512712898520215,0.01032944657055812,181,353
3819,0.37154301437647186,0.4300553148088504,-0.05851230043237854,181,323
3820,0.4377590862296605,0.47479286774634594,-0.03703378151668546,181,313
3821,0.4472512356226432,0.571359196585136,-0.12410796096249282,181,300
3822,0.45896877679486375,0.5120603670787005,-0.053091590283836754,181,302
3823,0.5004235482496352,0.4533497487705512,0.04707379947908402,181,317
3824,0.4805462299174108,0.5571938699598274,-0.07664764004241664,181,294
3825,0.5057010244808714,0.49373159566006697,0.011969428820804429,181,306
3826,0.4520455842857786,0.4798444977861997,-0.027798913500421074,181,331
3827,0.5444597474401991,0.5545215983963175,-0.010061850956118445,181,299
3828,0.4813690691390237,0.4934576021532543,-0.012088533014230574,181,309
3829,0.49764895205393983,0.5611084151229188,-0.06345946306897893,181,270
3830,0.42730225948884604,0.5017294037973243,-0.0744271443084783,181,317
3831,0.5227207680768312,0.5485308871418704,-0.02581011906503916,181,286
3832,0.5153170917489803,0.45676333869098334,0.05855375305799698,181,326
3833,0.4766575404030483,0.530065491136828,-0.053407950733779685,181,293
3834,0.4614991018052243,0.5489497970700978,-0.08745069526487353,181,284
3835,0.4490252683285669,0.43835184652844833,0.010673421800118543,181,310
3836,0.4496475136182579,0.44357740154565256,0.006070112072605327,181,351
3837,0.45593506965755404,0.46737797500344136,-0.011442905345887322,181,300
3838,0.4580678302482814,0.4712530722988274,-0.013185242050545998,181,311
3839,0.5136933157660387,0.4762529020426113,0.037440413723427435,181,307
3840,0.3843678182741806,0.4085617195871279,-0.024193901312947297,181,372
3841,0.4665503841971404,0.4851660664265706,-0.01861568222943022,181,303
3842,0.4588066279074721,0.43955744400924746,0.019249183898224664,181,323
3843,0.4002445339225963,0.46399254018401365,-0.06374800626141736,181,305
3844,0.49077529101484146,0.4868709533297051,0.003904337685136372,181,315
3845,0.4491237826213196,0.49304627972745935,-0.04392249710613977,181,308
3846,0.45237235217921185,0.4533378508265606,-0.0009654986473487392,181,324
3847,0.5228471079922417,0.5603596203865902,-0.037512512394348496,181,273
3848,0.33010329601418936,0.4691918607568872,-0.13908856474269782,181,333
3849,0.5282318684251193,0.4940940682351171,0.03413780019000218,181,318
3850,0.4504150227052781,0.4647173245756324,-0.014302301870354306,181,324
3851,0.47095969549886546,0.4846527093653142,-0.013693013866448722,181,301
3852,0.44080829235160995,0.48623396252912876,-0.04542567017751881,181,308
3853,0.45881608502967725,0.45049229928787965,0.008323785741797596,181,334
3854,0.4260339972795989,0.4121126003143874,0.013921396965211497,181,354
3855,0.4889143067403937,0.5059336371911402,-0.01701933045074644,181,298
3856,0.43264104804616527,0.46121528920332333,-0.028574241157158065,181,343
3857,0.42632796811447304,0.417346922916028,0.008981045198445059,181,349
3858,0.47023634994107233,0.43365833147747607,0.03657801846359626,181,331
3859,0.4752927797182318,0.4757702471232778,-0.00047746740504600593,181,315
3860,0.4722992045197884,0.46424453355416956,0.008054670965618849,181,343
3861,0.4646491498056147,0.4889455441892694,-0.024296394383654663,181,357
3862,0.3740377979508414,0.4157204271913158,-0.04168262924047439,181,330
3863,0.4894227909407444,0.3867875671269903,0.10263522381375412,181,336
3864,0.4943659329998161,0.5304723132972817,-0.0361063802974656,181,315
3865,0.4699370135802773,0.4690629541238808,0.0008740594563964588,181,308
3866,0.4916176559634295,0.439827179041241,0.051790476922188466,181,315
3867,0.46734474434249995,0.4764168566525266,-0.009072112310026637,181,302
3868,0.4531986360351497,0.39324261425874063,0.059956021776409074,181,314
3869,0.4820260649623124,0.5317545199898142,-0.04972845502750178,181,290
3870,0.37963472055572695,0.448043528845386,-0.06840880828965906,181,343
3871,0.48289753810686303,0.4394033374033374,0.04349420070352561,181,312
3872,0.41943340345195634,0.42607527781281174,-0.006641874360855393,181,334
3873,0.4546267626089448,0.44162930443050924,0.012997458178435561,181,314
3874,0.4988512111819749,0.48959236436326087,0.009258846818714028,181,308
3875,0.46831294702108106,0.4758012244119913,-0.007488277390910236,181,288
3876,0.38430239488400914,0.4381099355345682,-0.05380754065055904,181,333
3877,0.4986937499453886,0.5125425533019247,-0.013848803356536044,181,299
3878,0.4434320338047046,0.49054344537416955,-0.04711141156946497,181,313
3879,0.3929827374259684,0.37830883780345737,0.014673899622511033,181,343
3880,0.4340124902579949,0.46400989008527815,-0.029997399827283278,181,308
3881,0.4455533955295595,0.46831978723656453,-0.022766391707005007,181,315
3882,0.45911981431457377,0.44489818314175616,0.014221631172817606,181,341
3883,0.3699036154944383,0.4995181201776947,-0.12961450468325642,181,331
3884,0.4837468038736204,0.47155492095760343,0.012191882916016972,181,304
3885,0.439558367199023,0.4925224750794979,-0.0529641078804749,181,329
3886,0.4176593090264464,0.5060860017381756,-0.08842669271172926,181,324
3887,0.4458143725657336,0.4879365521157876,-0.04212217955005404,181,330
3888,0.45679457595251227,0.48484978911310694,-0.028055213160594672,181,315
3889,0.5043763304036394,0.5170473621960611,-0.012671031792421683,181,285
3890,0.40647729137980504,0.4960189453887867,-0.08954165400898167,181,336
3891,0.37394086701189905,0.46016272620495496,-0.08622185919305592,181,314
3892,0.4618864436451227,0.5194156479193717,-0.05752920427424896,181,304
3893,0.4386023410705288,0.46434109262340006,-0.025738751552871253,181,318
3894,0.4337245865437345,0.473394444662183,-0.039669858118448476,181,350
3895,0.42070770523956513,0.4020751030281309,0.018632602211434257,181,364
3896,0.40608409547771174,0.4866278829194431,-0.08054378744173135,181,315
3897,0.4023261782023998,0.46939825964731036,-0.06707208144491056,181,315
3898,0.4838686541162242,0.4820390853511996,0.0018295687650246029,181,301
3899,0.5047560729311976,0.508949380527023,-0.0041933075958253685,181,283
3900,0.40365704945026776,0.43417789471642926,-0.0305208452661615,181,331
3901,0.4928434554251876,0.5209844676203427,-0.02814101219515508,181,313
3902,0.47342959361811615,0.476029797458369,-0.002600203840252835,181,305
3903,0.43598631562863727,0.5174819114887633,-0.08149559586012606,181,321
3904,0.4835196115128176,0.4550298103326211,0.028489801180196506,181,288
3905,0.5552959461488687,0.5743648129956359,-0.01906886684676723,181,272
3906,0.4629862329283503,0.4775718631650836,-0.014585630236733316,181,308
3907,0.44799000463646876,0.5123300146687896,-0.06434001003232082,181,318
3908,0.42956109680005794,0.4953820993815099,-0.06582100258145196,181,299
3909,0.42883563004762687,0.5018642818932155,-0.07302865184558865,181,328
3910,0.43635030148423004,0.4831320833565142,-0.046781781872284156,181,319
3911,0.46411601581059475,0.47767272864738713,-0.013556712836792384,181,296
3912,0.4460124886871696,0.5191067996729587,-0.07309431098578911,181,294
3913,0.407936028518736,0.42676954188559835,-0.018833513366862342,181,336
3914,0.4298973736244463,0.5051246874792723,-0.075227313854826,181,314
3915,0.42334618214105857,0.4670203096062218,-0.04367412746516325,181,337
3916,0.5408253521047934,0.46625348711972736,0.07457186498506607,181,322
3917,0.46685827579135025,0.49956746729926405,-0.03270919150791379,181,342
3918,0.4602074997653393,0.5058018675355205,-0.045594367770181166,181,312
3919,0.3989320336776077,0.4971209719814871,-0.09818893830387937,181,288
3920,0.4064249675373551,0.49619638933727916,-0.08977142179992409,181,305
3921,0.4360414746891597,0.5154695615130638,-0.07942808682390406,181,329
3922,0.414987870183777,0.4716955599444078,-0.05670768976063084,181,302
3923,0.4965345490957329,0.46147262584114207,0.03506192325459084,181,313
3924,0.44346846430880044,0.5129298561537248,-0.06946139184492434,181,308
3925,0.48778176550139263,0.529019270759294,-0.041237505257901375,181,292
3926,0.5055658883739419,0.5216703110165579,-0.016104422642616023,181,308
3927,0.3483732155939513,0.4323206063541868,-0.0839473907602355,181,338
3928,0.395849032783493,0.45772281499758144,-0.06187378221408846,181,346
3929,0.45608132003468055,0.4792106736977985,-0.02312935366311797,181,320
3930,0.44005041481411383,0.4844520845175446,-0.04440166970343079,181,314
3931,0.42802112371170103,0.3922978964769948,0.03572322723470622,181,345
3932,0.44159625133416336,0.43873804776468933,0.002858203569474027,181,347
3933,0.47815303159970135,0.5090681597958711,-0.030915128196169706,181,315
3934,0.5186153944986396,0.5730247959325212,-0.05440940143388162,181,287
3935,0.4635510323010323,0.4806164447526077,-0.01706541245157539,181,321
3936,0.48884841461037265,0.4420108936749094,0.04683752093546323,181,295
3937,0.4288533461220506,0.42997690855769044,-0.0011235624356398244,181,329
3938,0.4954477269223122,0.4838648939816406,0.011582832940671584,181,281
3939,0.4969688728980632,0.5045171120333406,-0.0075482391352774125,181,311
3940,0.3948239746394305,0.4026133672048623,-0.007789392565431819,181,376
3941,0.48198691261498233,0.49595677175058617,-0.013969859135603835,181,299
3942,0.4708006561179458,0.4703455520533833,0.00045510406456250596,181,287
3943,0.4442936733749871,0.46861398564360446,-0.02432031226861736,181,278
3944,0.47512745289920677,0.4478116773410089,0.027315775558197863,181,340
3945,0.4619357080434057,0.480743673521363,-0.018807965477957267,181,303
3946,0.4741923454547567,0.40788481841447266,0.06630752704028403,181,336
3947,0.48149776834477603,0.512637349328695,-0.031139580983918946,181,304
3948,0.4283729221127114,0.427109281000075,0.0012636411126363822,181,359
3949,0.5094686527162878,0.4247460152669152,0.08472263744937264,181,324
3950,0.4200263121598322,0.4626134406808825,-0.04258712852105029,181,339
3951,0.4321810290147282,0.5477729292056381,-0.11559190019090992,181,283
3952,0.43713785243936953,0.43377557299401903,0.0033622794453505023,181,342
3953,0.48617474853394754,0.47526949394998935,0.01090525458395819,181,310
3954,0.4749748245195651,0.44186057128897677,0.03311425323058831,181,345
3955,0.48065036337986317,0.45621151391477327,0.024438849465089896,181,357
3956,0.4703558366655285,0.4443115306792877,0.0260443059862408,181,361
3957,0.42345501379711903,0.4748526629623576,-0.05139764916523859,181,318
3958,0.4583731458871325,0.44781572679304327,0.010557419094089249,181,340
3959,0.4732167832167832,0.49215226808446266,-0.018935484867679486,181,300
3960,0.47358244365361796,0.4589973403429458,0.014585103310672143,181,339
3961,0.3792445043378008,0.44665641515265575,-0.06741191081485493,181,328
3962,0.39193409503469506,0.4618152947574342,-0.06988119972273915,181,307
3963,0.5000003572913927,0.4638213072535384,0.03617905003785432,181,328
3964,0.498432479976523,0.5113272022279732,-0.012894722251450219,181,296
3965,0.4744779415143924,0.4826762332840113,-0.008198291769618948,181,295
3966,0.46860968418132354,0.48056726368414676,-0.011957579502823223,181,319
3967,0.4204705350261518,0.4458470601259975,-0.025376525099845726,181,325
3968,0.4953597231733907,0.4646751898800763,0.030684533293314442,181,302
3969,0.4371258107684754,0.4499230676095248,-0.012797256841049376,181,312
3970,0.5294316941722141,0.46655856810269075,0.06287312606952339,181,300
3971,0.3954209941964565,0.5317457795681161,-0.1363247853716596,181,278
3972,0.43391646327176936,0.4400799219515625,-0.006163458679793121,181,300
3973,0.4656725838217119,0.5285964884572092,-0.0629239046354973,181,310
3974,0.3812942919225669,0.46830198668873246,-0.08700769476616554,181,314
3975,0.39848094560763553,0.46724503130917405,-0.06876408570153852,181,319
3976,0.42160019626388323,0.48527483831585666,-0.06367464205197343,181,319
3977,0.4732463770218825,0.4323412906256433,0.04090508639623919,181,334
3978,0.35103665026025277,0.4703759972888677,-0.11933934702861493,181,307
3979,0.48152049663009006,0.49904188661593263,-0.017521389985842573,181,325
3980,0.4432939963290928,0.4556027779611059,-0.0123087816320131,181,351
3981,0.4255882202609285,0.4151580615042641,0.01043015875666442,181,341
3982,0.4204513668697208,0.5137637094855683,-0.09331234261584748,181,320
3983,0.4974774240585828,0.502005523018756,-0.004528098960173199,181,314
3984,0.4183709304494303,0.44654376092145803,-0.028172830472027732,181,306
3985,0.4556630939730639,0.4271098147481805,0.028553279224883432,181,333
3986,0.4838278464448146,0.45955794038052206,0.024269906064292524,181,315
3987,0.46372254219492365,0.4532847070376582,0.01043783515726543,181,319
3988,0.42715904515341174,0.4559879238554509,-0.02882887870203915,181,314
3989,0.4832966079860489,0.5076123535811408,-0.024315745595091864,181,303
3990,0.4858139000280964,0.5769480741293033,-0.09113417410120689,181,266
3991,0.42713253941053647,0.5086805639383936,-0.08154802452785709,181,310
3992,0.4628288561801532,0.49949638650452793,-0.03666753032437475,181,329
3993,0.43589077197945203,0.4704166104256804,-0.03452583844622836,181,330
3994,0.4302186606937917,0.41648372703783176,0.013734933655959958,181,328
3995,0.49540848379316726,0.4394594471413948,0.05594903665177248,181,345
3996,0.4712648268607074,0.48578513581115346,-0.014520308950446037,181,316
3997,0.4530725023455902,0.50714318387975,-0.05407068153415978,181,335
3998,0.48515010685612264,0.4498326376607282,0.03531746919539447,181,338
3999,0.45196758892684175,0.48875014450248316,-0.03678255557564142,181,299
4000,0.47919963557349377,0.43187149483719084,0.047328140736302926,181,347
4001,0.47405958208205073,0.48840340188760406,-0.014343819805553326,181,320
4002,0.504665504941067,0.48983930368560996,0.014826201255457028,181,302
4003,0.46959997939633297,0.4199936229184892,0.04960635647784378,181,383
4004,0.38695951039304494,0.44419589706618934,-0.0572363866731444,181,324
4005,0.446772342110688,0.4628039977226784,-0.01603165561199038,181,319
4006,0.4481410221138073,0.4656022548050582,-0.017461232691250883,181,318
4007,0.43681144639332786,0.4111152354337045,0.025696210959623378,181,327
4008,0.39455331617594125,0.46113780623633455,-0.0665844900603933,181,328
4009,0.3563228655482112,0.4135220140556289,-0.057199148507417696,181,350
4010,0.38531790172502073,0.4164706980026623,-0.03115279627764156,181,332
4011,0.46438547782312706,0.4635079631900433,0.0008775146330837758,181,302
4012,0.42173520879941667,0.4554405418056295,-0.03370533300621281,181,310
4013,0.32062149846895505,0.4033083155008509,-0.08268681703189584,181,345
4014,0.49540566752589704,0.5072431789325443,-0.011837511406647294,181,287
4015,0.5051483222057903,0.4445603828205842,0.060587939385206124,181,328
4016,0.4915777959212142,0.4819830098795261,0.00959478604168812,181,309
4017,0.47279404102555894,0.5543332126851537,-0.08153917165959473,181,288
4018,0.5190511530305297,0.4648371160003776,0.05421403703015215,181,304
4019,0.38589081438091555,0.4874048236652649,-0.10151400928434934,181,294
4020,0.372459806674927,0.4907325328677807,-0.11827272619285367,181,294
4021,0.43268973594638593,0.5008824197705888,-0.06819268382420285,181,306
4022,0.45532742159029765,0.44206726486004017,0.013260156730257489,181,357
4023,0.44721550391511433,0.4135787930081488,0.03363671090696552,181,343
4024,0.43540233704160575,0.44325545794331117,-0.007853120901705424,181,314
4025,0.48214918706045246,0.46615624674530703,0.01599294031514542,181,307
4026,0.5010365598822034,0.47580763284535915,0.025228927036844262,181,337
4027,0.4764000367448643,0.4816650822117722,-0.0052650454669078695,181,302
4028,0.45828043330648854,0.48853070771383733,-0.030250274407348787,181,310
4029,0.46014217203798713,0.49622356077462193,-0.0360813887366348,181,302
4030,0.39136402098988576,0.4547079975692285,-0.06334397657934271,181,324
4031,0.5021412364168775,0.48715836527165424,0.014982871145223231,181,307
4032,0.3991710721687839,0.4946338322244354,-0.09546276005565152,181,331
4033,0.490922429545636,0.4781185027410802,0.012803926804555776,181,295
4034,0.46754670989098457,0.5119600655658222,-0.04441335567483762,181,303
4035,0.4396621951978816,0.5308477004077287,-0.09118550520984708,181,286
4036,0.42353807098269364,0.47908461438870525,-0.05554654340601162,181,315
4037,0.45623355162195095,0.5483414723992796,-0.0921079207773286,181,268
4038,0.493682281324033,0.5007558108049447,-0.007073529480911667,181,313
4039,0.4770902952197586,0.4610654936461388,0.016024801573619796,181,301
4040,0.4286660687395825,0.45473228864331533,-0.026066219903732812,181,320
4041,0.447571202780988,0.4616581536712455,-0.014086950890257521,181,322
4042,0.37283687965058776,0.41911808747784185,-0.04628120782725409,181,345
4043,0.4879026516557902,0.5051090097739553,-0.01720635811816512,181,300
4044,0.4361727149131567,0.455102052335485,-0.01892933742232833,181,314
4045,0.43602671468771376,0.4303967936380901,0.005629921049623676,181,357
4046,0.4101298701298702,0.44376807067913976,-0.03363820054926958,181,343
4047,0.43180840955790945,0.5012945968009205,-0.06948618724301103,181,338
4048,0.5071551533103381,0.4807665575503523,0.02638859575998581,181,311
4049,0.4227290179154358,0.4749408222571681,-0.05221180434173228,181,315
4050,0.4155852037476574,0.4547168086927186,-0.03913160494506118,181,338
4051,0.49087132562278013,0.502885774457928,-0.012014448835147906,181,291
4052,0.46224001577560925,0.4481539770676596,0.014086038707949666,181,327
4053,0.486285030372115,0.4501167307366965,0.03616829963541851,181,357
4054,0.4703484779929702,0.48247191122074806,-0.012123433227777869,181,296
4055,0.4392529187983733,0.4845366875978896,-0.04528376879951629,181,284
4056,0.43673036221422695,0.425272298060555,0.011458064153671954,181,314
4057,0.43724231293868865,0.514368314775129,-0.07712600183644036,181,280
4058,0.3648253330136849,0.421764191649307,-0.05693885863562209,181,323
4059,0.44919848163123677,0.3953062186466187,0.05389226298461808,181,355
4060,0.548861231657341,0.4781915835253394,0.0706696481320016,181,298
4061,0.5047663660352342,0.5244798515873443,-0.019713485552110166,181,287
4062,0.4503450261853709,0.5775162774139757,-0.1271712512286048,181,279
4063,0.4642917133352503,0.46316099227118485,0.0011307210640654763,181,302
4064,0.4249398565532439,0.4353279571276503,-0.010388100574406423,181,353
4065,0.49065469200807543,0.47306884838991337,0.017585843618162067,181,315
4066,0.48976737492915756,0.4878040584369118,0.001963316492245737,181,308
4067,0.5389982747356862,0.49623261898044413,0.04276565575524205,181,299
4068,0.5426082662722856,0.5343464114371002,0.00826185483518549,181,268
4069,0.5210622885264782,0.5677314589404662,-0.04666917041398799,181,288
4070,0.40979476618862803,0.5246663328058677,-0.11487156661723968,181,298
4071,0.4587622227421138,0.4243077680175386,0.0344544547245752,181,329
4072,0.4026072200334752,0.4272398023949973,-0.024632582361522104,181,353
4073,0.43641772314616356,0.4613656180424964,-0.024947894896332812,181,358
4074,0.5147805576356782,0.47877916103829726,0.03600139659738094,181,271
4075,0.4688689851003014,0.48852638260453946,-0.01965739750423806,181,303
4076,0.4429609238520263,0.4896403838660927,-0.04667946001406642,181,324
4077,0.4126897833097886,0.42736725030856976,-0.014677466998781141,181,338
4078,0.4447669364953976,0.4788742143643702,-0.03410727786897261,181,317
4079,0.4817114580538454,0.4560700487428598,0.02564140931098563,181,308
4080,0.5054685121912013,0.4776787626704487,0.027789749520752582,181,318
4081,0.48144954008170043,0.475330928447591,0.006118611634109428,181,308
4082,0.49503543573646513,0.5449365229962952,-0.04990108725983011,181,292
4083,0.4860414675550227,0.47840672497712206,0.007634742577900644,181,307
4084,0.46132982990296806,0.5470148109469053,-0.08568498104393724,181,296
4085,0.48481010894727294,0.44397052440178963,0.04083958454548331,181,344
4086,0.44117714474583425,0.41424216298768274,0.02693498175815151,181,333
4087,0.3777038525631066,0.4296142779347054,-0.05191042537159879,181,358
4088,0.4734402017400722,0.5014960191912913,-0.0280558174512191,181,309
4089,0.40507874383694636,0.40326812484569097,0.0018106189912553972,181,339
4090,0.4210554429924259,0.44819382453028445,-0.027138381537858525,181,331
4091,0.42829785761126216,0.4961545577952508,-0.06785670018398865,181,312
4092,0.48610580595874714,0.47957504609457074,0.006530759864176394,181,304
4093,0.5004677126219353,0.44022599960866315,0.06024171301327219,181,324
4094,0.42047361961155066,0.456657684052642,-0.036184064441091346,181,317
4095,0.4067628745740614,0.4313106934785248,-0.024547818904463392,181,339
4096,0.49575158886175785,0.5012319891377194,-0.005480400275961528,181,293
4097,0.47060724817271893,0.5208527611586257,-0.05024551298590674,181,291
4098,0.4745545581287205,0.3950026320248835,0.07955192610383699,181,335
4099,0.4721831468472006,0.4942683924286868,-0.022085245581486224,181,311
4100,0.5294960509594685,0.43361537749562157,0.09588067346384693,181,306
4101,0.43300796397213503,0.5124679421928756,-0.07945997822074058,181,279
4102,0.508575526041918,0.45678241863763247,0.051793107404285554,181,324
4103,0.4336855772794718,0.4534639196962276,-0.0197783424167558,181,321
4104,0.45103449067172513,0.48314154380474683,-0.0321070531330217,181,324
4105,0.4257301289583009,0.5221318607997097,-0.09640173184140882,181,301
4106,0.43793074777952595,0.47488149250080725,-0.03695074472128129,181,321
4107,0.503178697503957,0.43168368950197605,0.071495008001981,181,305
4108,0.36405672452879373,0.42187428913649583,-0.0578175646077021,181,307
4109,0.4293793424410665,0.46391544988752026,-0.034536107446453745,181,313
4110,0.4609887619212266,0.43077342834673477,0.030215333574491854,181,306
4111,0.4360779128617615,0.4388009733165786,-0.0027230604548170723,181,326
4112,0.4886928540224668,0.49813358554809023,-0.009440731525623414,181,292
4113,0.43252928503670035,0.43824250115782526,-0.005713216121124909,181,311
4114,0.47999774766448267,0.4354429851719588,0.04455476249252388,181,346
4115,0.451086603575109,0.44914037279981567,0.0019462307752933228,181,313
4116,0.4494475592434776,0.44237820275784034,0.007069356485637279,181,328
4117,0.5082827921567293,0.43696038100666906,0.07132241115006027,181,280
4118,0.4600239790162769,0.4997916610220417,-0.039767682005764804,181,299
4119,0.405200846291257,0.46239858451840016,-0.057197738227143136,181,320
4120,0.4134252686131145,0.4756292076700116,-0.062203939056897084,181,340
4121,0.4903993144054827,0.49237679206430546,-0.0019774776588227794,181,302
4122,0.421850414209936,0.41222825773752186,0.009622156472414156,181,347
4123,0.49380661039041146,0.4743899554677992,0.019416654922612242,181,316
4124,0.4153688011690299,0.4230087425478248,-0.007639941378794868,181,303
4125,0.46977530624984615,0.42532358363192607,0.044451722617920075,181,360
4126,0.45411281682383964,0.4228738673735351,0.031238949450304532,181,347
4127,0.448902924018541,0.4764053067842364,-0.027502382765695443,181,322
4128,0.41356083934561216,0.4703227075687651,-0.056761868223152934,181,319
4129,0.4936220211354982,0.5268433321614598,-0.03322131102596165,181,302
4130,0.47742141291864115,0.4866299810807416,-0.009208568162100472,181,306
4131,0.43982878102556944,0.40508554560513016,0.03474323542043928,181,329
4132,0.4570667994194645,0.48429268659935865,-0.02722588717989416,181,290
4133,0.4758337648570506,0.4143305565956682,0.06150320826138239,181,340
4134,0.3937249282394243,0.5086159408222545,-0.11489101258283019,181,294
4135,0.5027761104441776,0.4445715420130953,0.05820456843108229,181,305
4136,0.4399554931886166,0.4791110520211092,-0.03915555883249261,181,296
4137,0.4192946445526119,0.4752135971171048,-0.05591895256449292,181,324
4138,0.4734530175706646,0.5595790536563867,-0.08612603608572211,181,282
4139,0.4289329707935993,0.3992382181394564,0.029694752654142897,181,315
4140,0.4561309660949517,0.4601048735932457,-0.003973907498294016,181,282
4141,0.5037898058330723,0.4699926456934028,0.03379716013966949,181,325
4142,0.5795287628658875,0.49458563779538245,0.08494312507050505,181,288
4143,0.3938426193935025,0.503513788502702,-0.1096711691091995,181,291
4144,0.4385269023131177,0.49655489774275796,-0.05802799542964027,181,307
4145,0.43073268039181506,0.5116927040192506,-0.08096002362743554,181,294
4146,0.48344357186911846,0.5037017041730317,-0.020258132303913268,181,318
4147,0.450223882538293,0.43083861101659915,0.019385271521693836,181,350
4148,0.4885650413294234,0.5161077018219876,-0.027542660492564208,181,298
4149,0.49329478631467033,0.47791628172609163,0.0153785045885787,181,298
4150,0.4563076595501408,0.4813416776460254,-0.025034018095884625,181,327
4151,0.4337269500570642,0.49051043937371147,-0.056783489316647284,181,288
4152,0.36866995974309225,0.40007751461063296,-0.03140755486754071,181,344
4153,0.473159107982157,0.5041572416688493,-0.030998133686692353,181,303
4154,0.49416209949661366,0.5150769498304496,-0.020914850333835944,181,295
4155,0.43178974230542044,0.45871913067784303,-0.02692938837242259,181,345
4156,0.4919780320996127,0.47844966824558666,0.01352836385402606,181,301
4157,0.4791457755287677,0.4958120223118128,-0.016666246783045124,181,294
4158,0.4846049591173527,0.4288878736998744,0.055717085417478274,181,337
4159,0.4929963141948739,0.4933434037797938,-0.00034708958491991293,181,320
4160,0.42220863066163333,0.4574975171324055,-0.03528888647077216,181,301
4161,0.4419347754136152,0.441777310896115,0.0001574645175002054,181,307
4162,0.5048381135007232,0.44718511944417233,0.05765299405655083,181,308
4163,0.39931450882314146,0.41571907168923644,-0.016404562866094985,181,352
4164,0.40594736356850325,0.447830337414488,-0.04188297384598477,181,328
4165,0.45110741499172935,0.5127579641089014,-0.06165054911717205,181,293
4166,0.523410695796594,0.5517383208726161,-0.028327625076022045,181,292
4167,0.4443209350058602,0.417817657476616,0.026503277529244196,181,351
4168,0.47686751296263186,0.4445619154423214,0.03230559752031048,181,322
4169,0.4383346692146151,0.44636560775971823,-0.008030938545103117,181,293
4170,0.4801948133880907,0.4614066865324354,0.01878812685565534,181,347
4171,0.4504395604395605,0.5040939109050565,-0.05365435046549599,181,302
4172,0.43664819912203895,0.4778163487019226,-0.04116814957988363,181,308
4173,0.4894848191955437,0.4439064348523071,0.04557838434323663,181,336
4174,0.48794619233229575,0.3987406432495533,0.08920554908274247,181,321
4175,0.5017039857421857,0.4378833344867846,0.06382065125540104,181,320
4176,0.3676775571510808,0.44717508044529686,-0.07949752329421605,181,311
4177,0.4523316383857739,0.447428537586243,0.0049031007995308795,181,330
4178,0.4653847441886033,0.4348226087290726,0.030562135459530737,181,332
4179,0.39809113159883935,0.49379549856408195,-0.0957043669652426,181,291
4180,0.4810917317732565,0.360655954917074,0.12043577685618251,181,333
4181,0.48633975608765523,0.4366834418989862,0.049656314188669004,181,292
4182,0.48721539934158103,0.46982067222894014,0.017394727112640895,181,322
4183,0.47092508522358384,0.4528896792310006,0.018035405992583242,181,330
4184,0.3796530528794126,0.44215506919101927,-0.06250201631160668,181,322
4185,0.5170593345767174,0.5464289537970045,-0.029369619220287135,181,283
4186,0.45357603324365453,0.4626782585512745,-0.009102225307619949,181,316
4187,0.4209140878661742,0.4493842481834677,-0.028470160317293547,181,327
4188,0.36846434645373316,0.4274265523329645,-0.058962205879231344,181,320
4189,0.4516213290788055,0.4746531708937724,-0.023031841814966925,181,354
4190,0.48194182336508895,0.4475205237566861,0.034421299608402844,181,320
4191,0.4667227886612549,0.42212474586014226,0.044598042801112625,181,346
4192,0.4325560416882396,0.42914013693357844,0.0034159047546611365,181,326
4193,0.3424862017260445,0.43243190437223794,-0.08994570264619345,181,323
4194,0.4575949714605177,0.4386777327351114,0.018917238725406293,181,320
4195,0.41318954830325366,0.4576514352890788,-0.04446188698582515,181,323
4196,0.44950736140911113,0.4679507279384961,-0.018443366529384997,181,310
4197,0.4557606967905971,0.4061063504794384,0.049654346311158726,181,326
4198,0.5024646979614501,0.47588379644314804,0.026580901518302058,181,326
4199,0.5218466797124008,0.43379602747267587,0.08805065223972497,181,338
4200,0.42861832544855855,0.48906572528225223,-0.06044739983369368,181,325
4201,0.42774003355685836,0.4997601398674849,-0.07202010631062655,181,311
4202,0.44474324533948445,0.394318199458163,0.05042504588132146,181,320
4203,0.490224722435418,0.4647169263610961,0.025507796074321853,181,335
4204,0.48143761000903856,0.5510275607184949,-0.06958995070945634,181,307
4205,0.45081116702978724,0.4732899289316851,-0.022478761901897848,181,317
4206,0.4695381987965249,0.5477160519861612,-0.07817785318963633,181,298
4207,0.49287383429174475,0.4579108947122582,0.03496293957948654,181,344
4208,0.45433680282152367,0.4502608555720868,0.004075947249436884,181,313
4209,0.4969715481958444,0.4804211051056754,0.01655044309016901,181,305
4210,0.44058999580344593,0.4626272260101846,-0.022037230206738645,181,294
4211,0.37122573074812415,0.43842667790943646,-0.06720094716131231,181,297
4212,0.4350612681357801,0.4218188037308056,0.013242464404974508,181,328
4213,0.4642763750216615,0.4482183064205186,0.01605806860114295,181,353
4214,0.43877868575009177,0.4210507303252009,0.017727955424890862,181,348
4215,0.4571550174885676,0.46654922560419065,-0.009394208115623026,181,325
4216,0.460938390216951,0.55090083020987,-0.08996243999291903,181,296
4217,0.46282548268610985,0.4180357963143827,0.044789686371727144,181,325
4218,0.46124121928910566,0.5437681273749276,-0.08252690808582197,181,293
4219,0.4884921456923875,0.4284742790208457,0.0600178666715418,181,320
4220,0.4380213113889986,0.4734414489541563,-0.03542013756515772,181,328
4221,0.4751628439876478,0.4472673315934174,0.027895512394230382,181,321
4222,0.5076311406652724,0.5097937989875122,-0.00216265832223983,181,298
4223,0.46921678805363826,0.4380564459915955,0.031160342062042767,181,337
4224,0.4574483122004661,0.4553489712156677,0.0020993409847984146,181,314
4225,0.45421860056006397,0.44146424858058003,0.012754351979483936,181,335
4226,0.45909569376514325,0.4062128406921651,0.05288285307297813,181,375
4227,0.44356679287099265,0.3968737265219147,0.04669306634907794,181,363
4228,0.4141546471097027,0.4478101458290138,-0.03365549871931112,181,328
4229,0.5076756918334306,0.4809428268377564,0.026732864995674233,181,310
4230,0.33464823565531343,0.4308900533552692,-0.09624181769995577,181,331
4231,0.4588410691541653,0.4655612244897959,-0.00672015533563064,181,302
4232,0.47276764241049957,0.5084791207153238,-0.035711478304824185,181,304
4233,0.43667188210552726,0.5236553159632436,-0.08698343385771629,181,296
4234,0.48032282839777213,0.5610749600659668,-0.08075213166819467,181,287
4235,0.4010799774455237,0.4032295457865686,-0.002149568341044905,181,325
4236,0.40156416707954756,0.5054462329213799,-0.10388206584183235,181,308
4237,0.4900079837015401,0.508116532856936,-0.018108549155395948,181,298
4238,0.5024064683730901,0.45993329061976873,0.04247317775332138,181,338
4239,0.48707801197436895,0.4575686130232972,0.02950939895107174,181,309
4240,0.35503800963623416,0.4463073064285111,-0.09126929679227691,181,330
4241,0.47999849708572073,0.5170477537045062,-0.03704925661878544,181,296
4242,0.4571900797632119,0.4598412250648253,-0.002651145301613367,181,347
4243,0.4763747095748294,0.46373792654458895,0.012636783030240462,181,319
4244,0.4910579892348976,0.5028718795632507,-0.011813890328353172,181,344
4245,0.5120123655716071,0.5618944524077844,-0.04988208683617723,181,290
4246,0.4304152853080186,0.4989512510045056,-0.06853596569648701,181,321
4247,0.47882751497151804,0.5514586776329083,-0.0726311626613903,181,310
4248,0.461790517974054,0.49331607911981995,-0.031525561145765935,181,310
4249,0.4401657091753961,0.45620782299440743,-0.016042113819011328,181,307
4250,0.4455854646365633,0.48965755789415555,-0.04407209325759226,181,291
4251,0.46228362094409986,0.4809232960044832,-0.01863967506038333,181,320
4252,0.44682629649268407,0.47511338608647097,-0.028287089593786896,181,315
4253,0.4828869886825388,0.46160044935712646,0.021286539325412357,181,295
4254,0.4382918356176625,0.5030334987761086,-0.0647416631584461,181,299
4255,0.4833379272182358,0.39702438029714343,0.08631354692109239,181,329
4256,0.4421201622537726,0.48035719210106065,-0.03823702984728805,181,294
4257,0.474017173458292,0.5021654547256688,-0.028148281267376785,181,289
4258,0.4208776933526285,0.529826791659458,-0.10894909830682953,181,297
4259,0.47903899755860124,0.45540892814412803,0.02363006941447321,181,333
4260,0.46824433956045164,0.4763091789571622,-0.008064839396710544,181,302
4261,0.5025531958198319,0.4565963194944671,0.045956876325364826,181,321
4262,0.4385119527632437,0.5017361814909188,-0.06322422872767514,181,318
4263,0.41822470660921934,0.47674268097764905,-0.058517974368429704,181,315
4264,0.4092092020371492,0.45168572501397136,-0.04247652297682214,181,300
4265,0.4639222645579971,0.47561137602544784,-0.011689111467450719,181,309
4266,0.4874708061754931,0.5112195095189346,-0.02374870334344148,181,285
4267,0.5025368686201721,0.4866476879522959,0.0158891806678762,181,293
4268,0.42640204292205447,0.38705426256360337,0.0393477803584511,181,344
4269,0.4807831318627715,0.4972355736913971,-0.016452441828625597,181,303
4270,0.4518686901640359,0.4763322798500434,-0.02446358968600748,181,304
4271,0.43857491718261477,0.44471563993634927,-0.006140722753734507,181,316
4272,0.5005589020867774,0.43126754867730605,0.0692913534094714,181,317
4273,0.4796366837932683,0.5051597310248817,-0.02552304723161336,181,283
4274,0.4584197860245659,0.5355732536917206,-0.0771534676671547,181,293
4275,0.4617484358255513,0.48908228445659974,-0.02733384863104843,181,292
4276,0.45435929277571224,0.42072618836907844,0.03363310440663381,181,309
4277,0.4515568797580549,0.5059439071437508,-0.054387027385695896,181,307
4278,0.46330330019540733,0.4839591959439166,-0.02065589574850929,181,356
4279,0.41308467554217676,0.43300765616210785,-0.019922980619931085,181,345
4280,0.49510955765309167,0.46886184415423365,0.026247713498858016,181,309
4281,0.4193457854386756,0.49391349328179507,-0.07456770784311945,181,302
4282,0.4687363902529152,0.5336272741928791,-0.06489088393996395,181,297
4283,0.40859649723948677,0.4729847776810108,-0.06438828044152406,181,333
4284,0.4508615262837926,0.5355494491203118,-0.08468792283651916,181,297
4285,0.4123677770251848,0.4478870152656129,-0.03551923824042813,181,304
4286,0.4789242044331977,0.4165189627801418,0.06240524165305594,181,366
4287,0.4584812576639971,0.5341304734479201,-0.07564921578392297,181,310
4288,0.3851511612386986,0.4773330812622372,-0.09218192002353864,181,330
4289,0.4957147418616322,0.47312953554607473,0.022585206315557493,181,307
4290,0.42293970006848264,0.5144214745899675,-0.09148177452148482,181,283
4291,0.4208619804373859,0.428696998259853,-0.00783501782246715,181,349
4292,0.5261428878450155,0.5057648158204412,0.020378072024574312,181,290
4293,0.4444784439032859,0.5522100804787337,-0.10773163657544776,181,289
4294,0.4773288990158479,0.4363568326270649,0.040972066388783035,181,360
4295,0.4336683149426018,0.4669802677306401,-0.033311952788038335,181,330
4296,0.43600486254093024,0.46375033784952047,-0.02774547530859023,181,325
4297,0.47458035988761543,0.45842699398600023,0.016153365901615202,181,318
4298,0.40072868525982397,0.502068156161208,-0.10133947090138407,181,290
4299,0.4626593884262337,0.518280916420005,-0.055621527993771236,181,315
4300,0.40736238131616276,0.5542475536144139,-0.14688517229825115,181,285
4301,0.35252161006329624,0.4027044952769993,-0.050182885213703066,181,340
4302,0.35927626503050863,0.44646735041360025,-0.08719108538309162,181,349
4303,0.4918591595476949,0.5015086143347293,-0.009649454787034384,181,309
4304,0.43222912353347137,0.46896591476618843,-0.03673679123271706,181,300
4305,0.4354479169310052,0.3988567702313151,0.0365911466996901,181,349
4306,0.40001976218353646,0.4615080031639495,-0.061488240980413056,181,311
4307,0.44999557966177367,0.5289135332367224,-0.07891795357494874,181,284
4308,0.43529855771565423,0.4537625209943104,-0.01846396327865618,181,331
4309,0.5384298660620387,0.4990768399959327,0.03935302606610597,181,315
4310,0.4424454097543326,0.5216390131020139,-0.07919360334768127,181,287
4311,0.4265717540190998,0.4699456622457786,-0.0433739082266788,181,335
4312,0.45100823126927886,0.46522776718271075,-0.014219535913431891,181,319
4313,0.43487528077339127,0.43740382568671315,-0.002528544913321884,181,334
4314,0.5130361586883325,0.47358821464279366,0.03944794404553886,181,303
4315,0.4246508144121138,0.5244034292009798,-0.09975261478886605,181,306
4316,0.46120621913023846,0.3895612039986417,0.07164501513159677,181,338
4317,0.4093165166426408,0.4345660076093188,-0.025249490966678,181,354
4318,0.511923390282703,0.5526991857349001,-0.04077579545219712,181,282
4319,0.41366008962202094,0.4064101277475595,0.007249961874461419,181,369
4320,0.4347265095798764,0.4121012904833002,0.02262521909657622,181,343
4321,0.4429964719892353,0.42872877374436735,0.014267698244867955,181,358
4322,0.4445490172538376,0.4497722977959365,-0.005223280542098918,181,337
4323,0.5371826514921199,0.47481504391560553,0.06236760757651433,181,325
4324,0.460757309611818,0.4626138903416554,-0.0018565807298374093,181,291
4325,0.494444390997967,0.5039681475928341,-0.00952375659486715,181,321
4326,0.4397737287679969,0.47711055845651346,-0.03733682968851654,181,333
4327,0.4747744446637436,0.4930799643985991,-0.018305519734855502,181,313
4328,0.38339138903458075,0.44401038780279567,-0.060618998768214916,181,297
4329,0.47926639539858107,0.47166626008205664,0.007600135316524426,181,329
4330,0.4802914205975431,0.46243441155284926,0.01785700904469384,181,327
4331,0.48960538104090245,0.48093130537906953,0.008674075661832925,181,326
4332,0.33733457708612985,0.48069844479145035,-0.1433638677053205,181,316
4333,0.500728034442343,0.5301197824667625,-0.029391748024419462,181,285
4334,0.4725308475522554,0.4750586691810335,-0.0025278216287781263,181,328
4335,0.3976357156366002,0.470803420861402,-0.07316770522480176,181,319
4336,0.4645541904241265,0.43514741242761257,0.029406777996513922,181,325
4337,0.46813611669370986,0.44554705079993456,0.022589065893775295,181,310
4338,0.49473356786395417,0.4672767855903179,0.027456782273636293,181,292
4339,0.4037070529248251,0.369475736478842,0.034231316445983095,181,365
4340,0.4647331504474361,0.46244538848273287,0.002287761964703261,181,304
4341,0.45414630726951005,0.5064010126334846,-0.05225470536397453,181,314
4342,0.47029128943302173,0.4645096102665399,0.005781679166481812,181,304
4343,0.45361826674532396,0.44067655661107796,0.012941710134245998,181,332
4344,0.46676920626411267,0.4263172214212386,0.040451984842874045,181,293
4345,0.46336989107795706,0.46777739528850554,-0.004407504210548474,181,312
4346,0.45572322023214884,0.4667421578213843,-0.011018937589235445,181,330
4347,0.509248957303486,0.48989431976878345,0.019354637534702512,181,296
4348,0.40766567123245895,0.4707917708857558,-0.06312609965329685,181,353
4349,0.4699850501443973,0.4669853087678586,0.0029997413765386893,181,306
4350,0.4427911552064942,0.4902607462190659,-0.0474695910125717,181,302
4351,0.43729081796653085,0.5023887395334918,-0.06509792156696098,181,297
4352,0.4385365977200041,0.5556899555282722,-0.11715335780826808,181,290
4353,0.40585671977960835,0.4566418295978777,-0.050785109818269336,181,353
4354,0.36695523499354304,0.41270441569562266,-0.04574918070207962,181,347
4355,0.501285743498868,0.4957942642153168,0.005491479283551204,181,313
4356,0.47379384170621286,0.5247678807074457,-0.050974039001232874,181,321
4357,0.42716872274722123,0.4922224373937148,-0.06505371464649357,181,300
4358,0.48142988193137287,0.509450557428994,-0.02802067549762116,181,313
4359,0.4842099388604502,0.48164077691232665,0.002569161948123566,181,316
4360,0.3391811165124508,0.42956645082772316,-0.09038533431527235,181,348
4361,0.36696580855613387,0.4860646291987779,-0.11909882064264404,181,320
4362,0.46027674725323703,0.48213503792321527,-0.021858290669978242,181,344
4363,0.4514782639087476,0.4736401456208787,-0.02216188171213107,181,346
4364,0.4492391318130235,0.4367183127431575,0.012520819069866018,181,338
4365,0.4672138573721262,0.48568266473614735,-0.018468807364021178,181,311
4366,0.4698373015147987,0.4259163108000318,0.043920990714766905,181,322
4367,0.48536066758086355,0.48756204624558375,-0.0022013786647201994,181,333
4368,0.5040191138551794,0.4700150604767867,0.034004053378392685,181,296
4369,0.43030493387863433,0.4646202895427568,-0.03431535566412247,181,337
4370,0.471326510246828,0.48701034086756795,-0.01568383062073997,181,307
4371,0.47590138693595724,0.5110164827332396,-0.03511509579728239,181,297
4372,0.5206855755238033,0.48737234615093994,0.03331322937286341,181,283
4373,0.5311881178577819,0.5387429374553204,-0.007554819597538565,181,294
4374,0.4684724413842706,0.46800321226548564,0.0004692291187849418,181,318
4375,0.41602026556090166,0.4339971084868294,-0.017976842925927716,181,317
4376,0.45076388122359307,0.48849375936969197,-0.037729878146098905,181,318
4377,0.5232726702755867,0.5301722432657535,-0.006899572990166858,181,277
4378,0.39435719666833347,0.44930991390215663,-0.05495271723382317,181,321
4379,0.42109040256119634,0.4681599542718367,-0.04706955171064037,181,323
4380,0.4584440861533667,0.44100869890343575,0.017435387249930934,181,296
4381,0.39605392242313914,0.41949851995007925,-0.023444597526940114,181,318
4382,0.4230134566170508,0.4531714350732784,-0.030157978456227585,181,339
4383,0.3312271573378344,0.4114661381430623,-0.0802389808052279,181,351
4384,0.4880122677750762,0.4907126238132869,-0.0027003560382106717,181,331
4385,0.45976750730096594,0.4248420841182928,0.034925423182673165,181,361
4386,0.4646111317155589,0.4806614971088655,-0.01605036539330662,181,305
4387,0.48977973355628324,0.466047318631971,0.023732414924312217,181,326
4388,0.5044472850243679,0.4168405928153306,0.08760669220903727,181,296
4389,0.489221848209334,0.4404105929867397,0.04881125522259433,181,302
4390,0.44786332651722977,0.41089774626994136,0.03696558024728841,181,350
4391,0.45931003718915403,0.47980135853661415,-0.020491321347460123,181,304
4392,0.4364488479468299,0.45606846305042,-0.01961961510359006,181,341
4393,0.4693279993819989,0.4836298882710909,-0.014301888889092007,181,299
4394,0.45895160374804606,0.4514464371607229,0.007505166587323142,181,285
4395,0.458644052026405,0.5247672187376458,-0.06612316671124074,181,287
4396,0.4437917353922455,0.44844389525657913,-0.004652159864333649,181,301
4397,0.45902789437414854,0.5088532782410333,-0.04982538386688479,181,316
4398,0.43589086394074306,0.5141256330661043,-0.0782347691253612,181,282
4399,0.42071721692377767,0.47779165279165287,-0.057074435867875195,181,300
4400,0.42249069846983167,0.4979874308533147,-0.07549673238348303,181,316
4401,0.38087407370688064,0.5352221289975051,-0.15434805529062445,181,293
4402,0.46655720553804175,0.4605045311739082,0.006052674364133537,181,303
4403,0.46371151971811114,0.46718368849288056,-0.003472168774769413,181,295
4404,0.4179511228910969,0.47719297386166687,-0.05924185097056994,181,313
4405,0.3942141264532569,0.41618500828227273,-0.021970881829015854,181,320
4406,0.45140078390379107,0.41447767682239733,0.036923107081393736,181,339
4407,0.4097413280035416,0.4253636885322129,-0.015622360528671275,181,327
4408,0.45753488448120516,0.5091436883089623,-0.05160880382775712,181,292
4409,0.5063370395268353,0.4391828287617701,0.06715421076506517,181,338
4410,0.500882835558952,0.45010040265319473,0.050782432905757235,181,313
4411,0.4550407778929146,0.45448692575660654,0.0005538521363080418,181,313
4412,0.4872139832661006,0.5251933515896184,-0.03797936832351784,181,287
4413,0.4848028294191412,0.47170121834124157,0.013101611077899644,181,322
4414,0.4966473619516778,0.5012235610857032,-0.004576199134025405,181,305
4415,0.36453663985582946,0.4706716285663654,-0.10613498871053595,181,314
4416,0.4771626202834639,0.4218665468695385,0.055296073413925395,181,334
4417,0.48347347044236677,0.5618145291183234,-0.07834105867595664,181,286
4418,0.48240674874800543,0.46088244973693887,0.02152429901106656,181,324
4419,0.49099968560674456,0.49241220800832075,-0.0014125224015761884,181,297
4420,0.45048410534207256,0.4571531211383592,-0.006669015796286648,181,313
4421,0.46720531950030114,0.47028210519755087,-0.0030767856972497287,181,324
4422,0.46158608385039746,0.4300258655204358,0.03156021832996164,181,320
4423,0.3805537727808181,0.41693732888433555,-0.036383556103517456,181,320
4424,0.4762839231029687,0.4558720509182795,0.020411872184689206,181,362
4425,0.47598937334220237,0.4734951763616224,0.0024941969805799546,181,310
4426,0.4669415547881964,0.44669782192145974,0.02024373286673664,181,268
4427,0.37754532273405583,0.48752806838652984,-0.10998274565247401,181,302
4428,0.5247542471779535,0.48342552554475887,0.04132872163319462,181,305
4429,0.4812952215787251,0.47518709666666237,0.006108124912062751,181,322
4430,0.47875380316114213,0.4333448830478362,0.04540892011330594,181,334
4431,0.4630960355156555,0.5154693063205783,-0.05237327080492282,181,293
4432,0.42046264617297885,0.42828608549651753,-0.007823439323538683,181,299
4433,0.4586283777747192,0.4700072649942048,-0.0113788872194856,181,320
4434,0.48670556591525954,0.4757296912894758,0.010975874625783755,181,317
4435,0.3991360113809093,0.5210257514919113,-0.12188974011100201,181,301
4436,0.4403956714365189,0.4526112217137146,-0.012215550277195675,181,327
4437,0.44143128451094055,0.4801636999781082,-0.03873241546716766,181,307
4438,0.4465790307253722,0.46456594157426234,-0.017986910848890147,181,299
4439,0.4584429885389767,0.43229576882047394,0.026147219718502757,181,351
4440,0.47001395877622215,0.40072328493244275,0.0692906738437794,181,356
4441,0.45816833775763827,0.45910631602310964,-0.0009379782654713731,181,318
4442,0.49413419503139605,0.4931812191564325,0.0009529758749635686,181,296
4443,0.4980120470043712,0.49460076844307127,0.003411278561299913,181,322
4444,0.33998805488931755,0.42888676898038075,-0.0888987140910632,181,334
4445,0.4515477431443818,0.4540766964991745,-0.0025289533547926957,181,356
4446,0.45857768355266676,0.4607369594039614,-0.002159275851294662,181,319
4447,0.42351615641423884,0.4757478500815694,-0.05223169366733055,181,316
4448,0.35634001196511067,0.4893378831201463,-0.13299787115503564,181,305
4449,0.463670414080615,0.44146533683022365,0.022205077250391336,181,316
4450,0.4121873662197254,0.4485921544484709,-0.03640478822874549,181,320
4451,0.45149367202527274,0.49735483300172306,-0.04586116097645032,181,311
4452,0.41002174111184125,0.4809898564997637,-0.07096811538792247,181,293
4453,0.4961229289527024,0.4783677486547818,0.01775518029792056,181,303
4454,0.47105402585062295,0.42703994723347327,0.04401407861714968,181,308
4455,0.4645571630288992,0.48092977498310907,-0.01637261195420986,181,332
4456,0.4716396993366591,0.5269159008868453,-0.055276201550186144,181,304
4457,0.4936910557729847,0.501722659187448,-0.00803160341446324,181,302
4458,0.4516236046036885,0.4574010904096387,-0.005777485805950222,181,339
4459,0.4906440426667774,0.47654030537706926,0.014103737289708151,181,311
4460,0.432015609737119,0.49820977893731244,-0.06619416920019344,181,323
4461,0.47311137522988395,0.5011892455853343,-0.02807787035545034,181,294
4462,0.4979404944190861,0.4707731450682853,0.027167349350800785,181,283
4463,0.4829553634525346,0.524315960026873,-0.04136059657433838,181,314
4464,0.4233872342346919,0.4855192447043053,-0.06213201046961342,181,322
4465,0.4545537554952778,0.3915642336172137,0.06298952187806411,181,364
4466,0.45653208702541,0.522003273568073,-0.06547118654266298,181,277
4467,0.4330237977369847,0.4324428810988558,0.00058091663812887,181,331
4468,0.5192603229549043,0.49012578853592403,0.029134534418980285,181,293
4469,0.39464287104859974,0.4042856674685352,-0.009642796419935484,181,358
4470,0.4632197323373794,0.4077350690224212,0.055484663314958216,181,330
4471,0.4709199004657324,0.4912235733205589,-0.020303672854826482,181,295
4472,0.45494193218147055,0.49807370278904756,-0.043131770607577,181,299
4473,0.45854719609987704,0.5220969668606097,-0.06354977076073265,181,300
4474,0.4129879923597947,0.42446773037302776,-0.011479738013233043,181,332
4475,0.48908413897141095,0.47589021426230727,0.013193924709103688,181,335
4476,0.4175334493000863,0.5095372814613254,-0.09200383216123909,181,309
4477,0.43315857872472446,0.48603408429541706,-0.052875505570692594,181,321
4478,0.5093932631020817,0.5392908472942681,-0.029897584192186466,181,291
4479,0.4875599603896858,0.42213325464697576,0.06542670574271003,181,312
4480,0.46704988150709853,0.525821779939366,-0.05877189843226743,181,307
4481,0.5053533441228237,0.5599261473932867,-0.05457280327046299,181,295
4482,0.4799652783990133,0.45189542197422605,0.028069856424787265,181,319
4483,0.4539218525785142,0.4726580933376695,-0.01873624075915531,181,286
4484,0.47710852561058303,0.47825980330776335,-0.0011512776971803196,181,309
4485,0.44573396735937315,0.430134585090912,0.015599382268461137,181,312
4486,0.40919004905528505,0.4081299813304336,0.0010600677248514545,181,330
4487,0.48682975528948236,0.4398914696783502,0.04693828561113217,181,327
4488,0.41848795962139285,0.5286008442682354,-0.11011288464684255,181,285
4489,0.44900850309198764,0.4324256340090621,0.016582869082925555,181,310
4490,0.4450005475332079,0.49261906873485434,-0.047618521201646447,181,323
4491,0.4735779151901399,0.4509680819696299,0.022609833220510023,181,317
4492,0.41920860027051005,0.44218328582654953,-0.022974685556039487,181,339
4493,0.47449898316508043,0.5366854791375673,-0.06218649597248682,181,297
4494,0.43602285728940954,0.43898894306836206,-0.002966085778952521,181,346
4495,0.448828777974911,0.5084166698418561,-0.059587891866945075,181,289
4496,0.41511960261960257,0.4563605801170737,-0.04124097749747113,181,319
4497,0.38635161431514015,0.5102283705364469,-0.12387675622130673,181,301
4498,0.4739645930971098,0.4751504184297991,-0.0011858253326892942,181,311
4499,0.4039182060098608,0.400980534058875,0.002937671950985765,181,347
4500,0.43968138203183943,0.40364670786584567,0.03603467416599376,181,346
4501,0.5077552808098684,0.4662589489130021,0.0414963318968663,181,344
4502,0.4655276941174627,0.5182883833949398,-0.05276068927747707,181,292
4503,0.43194108107776236,0.4790345069478298,-0.04709342587006743,181,308
4504,0.5079221305472211,0.521881479644467,-0.013959349097245832,181,299
4505,0.4417091238245637,0.4985354328061669,-0.056826308981603235,181,299
4506,0.44445514911351997,0.4838344222536817,-0.03937927314016171,181,324
4507,0.43801899357332175,0.44252788834832174,-0.004508894774999994,181,368
4508,0.3528194237426908,0.4729233890737154,-0.12010396533102458,181,330
4509,0.4779203200713883,0.4698426069241491,0.008077713147239207,181,321
4510,0.49659627297253117,0.5325839010918092,-0.035987628119278026,181,293
4511,0.4666230149370541,0.5365476248131628,-0.06992460987610866,181,291
4512,0.5362228664834602,0.4534343464203679,0.08278852006309229,181,309
4513,0.4634907096107535,0.47161073808749965,-0.008120028476746144,181,322
4514,0.44224270154905565,0.4949576987151092,-0.052714997166053545,181,307
4515,0.4706005274586195,0.46237462160868875,0.00822590584993077,181,309
4516,0.4656749001671437,0.47842882473517356,-0.012753924568029873,181,311
4517,0.35827140039497907,0.3733303241477644,-0.015058923752785336,181,378
4518,0.4497403534493826,0.49864205364310205,-0.04890170019371942,181,298
4519,0.4233819998315474,0.5584955009980569,-0.1351135011665095,181,292
4520,0.5027490503994871,0.4404658833230261,0.06228316707646103,181,325
4521,0.44190148265841234,0.43312674754317365,0.008774735115238685,181,312
4522,0.4414845481179118,0.5217037388999551,-0.08021919078204331,181,289
4523,0.4336204997564463,0.4836883455798867,-0.05006784582344043,181,334
4524,0.40274661280950586,0.4697249806964489,-0.06697836788694306,181,329
4525,0.5086311268797812,0.4956278427692708,0.013003284110510382,181,307
4526,0.42790780042618637,0.4380305489299663,-0.010122748503779921,181,347
4527,0.4641836413327239,0.5117646416116279,-0.04758100027890405,181,307
4528,0.5261807746461408,0.44760675129006194,0.07857402335607883,181,303
4529,0.48038327824746263,0.48055293167348884,-0.00016965342602620614,181,299
4530,0.4545242029354481,0.42423784359472344,0.030286359340724656,181,359
4531,0.3982580051073202,0.45556962318592087,-0.05731161807860069,181,330
4532,0.39701178386249364,0.5193273885070698,-0.12231560464457619,181,289
4533,0.5062252865479137,0.429502388609765,0.07672289793814868,181,315
4534,0.4925446959407661,0.4045223453008918,0.08802235063987429,181,339
4535,0.4314186848938362,0.5057542136623769,-0.07433552876854072,181,323
4536,0.5048115510124617,0.4263885973970007,0.07842295361546098,181,310
4537,0.49318346175489036,0.4537083023350487,0.03947515941984164,181,327
4538,0.48404264215798337,0.4631493506493506,0.020893291508632783,181,309
4539,0.4364467058471087,0.49609832829560174,-0.059651622448493036,181,329
4540,0.47686255664027416,0.48002204972738294,-0.003159493087108778,181,299
4541,0.5040516421622413,0.4991498635023911,0.004901778659850198,181,303
4542,0.445816114866756,0.48098709954405844,-0.03517098467730245,181,309
4543,0.47729337705823244,0.4435475714570331,0.03374580560119933,181,327
4544,0.3618209884571602,0.44062537785838757,-0.07880438940122736,181,312
4545,0.4994944075330695,0.45961763384188165,0.03987677369118786,181,313
4546,0.4884847402104452,0.5445359286566044,-0.056051188446159195,181,318
4547,0.49787407192347616,0.55652092074402,-0.058646848820543884,181,292
4548,0.44365955778225225,0.46182758088651854,-0.018168023104266295,181,324
4549,0.46921884087827,0.4406680020318992,0.028550838846370774,181,338
4550,0.3957761228017846,0.4889810733730879,-0.09320495057130329,181,318
4551,0.3804406327745625,0.49134181339177124,-0.11090118061720872,181,300
4552,0.4731828843933189,0.5080717825310692,-0.03488889813775031,181,329
4553,0.4600002540639015,0.4885535212182087,-0.028553267154307227,181,307
4554,0.49394143006558655,0.4643770469063515,0.02956438315923504,181,320
4555,0.44369109601567897,0.4223477232609258,0.021343372754753176,181,338
4556,0.5285200712996007,0.5258409940202377,0.002679077279363007,181,276
4557,0.44098377812663525,0.41673800303831365,0.024245775088321597,181,345
4558,0.5034927756448453,0.4596997146788751,0.04379306096597019,181,328
4559,0.44182579330103755,0.4540580917051505,-0.01223229840411294,181,300
4560,0.48644238089802105,0.5168276715074744,-0.030385290609453386,181,307
4561,0.4631191769603787,0.4906775854741357,-0.027558408513757016,181,322
4562,0.488445989428441,0.4076442669108262,0.08080172251761475,181,333
4563,0.46904809501208256,0.4596792147243369,0.009368880287745629,181,331
4564,0.41637643143722725,0.45428486330129036,-0.03790843186406312,181,320
4565,0.4733663156462794,0.43723712801328535,0.03612918763299405,181,341
4566,0.4676220663071226,0.4176082884744302,0.050013777832692397,181,348
4567,0.4650639635640865,0.43261175101634386,0.032452212547742665,181,337
4568,0.4362798353723894,0.4213366369605393,0.0149431984118501,181,352
4569,0.4083235226457732,0.5221615743331935,-0.11383805168742034,181,289
4570,0.45568282786379516,0.4917537636197103,-0.036070935755915134,181,320
4571,0.46783105980001294,0.5035143712032477,-0.035683311403234774,181,309
4572,0.44100521234116963,0.4616460542642614,-0.02064084192309179,181,344
4573,0.32343289476377374,0.3994048477745112,-0.07597195301073745,181,354
4574,0.4966349159950535,0.4413056559338004,0.055329260061253105,181,365
4575,0.36059814465154316,0.40780192225655376,-0.0472037776050106,181,355
4576,0.4635420941949123,0.4725457203685526,-0.009003626173640256,181,336
4577,0.4728700605135852,0.4054497088742203,0.06742035163936488,181,332
4578,0.4728836710427227,0.53656107323136,-0.06367740218863732,181,288
4579,0.4723573636308758,0.48385645692147455,-0.011499093290598728,181,309
4580,0.4478858209950647,0.39503590157040364,0.05284991942466105,181,319
4581,0.40877703286162964,0.5047171905199327,-0.09594015765830305,181,304
4582,0.4487169795017564,0.43321773581874584,0.015499243683010533,181,357
4583,0.45193959859321653,0.4927995434373588,-0.04085994484414229,181,315
4584,0.409820488849788,0.4287513205533657,-0.018930831703577677,181,326
4585,0.4194892083688132,0.5211078127898393,-0.1016186044210261,181,330
4586,0.4576319132699174,0.4228145847402426,0.03481732852967484,181,352
4587,0.3999736864390772,0.411835571466243,-0.011861885027165786,181,354
4588,0.42671534643517406,0.4521540107935341,-0.025438664358360064,181,320
4589,0.45771381270729333,0.47331562056646853,-0.015601807859175199,181,295
4590,0.4155260755564707,0.48747849917154584,-0.07195242361507515,181,316
4591,0.46794826578081344,0.49155829780807936,-0.023610032027265915,181,297
4592,0.5189557641238313,0.5156875967643585,0.0032681673594727734,181,306
4593,0.4257992365618656,0.4867120597040287,-0.06091282314216312,181,303
4594,0.4684291467418511,0.49027105343748545,-0.02184190669563435,181,307
4595,0.4543075294954994,0.38604558812454404,0.06826194137095537,181,319
4596,0.448055115537659,0.43592250814785816,0.01213260738980082,181,280
4597,0.46380234088473155,0.5008841584834418,-0.037081817598710265,181,314
4598,0.4665913991445906,0.48407173326736413,-0.017480334122773555,181,321
4599,0.42869372472790207,0.4775316106254594,-0.04883788589755733,181,315
4600,0.46431235538990145,0.449068265765305,0.015244089624596446,181,327
4601,0.44764207740589296,0.4506401463828425,-0.0029980689769495417,181,293
4602,0.4655659937076018,0.4377910663504108,0.027774927357191004,181,326
4603,0.4017863801785698,0.44100983854701037,-0.039223458368440545,181,331
4604,0.4515179835141324,0.42818523650235846,0.023332747011773958,181,307
4605,0.4836645947903601,0.46194425149753826,0.021720343292821853,181,329
4606,0.4699753971067335,0.5343194317283227,-0.06434403462158927,181,285
4607,0.4617000407919766,0.5091859683075048,-0.04748592751552827,181,303
4608,0.46824622678281214,0.5066731824495799,-0.03842695566676779,181,301
4609,0.4484396235678104,0.45380777952206525,-0.005368155954254827,181,336
4610,0.5204017589322909,0.5067558363671777,0.013645922565113211,181,303
4611,0.4581603790524112,0.45099553652506197,0.0071648425273492244,181,313
4612,0.46095811663043146,0.43740240750612436,0.0235557091243071,181,333
4613,0.39222039326351493,0.48770754244269493,-0.09548714917918,181,310
4614,0.45381734422230796,0.42751775146733134,0.02629959275497662,181,342
4615,0.4143973596190345,0.4867607581458982,-0.07236339852686369,181,321
4616,0.5060055133454536,0.5131961511669484,-0.007190637821494761,181,299
4617,0.4593772446885557,0.502082354163517,-0.04270510947496131,181,303
4618,0.46712712875105106,0.4739501003420905,-0.006822971591039451,181,324
4619,0.4330800277041442,0.5144934725941755,-0.08141344489003133,181,294
4620,0.45467344677423344,0.4775603486000167,-0.02288690182578329,181,311
4621,0.4407579870373429,0.5493153480709726,-0.10855736103362967,181,298
4622,0.43722773478248494,0.4620542052562748,-0.02482647047378983,181,313
4623,0.4972024108375139,0.5607409804592904,-0.06353856962177656,181,282
4624,0.44573023291861785,0.34782275962283427,0.09790747329578359,181,358
4625,0.46442956347323555,0.45755759490340475,0.0068719685698308,181,323
4626,0.48943438890137564,0.5121373422411394,-0.022702953339763743,181,293
4627,0.4491328268917783,0.48604350366877175,-0.036910676776993445,181,337
4628,0.41544586777760567,0.403537296508434,0.011908571269171664,181,364
4629,0.4639152808894919,0.5165884199033425,-0.05267313901385057,181,281
4630,0.42397746443942264,0.5036262439672834,-0.07964877952786076,181,305
4631,0.43387342884843616,0.40282220690401493,0.031051221944421226,181,353
4632,0.38354139951027666,0.42063878671209654,-0.037097387201819876,181,347
4633,0.4413364641815005,0.44573689793377663,-0.004400433752276112,181,321
4634,0.4714376335741302,0.4824760147264368,-0.011038381152306598,181,326
4635,0.45218921465033823,0.46272827454548243,-0.010539059895144198,181,325
4636,0.49786359237444355,0.5282139813128692,-0.030350388938425676,181,307
4637,0.4914010963816472,0.4201612654481219,0.07123983093352532,181,334
4638,0.5194969619620559,0.48609251962762856,0.0334044423344273,181,332
4639,0.43984834177920146,0.45230413058958874,-0.01245578881038728,181,351
4640,0.44287100636453414,0.45146649606660005,-0.008595489702065917,181,331
4641,0.47749028749028755,0.47726090717121866,0.00022938031906888368,181,306
4642,0.4907652642439101,0.49055147420175177,0.00021379004215832387,181,319
4643,0.4592823552832725,0.4691048139061243,-0.009822458622851804,181,335
4644,0.4967368465229321,0.4744615067696782,0.02227533975325391,181,335
4645,0.43172643980036407,0.4934404575411202,-0.06171401774075613,181,290
4646,0.4100734633476032,0.51658637840111,-0.1065129150535068,181,299
4647,0.5151931119336123,0.5386845997699801,-0.023491487836367786,181,281
4648,0.43755813922423836,0.4953171108340528,-0.057758971609814413,181,323
4649,0.46755002426420517,0.5114668943418874,-0.043916870077682246,181,286
4650,0.46623402601441655,0.4789335962789843,-0.01269957026456775,181,312
4651,0.49274412436550147,0.49119603262645295,0.0015480917390485183,181,303
4652,0.4658845687853718,0.49032497539646475,-0.024440406611092924,181,322
4653,0.41973168191717514,0.3995538272338533,0.02017785468332184,181,348
4654,0.4267003859994491,0.484426894740767,-0.057726508741317906,181,325
4655,0.3312873615738445,0.47545044392137015,-0.14416308234752567,181,317
4656,0.4879885025393516,0.5326442693526309,-0.04465576681327926,181,299
4657,0.42425648901460294,0.5012609457485234,-0.07700445673392048,181,287
4658,0.4875745396830719,0.43233993991627706,0.055234599766794845,181,328
4659,0.538125370252884,0.5538062605712465,-0.015680890318362506,181,282
4660,0.4560215408228901,0.4207824164562687,0.03523912436662141,181,357
4661,0.36066686542044374,0.5363137256725694,-0.17564686025212567,181,286
4662,0.5155713515981242,0.5276120218831952,-0.012040670285071053,181,317
4663,0.4769695482733117,0.5292881680711296,-0.05231861979781782,181,316
4664,0.46974422552849143,0.5227813841271821,-0.05303715859869068,181,268
4665,0.44868627400464006,0.42687866036683825,0.021807613637801815,181,359
4666,0.49992789078808536,0.49481838027335456,0.005109510514730797,181,305
4667,0.48444949808388377,0.4987536961030937,-0.014304198019209957,181,308
4668,0.4230220163522555,0.4380972386620653,-0.015075222309809788,181,340
4669,0.5156097744054582,0.498659084538417,0.01695068986704118,181,280
4670,0.33950905225378136,0.39465546358403497,-0.05514641133025361,181,356
4671,0.3877746628831469,0.511208412856673,-0.12343374997352607,181,306
4672,0.4845478949584548,0.5047026494562903,-0.020154754497835492,181,282
4673,0.47127386432274365,0.5031262002156235,-0.031852335892879835,181,279
4674,0.4840194626176881,0.46229397394402766,0.02172548867366042,181,343
4675,0.38586428214875007,0.5172046091163739,-0.13134032696762382,181,293
4676,0.4100704931665481,0.449729550714986,-0.039659057548437904,181,331
4677,0.44692847397554825,0.5117681390215009,-0.06483966504595262,181,272
4678,0.44943742119821856,0.48873845190018067,-0.039301030701962114,181,287
4679,0.4955144974464341,0.41841999565358473,0.07709450179284938,181,346
4680,0.46429375450237603,0.4894855399433797,-0.025191785441003645,181,315
4681,0.48370613750867664,0.47425087488758705,0.009455262621089588,181,276
4682,0.48306060269502027,0.44906560424625214,0.03399499844876813,181,311
4683,0.4370042857860835,0.4399870644734053,-0.0029827786873217743,181,315
4684,0.47534289945439767,0.5042053149684935,-0.02886241551409585,181,302
4685,0.40988925228822926,0.4575261646396462,-0.04763691235141693,181,325
4686,0.4341256503675172,0.4480300063788832,-0.01390435601136597,181,320
4687,0.46060317419529667,0.4155062945647664,0.04509687963053027,181,308
4688,0.484900074019245,0.49619229636856377,-0.011292222349318759,181,306
4689,0.46581673466120865,0.42408087630900765,0.041735858352201005,181,367
4690,0.40242864758073144,0.48663643615367036,-0.08420778857293892,181,320
4691,0.449820624725516,0.4662909790318178,-0.016470354306301838,181,296
4692,0.4689017284739034,0.475403181910663,-0.006501453436759619,181,324
4693,0.4420951112030407,0.45906390870845853,-0.016968797505417854,181,317
4694,0.3910628655526615,0.4498366135281348,-0.0587737479754733,181,326
4695,0.44335248896557916,0.48648967085624767,-0.04313718189066851,181,299
4696,0.41347511383638746,0.5067270404324934,-0.09325192659610593,181,318
4697,0.5023744337476036,0.5085028659901542,-0.006128432242550552,181,315
4698,0.3803986093153033,0.47940183391289437,-0.09900322459759109,181,282
4699,0.5110771985561902,0.5459328984088408,-0.03485569985265069,181,280
4700,0.479575685153717,0.4644746431776645,0.015101041976052498,181,312
4701,0.4739680723022034,0.4555784757259261,0.01838959657627731,181,337
4702,0.4490181809781228,0.4790681084006797,-0.03004992742255691,181,323
4703,0.4873743289691957,0.46751156372966246,0.01986276523953323,181,292
4704,0.4429451291152414,0.5320084843115193,-0.08906335519627784,181,295
4705,0.4153661985202661,0.5125340874524852,-0.09716788893221912,181,304
4706,0.4415258003163938,0.4360919090503925,0.005433891266001301,181,333
4707,0.44645392162845854,0.4721503279748217,-0.025696406346363165,181,317
4708,0.44922047766475004,0.4831341410461434,-0.033913663381393344,181,295
4709,0.4941537974460419,0.4418773483108895,0.05227644913515239,181,318
4710,0.4160856786250145,0.48352598422599247,-0.06744030560097797,181,316
4711,0.4325210682913445,0.42019642710824806,0.012324641183096452,181,326
4712,0.5038872472630034,0.45090740428402765,0.05297984297897573,181,330
4713,0.4413448549131297,0.4609656047426945,-0.0196207498295648,181,327
4714,0.48673739830860574,0.47298285531438794,0.0137545429942178,181,319
4715,0.46635213225074973,0.47182227492176104,-0.005470142671011313,181,333
4716,0.3972631249646974,0.45409169463582194,-0.05682856967112454,181,338
4717,0.4327022118725546,0.5065597626573236,-0.07385755078476902,181,302
4718,0.3975548173712222,0.4329998003541577,-0.03544498298293547,181,345
4719,0.4538101213336013,0.45808782362408024,-0.004277702290478913,181,309
4720,0.47915174279780787,0.5244402756820683,-0.045288532884260435,181,298
4721,0.4454231712998729,0.4551510361560211,-0.009727864856148183,181,287
4722,0.42075477810171685,0.49864357283431043,-0.07788879473259358,181,312
4723,0.4529735768602901,0.4162410534445375,0.036732523415752616,181,331
4724,0.44591169762803057,0.46281637834304956,-0.016904680715018994,181,350
4725,0.4185816393291844,0.4796338000061405,-0.06105216067695607,181,306
4726,0.4898375481198377,0.47701208909510495,0.012825459024732755,181,315
4727,0.4703386217045425,0.46702169800380616,0.0033169237007363295,181,303
4728,0.4339392204054554,0.41745982487089695,0.01647939553455846,181,340
4729,0.4299636990990722,0.4275312485458998,0.002432450553172427,181,345
4730,0.42281509993023647,0.4040381594625137,0.01877694046772277,181,318
4731,0.496244462234177,0.4483172037414787,0.0479272584926983,181,319
4732,0.47029281093157055,0.4856699037388957,-0.015377092807325132,181,312
4733,0.44361769298410253,0.3682585393678846,0.07535915361621792,181,368
4734,0.4747090231810409,0.5003915073881475,-0.025682484207106615,181,309
4735,0.5159629893494866,0.5027889574510648,0.013174031898421812,181,289
4736,0.47958718078426343,0.5323459698722067,-0.05275878908794329,181,310
4737,0.4305948956868835,0.4275069054746084,0.003087990212275127,181,350
4738,0.47200856738120367,0.43900133135352365,0.03300723602768002,181,340
4739,0.5019327518078036,0.5891430194241718,-0.08721026761636819,181,287
4740,0.5267452067704392,0.37980336844980617,0.14694183832063307,181,298
4741,0.3489896884140585,0.46706234521313833,-0.11807265679907986,181,327
4742,0.3899522435236721,0.5036119090230049,-0.11365966549933282,181,280
4743,0.5006381316759095,0.47948537138432606,0.021152760291583472,181,272
4744,0.38655845464449035,0.45649511764500633,-0.06993666300051599,181,333
4745,0.3901456224406494,0.4828640778027537,-0.09271845536210432,181,291
4746,0.4762687298718074,0.502166076577925,-0.025897346706117597,181,287
4747,0.468565570735101,0.5064961087415298,-0.037930538006428816,181,292
4748,0.42387718039891953,0.40227800972067207,0.02159917067824746,181,349
4749,0.43338893132883494,0.43442899669353185,-0.0010400653646969182,181,330
4750,0.4862492672433801,0.4985001919361639,-0.012250924692783827,181,290
4751,0.44129226199198035,0.515100182355313,-0.07380792036333261,181,290
4752,0.4421529166825091,0.447759312456537,-0.005606395774027884,181,334
4753,0.48079330143518695,0.4157373032998094,0.06505599813537755,181,356
4754,0.4543987717622994,0.5008389747300293,-0.04644020296772983,181,323
4755,0.45210232314269583,0.45309487661450104,-0.0009925534718052131,181,348
4756,0.41956030133746697,0.41673960332719456,0.0028206980102724044,181,379
4757,0.47192746030453253,0.4622089987893044,0.00971846151522815,181,316
4758,0.4693502957148533,0.5298961774121509,-0.06054588169729758,181,292
4759,0.4884738579598101,0.4778403784909654,0.010633479468844687,181,303
4760,0.3965558123233367,0.46986058496804384,-0.07330477264470714,181,307
4761,0.4035364682094099,0.4395010924234911,-0.0359646242140812,181,321
4762,0.4722340637985682,0.4505009431678599,0.021733120630708314,181,304
4763,0.4936197389091478,0.4663969539874296,0.0272227849217182,181,312
4764,0.5034245516388374,0.5653534326932225,-0.0619288810543851,181,276
4765,0.3636122843624251,0.49691852484548515,-0.13330624048306006,181,305
4766,0.446483436294256,0.4751904521206979,-0.028707015826441862,181,311
4767,0.5088685677401164,0.5198345323433807,-0.010965964603264378,181,289
4768,0.345209706822437,0.4003951860594985,-0.05518547923706146,181,355
4769,0.45431518401753224,0.45593133805246244,-0.0016161540349302062,181,330
4770,0.3788559910744902,0.498145035896797,-0.11928904482230679,181,288
4771,0.44194366203888347,0.43135044720410576,0.010593214834777709,181,324
4772,0.4586670049534557,0.4589002485146589,-0.00023324356120318912,181,347
4773,0.4469504389026858,0.5106725004401358,-0.06372206153744997,181,300
4774,0.4864980751180446,0.48902935656194557,-0.002531281443900968,181,307
4775,0.45230519794124546,0.46681381206695416,-0.014508614125708696,181,312
4776,0.3573699436931643,0.4553518212465767,-0.09798187755341237,181,322
4777,0.4782139456971127,0.47162015914716837,0.006593786549944303,181,312
4778,0.46212250291141604,0.48078015722418,-0.01865765431276395,181,313
4779,0.5032556106025494,0.5279955393251093,-0.024739928722559923,181,301
4780,0.45554714968259685,0.47332495013844633,-0.01777780045584948,181,326
4781,0.48618128355963675,0.46824810165671155,0.0179331819029252,181,324
4782,0.4624315181121263,0.4988898077877152,-0.036458289675588895,181,320
4783,0.477945771193853,0.5064321138910911,-0.0284863426972381,181,337
4784,0.4561952283192885,0.4622258460623057,-0.006030617743017219,181,317
4785,0.4487197847499737,0.4875203854795691,-0.0388006007295954,181,319
4786,0.4913798888330857,0.48523795712735807,0.006141931705727632,181,331
4787,0.44525587015582063,0.40671580044967953,0.0385400697061411,181,365
4788,0.4293502503640752,0.48500339519406876,-0.05565314482999356,181,319
4789,0.49345168629547026,0.5207200737105043,-0.027268387415034068,181,294
4790,0.41714821897078685,0.41819500301084117,-0.001046784040054316,181,327
4791,0.4951040606141089,0.4785857483485942,0.0165183122655147,181,311
4792,0.4792455396225314,0.5047552354275043,-0.02550969580497292,181,286
4793,0.41996507912495973,0.5060290356024857,-0.08606395647752596,181,298
4794,0.42722288141569476,0.43226811099123713,-0.005045229575542376,181,342
4795,0.5252448782925675,0.45664100605277075,0.06860387223979675,181,309
4796,0.3943405307328411,0.5511484146318534,-0.1568078838990123,181,309
4797,0.47217116874819126,0.424954489685026,0.047216679063165234,181,301
4798,0.45926699313915176,0.4138777902080292,0.045389202931122585,181,325
4799,0.44215224938943626,0.5481901230807235,-0.1060378736912872,181,271
4800,0.42489776050436495,0.4724239664887045,-0.04752620598433954,181,320
4801,0.49384050694319687,0.49891200475087066,-0.005071497807673797,181,320
4802,0.435364714650429,0.46853230036132226,-0.03316758571089329,181,316
4803,0.4505714365409326,0.4389995066852652,0.011571929855667407,181,339
4804,0.5228615018376802,0.47921689025323727,0.04364461158444294,181,300
4805,0.43121891480708113,0.4085418004127432,0.02267711439433795,181,348
4806,0.48707445474001565,0.4860963475266132,0.0009781072134024682,181,298
4807,0.42894480713770794,0.47269957187753703,-0.04375476473982909,181,312
4808,0.48631623258885187,0.4634409463978639,0.022875286190987998,181,315
4809,0.4590490283459408,0.4739788916023896,-0.014929863256448794,181,308
4810,0.39513619538568323,0.4814059748391229,-0.08626977945343967,181,348
4811,0.48602609511700423,0.48415125631022515,0.0018748388067790778,181,308
4812,0.3899593411078111,0.45303730958699795,-0.06307796847918684,181,306
4813,0.37345657715676694,0.5186289390263805,-0.14517236186961358,181,289
4814,0.48957492931627955,0.4101852600089991,0.07938966930728047,181,367
4815,0.45793129770641305,0.4095230445147745,0.04840825319163855,181,341
4816,0.46808540939798776,0.38998666569655754,0.07809874370143022,181,376
4817,0.4412777698491984,0.4917077785314637,-0.05043000868226527,181,302
4818,0.4559507910982191,0.5131483735891382,-0.05719758249091911,181,300
4819,0.4200123278629146,0.4251663135854179,-0.005153985722503307,181,319
4820,0.3595866858099854,0.43058931914767157,-0.0710026333376862,181,310
4821,0.48951957214364905,0.4478346587420953,0.041684913401553725,181,324
4822,0.49017330169031936,0.4315950214144859,0.05857828027583345,181,298
4823,0.4378185785677528,0.45771154771977446,-0.019892969152021656,181,330
4824,0.4290154633195988,0.4624080735973319,-0.033392610277733104,181,328
4825,0.4745480066245927,0.5343149544999505,-0.0597669478753578,181,314
4826,0.4020072053130558,0.4482472515370626,-0.04624004622400679,181,320
4827,0.46662204224651693,0.39322331958543266,0.07339872266108427,181,372
4828,0.5170882872205144,0.4322204145573381,0.08486787266317625,181,316
4829,0.4084258645604107,0.46713277967599376,-0.05870691511558307,181,339
4830,0.49219103037790923,0.530377901689217,-0.03818687131130771,181,295
4831,0.47257571114606606,0.5522414475123835,-0.07966573636631741,181,278
4832,0.4360337361186258,0.5153225575944663,-0.07928882147584054,181,292
4833,0.4436844356178318,0.511517752282708,-0.06783331666487624,181,306
4834,0.44099036377294076,0.4651150497388229,-0.02412468596588213,181,344
4835,0.4295478892111305,0.44680168024494316,-0.017253791033812638,181,334
4836,0.47066277529220824,0.4704209357315549,0.00024183956065332302,181,303
4837,0.3927642980580745,0.41380992886345286,-0.021045630805378357,181,334
4838,0.4785255913579129,0.46014871614101965,0.01837687521689324,181,348
4839,0.43693452957845286,0.5310211193505701,-0.0940865897721172,181,292
4840,0.4374016273175937,0.43933843345088036,-0.0019368061332866726,181,342
4841,0.3703554209396298,0.4343454287893647,-0.06399000784973491,181,346
4842,0.4321345705421389,0.49910181833897743,-0.06696724779683855,181,304
4843,0.40769037828340815,0.4590564936980258,-0.051366115414617664,181,309
4844,0.4942799451453778,0.4391623733622478,0.05511757178313004,181,299
4845,0.4756493298929155,0.46669506847525427,0.008954261417661202,181,298
4846,0.4592978964032723,0.4670468739229424,-0.0077489775196701305,181,318
4847,0.43992462139309485,0.5076401427884074,-0.06771552139531256,181,276
4848,0.5089136158323339,0.5589892659038075,-0.05007565007147363,181,306
4849,0.404117764573502,0.472555913646434,-0.068438149072932,181,331
4850,0.47704779450961393,0.4421628969360914,0.03488489757352253,181,348
4851,0.469446089935962,0.4404394773341111,0.02900661260185089,181,289
4852,0.4059700897390467,0.46561894094361617,-0.059648851204569475,181,292
4853,0.43256159764630275,0.4537536045006885,-0.02119200685438577,181,314
4854,0.40461605416961943,0.4810674640513569,-0.07645140988173749,181,331
4855,0.44296303961116695,0.5198465724526081,-0.07688353284144117,181,308
4856,0.41952518082145235,0.5132117257383302,-0.09368654491687783,181,315
4857,0.3912889279192059,0.48985201849246024,-0.09856309057325435,181,308
4858,0.42154357240761403,0.49744252483329887,-0.07589895242568484,181,309
4859,0.4460758781982767,0.4716657029492863,-0.02558982475100957,181,322
4860,0.3374201614705989,0.3832968731403022,-0.04587671166970331,181,363
4861,0.4335429068843012,0.4294958174657423,0.0040470894185589135,181,349
4862,0.48223327940076705,0.4769714804532996,0.005261798947467422,181,298
4863,0.4587006291644086,0.46909049412826664,-0.01038986496385802,181,308
4864,0.4695971256322172,0.5071443700383002,-0.037547244406082925,181,309
4865,0.39083733337934906,0.47073652203356253,-0.07989918865421347,181,320
4866,0.459736686375307,0.4426718573815004,0.017064828993806624,181,329
4867,0.38094029032482973,0.5007550861754393,-0.11981479585060956,181,290
4868,0.4310206453755466,0.46885533094162135,-0.03783468556607478,181,325
4869,0.45266433711729365,0.4809078489923415,-0.028243511875047866,181,318
4870,0.44990751088944186,0.47063764530202323,-0.02073013441258137,181,307
4871,0.4817321678694029,0.5002369399147316,-0.018504772045328688,181,315
4872,0.48633043564395456,0.49398151882623925,-0.00765108318228469,181,313
4873,0.40605554000730254,0.5318963711821805,-0.12584083117487793,181,288
4874,0.46116086352316205,0.42680781409639074,0.03435304942677131,181,335
4875,0.44570923132742013,0.496257599571647,-0.05054836824422687,181,314
4876,0.4288019450294404,0.45584287309387184,-0.027040928064431424,181,338
4877,0.40459408747979125,0.4635950518330092,-0.059000964353217944,181,344
4878,0.49934470547230375,0.4315560429931734,0.06778866247913035,181,340
4879,0.3647687250994759,0.43218413571082276,-0.06741541061134687,181,351
4880,0.4449595950168388,0.5002671210189721,-0.05530752600213329,181,314
4881,0.5151164956672701,0.47241577413817204,0.042700721529098096,181,306
4882,0.3489257693763304,0.5253427372455012,-0.17641696786917077,181,313
4883,0.42040286774104757,0.4211305541846853,-0.0007276864436377428,181,347
4884,0.48533839104045423,0.5283291946390813,-0.042990803598627114,181,313
4885,0.5188946111359904,0.49772378159474945,0.021170829541241,181,291
4886,0.45337105122311716,0.49598428703802383,-0.04261323581490667,181,330
4887,0.4865744721804925,0.4858662783963134,0.0007081937841790786,181,300
4888,0.45711523491329203,0.42320617465473687,0.03390906025855517,181,332
4889,0.4941603459224944,0.4378668512808331,0.056293494641661335,181,321
4890,0.5403626702219341,0.534136927827003,0.006225742394931122,181,289
4891,0.4359149022216039,0.43650479903189165,-0.00058989681028776,181,318
4892,0.522873479526216,0.5178064557673273,0.005067023758888678,181,307
4893,0.37895909380956333,0.4643371565496456,-0.08537806274008225,181,358
4894,0.39914149393568277,0.5400679479603666,-0.14092645402468384,181,323
4895,0.40830462490147595,0.46746894712574044,-0.05916432222426449,181,336
4896,0.45753470788636247,0.42639595464615104,0.031138753240211425,181,332
4897,0.44698720904056277,0.4537922927371403,-0.0068050836965775074,181,325
4898,0.48688862966969176,0.44663995208675183,0.04024867758293993,181,324
4899,0.5198566114906522,0.49903539924389967,0.02082121224675254,181,295
4900,0.4417643282952269,0.5089079056974947,-0.06714357740226778,181,309
4901,0.3866513556763321,0.4200732766743628,-0.03342192099803071,181,318
4902,0.5329594876770213,0.4258609354970865,0.1070985521799348,181,290
4903,0.40761557395021103,0.41814167743021496,-0.010526103480003934,181,318
4904,0.47260414441405835,0.46493256912849085,0.0076715752855675,181,309
4905,0.45595037002052285,0.435486379957906,0.020463990062616844,181,319
4906,0.4590839816476812,0.4593932754769486,-0.00030929382926736526,181,340
4907,0.4574149333229877,0.4323759408301954,0.02503899249279229,181,323
4908,0.45520495273749756,0.4906847015273775,-0.03547974878987992,181,324
4909,0.4411605818621351,0.5576625411680566,-0.1165019593059215,181,283
4910,0.4577876181497912,0.45727424427351365,0.0005133738762775342,181,327
4911,0.4830745770721271,0.40616666948252206,0.07690790758960503,181,330
4912,0.4522069638044817,0.41468923663202883,0.037517727172452886,181,353
4913,0.4764094614708337,0.4664799123640587,0.00992954910677496,181,342
4914,0.46248771477867745,0.44820930325580305,0.014278411522874401,181,377
4915,0.49834304862245826,0.47989561188760094,0.018447436734857325,181,332
4916,0.4232512068662862,0.47424411238870284,-0.05099290552241664,181,319
4917,0.5192098771565216,0.4280047615206749,0.09120511563584666,181,304
4918,0.48674017240834205,0.5031671133107889,-0.01642694090244684,181,304
4919,0.4056360032931577,0.47076660870709597,-0.06513060541393828,181,338
4920,0.4866796491283393,0.44141985260280275,0.04525979652553652,181,340
4921,0.4099518131863145,0.48330586624301347,-0.07335405305669895,181,308
4922,0.38170084404455584,0.4991007456445245,-0.11739990159996866,181,279
4923,0.46128878611501484,0.43637360025426963,0.024915185860745204,181,342
4924,0.4044794431828528,0.4335328793146644,-0.029053436131811605,181,351
4925,0.4956968419759656,0.391065072599544,0.1046317693764216,181,370
4926,0.4163702907154493,0.4587117233592209,-0.042341432643771604,181,336
4927,0.5016008149493556,0.4874236333971658,0.014177181552189777,181,279
4928,0.489756021957892,0.42782258128758077,0.0619334406703112,181,353
4929,0.4402769167370683,0.4560455771331205,-0.01576866039605218,181,324
4930,0.4885094882234471,0.49182119060718,-0.0033117023837329063,181,313
4931,0.4653429893126235,0.5187852389965889,-0.05344224968396538,181,293
4932,0.4340377644476539,0.5413897726121585,-0.10735200816450458,181,282
4933,0.3969661965961304,0.36579601998633,0.031170176609800426,181,397
4934,0.44665233189691883,0.4809214090305168,-0.03426907713359795,181,299
4935,0.4498226813206732,0.43251546879839115,0.017307212522282067,181,355
4936,0.42164352640121894,0.5530551277987867,-0.1314116013975678,181,299
4937,0.4367915391854663,0.465645588239432,-0.028854049053965658,181,353
4938,0.4580466012274425,0.4589397668256172,-0.0008931655981747055,181,312
4939,0.4627342240221619,0.44371564181764495,0.019018582204516965,181,352
4940,0.4398309672530855,0.48456202786502406,-0.044731060611938545,181,301
4941,0.5077395790132011,0.5207143217640237,-0.012974742750822554,181,305
4942,0.44738128072078787,0.4761905942794683,-0.02880931355868044,181,332
4943,0.4775718930999112,0.4680234767701078,0.00954841632980341,181,319
4944,0.4104091849538972,0.4319223796307763,-0.021513194676879066,181,313
4945,0.48168389152833074,0.47653390594567063,0.00514998558266011,181,301
4946,0.406511852052649,0.4420442691727535,-0.03553241712010452,181,340
4947,0.4752175991384422,0.43892365770537145,0.03629394143307074,181,302
4948,0.48944072257683363,0.48821156546590627,0.0012291571109273591,181,306
4949,0.43050368368691355,0.4529970466856506,-0.022493362998737054,181,312
4950,0.4236535372226831,0.46428988607737304,-0.04063634885468992,181,330
4951,0.4402985077650731,0.47934564555438774,-0.03904713778931462,181,315
4952,0.47045779834429535,0.5105821197572601,-0.040124321412964736,181,314
4953,0.43875590810113735,0.535579511238059,-0.09682360313692168,181,299
4954,0.46299440081673904,0.4237449758293694,0.03924942498736966,181,337
4955,0.4751707657785737,0.4921543856934539,-0.016983619914880177,181,314
4956,0.47651228043305804,0.5180208851394282,-0.04150860470637019,181,298
4957,0.4200982115072002,0.4561079547765761,-0.03600974326937589,181,331
4958,0.4168080448372899,0.4574295102656447,-0.04062146542835482,181,327
4959,0.4159144415273304,0.4368082391384944,-0.020893797611164,181,315
4960,0.4691885569300271,0.42796901006228677,0.04121954686774032,181,316
4961,0.47030535096546167,0.4678978657385409,0.002407485226920747,181,310
4962,0.372813070435464,0.456315760992074,-0.08350269055660997,181,305
4963,0.4329495604921306,0.4851406145623101,-0.05219105407017949,181,318
4964,0.4437263421267671,0.47215029315259965,-0.02842395102583256,181,320
4965,0.5106685980909583,0.5203521772646197,-0.00968357917366136,181,290
4966,0.4766040107108277,0.5796703473472278,-0.10306633663640008,181,288
4967,0.48780076444535364,0.43310858195917173,0.054692182486181906,181,322
4968,0.4825685956327503,0.5188675005935549,-0.03629890496080462,181,304
4969,0.3870844484316396,0.483577917861205,-0.09649346942956544,181,294
4970,0.4571523846404445,0.41352669427935324,0.04362569036109126,181,335
4971,0.5026568713846772,0.4700583061158167,0.03259856526886046,181,332
4972,0.48192447235763186,0.5112142647073072,-0.02928979234967538,181,309
4973,0.4502948666911927,0.5200466200466201,-0.06975175335542738,181,300
4974,0.38886656476003756,0.4638562617762387,-0.07498969701620112,181,319
4975,0.4844394555008682,0.45124522004110074,0.03319423545976746,181,314
4976,0.3840671167265367,0.46755790285499516,-0.08349078612845845,181,317
4977,0.44632841774521415,0.44773841472636144,-0.001409996981147299,181,321
4978,0.4749536781508065,0.44721375145708514,0.027739926693721384,181,329
4979,0.4781150129682752,0.46626641559807813,0.011848597370197056,181,340
4980,0.43630620951793325,0.4958190023200095,-0.059512792802076275,181,294
4981,0.4119511637777376,0.47587205421306805,-0.06392089043533045,181,324
4982,0.4540032882858031,0.44468733114788556,0.009315957137917552,181,313
4983,0.4554499105049694,0.5184520012402972,-0.06300209073532781,181,306
4984,0.4506680141592545,0.4842722181918587,-0.033604204032604224,181,339
4985,0.4376671197270178,0.3878323824082056,0.04983473731881216,181,316
4986,0.43004436011140507,0.48667343196987467,-0.056629071858469604,181,291
4987,0.4733527320349474,0.43563760512310623,0.037715126911841146,181,324
4988,0.38103623274615267,0.4686396606779021,-0.08760342793174941,181,316
4989,0.48557014457325576,0.5450244128380016,-0.05945426826474587,181,298
4990,0.4762917016648359,0.45199348477609347,0.024298216888742452,181,321
4991,0.4746928230287772,0.520820343212662,-0.04612752018388483,181,287
4992,0.4596110238967382,0.44617447090787354,0.013436552988864647,181,321
4993,0.3535584561410832,0.4399409748433862,-0.08638251870230296,181,325
4994,0.45680657347504455,0.44888548543805473,0.00792108803698982,181,359
4995,0.49269191530653555,0.4727314272339918,0.019960488072543747,181,306
4996,0.47933636649810346,0.47165829081053784,0.007678075687565622,181,322
4997,0.46781183932346726,0.5169186652376394,-0.04910682591417215,181,275
4998,0.4289461004050427,0.4579221986753367,-0.02897609827029396,181,319
4999,0.41967829411438434,0.46981292517006806,-0.05013463105568372,181,334
5000,0.437464090545095,0.4957349679003981,-0.05827087735530312,181,317
5001,0.526800536450084,0.49932554417366976,0.0274749922764142,181,289
5002,0.3986596889838187,0.45327691746236887,-0.05461722847855016,181,349
5003,0.44531539393826786,0.4628445734914738,-0.01752917955320593,181,305
5004,0.4134914380019225,0.5170385893242732,-0.10354715132235065,181,288
5005,0.45267162704233643,0.47739579975115104,-0.024724172708814607,181,305
5006,0.42623022235083396,0.4837185652523844,-0.057488342901550415,181,309
5007,0.46295897184726403,0.4541296510993117,0.00882932074795234,181,310
5008,0.3670765678681695,0.4859532023109633,-0.11887663444279378,181,296
5009,0.4649067519220523,0.42833320987025153,0.036573542051800745,181,368
5010,0.45464023463369657,0.4327240787938928,0.021916155839803775,181,324
5011,0.45337728656455434,0.45380039409689,-0.0004231075323356537,181,330
5012,0.45669601441841373,0.49003005264857347,-0.033334038230159735,181,302
5013,0.4755640916990044,0.4637573145731581,0.011806777125846268,181,309
5014,0.441835548690785,0.4240335094318705,0.017802039258914493,181,345
5015,0.47889062562707757,0.4605189783581199,0.01837164726895768,181,326
5016,0.4915305495868156,0.4443540241015583,0.047176525485257303,181,320
5017,0.47563747579722715,0.5045092002307198,-0.028871724433492618,181,304
5018,0.4725445761165493,0.48926452073419036,-0.016719944617641036,181,299
5019,0.44702065531540136,0.4346268622248092,0.012393793090592187,181,339
5020,0.4534022636895014,0.5083196340544005,-0.05491737036489913,181,306
5021,0.45742217780112066,0.5144721371233765,-0.05704995932225582,181,313
5022,0.45506224862914346,0.4736963381867216,-0.018634089557578115,181,303
5023,0.44087765178042,0.5280889892397946,-0.08721133745937465,181,278
5024,0.4104538177199806,0.5129785717798702,-0.10252475405988959,181,300
5025,0.3596420438786681,0.4271144892374191,-0.06747244535875102,181,336
5026,0.47017514708620006,0.5154460775104006,-0.04527093042420055,181,296
5027,0.4778486914703766,0.4836604373550187,-0.005811745884642061,181,288
5028,0.4197990856889654,0.4561422323977152,-0.036343146708749774,181,317
5029,0.4776326268863582,0.4818868838083542,-0.004254256921995991,181,313
5030,0.472650490437497,0.48610103739521365,-0.013450546957716636,181,294
5031,0.48713691825936717,0.49800972105487123,-0.010872802795504066,181,295
5032,0.338062605608818,0.4285214248224686,-0.09045881921365057,181,315
5033,0.4712002506836135,0.4564759457545726,0.014724304929040866,181,316
5034,0.3913014532908495,0.439802215330385,-0.04850076203953552,181,322
5035,0.43782478737729136,0.46583281281940664,-0.02800802544211528,181,297
5036,0.41959509380235105,0.45150212949426327,-0.03190703569191222,181,300
5037,0.455185317426204,0.4789647337956753,-0.023779416369471285,181,320
5038,0.44851009146584714,0.5108534694036466,-0.06234337793779948,181,298
5039,0.4712493481748803,0.42179481857189854,0.049454529602981745,181,321
5040,0.44842578806045236,0.41385252223023844,0.03457326583021392,181,326
5041,0.4645318289917593,0.4411855389043787,0.023346290087380595,181,330
5042,0.4704954198618987,0.47509425826492324,-0.004598838403024552,181,340
5043,0.4852574634892111,0.4614047077778899,0.023852755711321227,181,305
5044,0.46102867206182685,0.4922087314270063,-0.031180059365179424,181,317
5045,0.36771916117038056,0.45058982194906144,-0.08287066077868088,181,307
5046,0.3998719520348306,0.41446278405329023,-0.01459083201845962,181,355
5047,0.44175810675147253,0.550797640919065,-0.10903953416759249,181,306
5048,0.41894928832686984,0.4966905477525317,-0.07774125942566185,181,295
5049,0.471649362832267,0.5030313746754934,-0.03138201184322642,181,302
5050,0.38820823775640795,0.5035762321711611,-0.11536799441475315,181,306
5051,0.41675705248173317,0.4595246547882655,-0.042767602306532315,181,319
5052,0.45825403499405565,0.4959062977417688,-0.03765226274771316,181,330
5053,0.5121221035954047,0.439019006970626,0.07310309662477865,181,324
5054,0.4341769967589196,0.46167614403276097,-0.027499147273841396,181,331
5055,0.4549657535684984,0.490204230535241,-0.03523847696674259,181,318
5056,0.46761131989027493,0.5054099846729626,-0.037798664782687674,181,307
5057,0.4206193533702924,0.5167945851813576,-0.09617523181106519,181,299
5058,0.4294331113075489,0.5107288523701897,-0.08129574106264081,181,301
5059,0.3473539495275025,0.41249997457064275,-0.06514602504314027,181,380
5060,0.4378028580891508,0.4944596924575763,-0.0566568343684255,181,296
5061,0.4776332195436216,0.4944144824338445,-0.016781262890222914,181,305
5062,0.4128258431031987,0.5350787376402227,-0.12225289453702404,181,288
5063,0.4837933079699911,0.4126174525091048,0.07117585546088628,181,354
5064,0.33280914442668275,0.3636818249329642,-0.030872680506281447,181,327
5065,0.4558462628062755,0.47974296384156595,-0.023896701035290457,181,324
5066,0.5140056097250486,0.4834109267880754,0.030594682936973205,181,314
5067,0.4060878298205188,0.5011779231784341,-0.09509009335791535,181,320
5068,0.4254724614098131,0.4539993101484841,-0.028526848738671007,181,304
5069,0.4009729040802371,0.44489507178083454,-0.043922167700597425,181,331
5070,0.37262518614611956,0.3916791574250798,-0.019053971278960247,181,359
5071,0.4544101177843775,0.4953111559642172,-0.0409010381798397,181,309
5072,0.5384348793505559,0.4271665353942356,0.11126834395632029,181,309
5073,0.43894942694375655,0.4899041945789249,-0.050954767635168374,181,316
5074,0.49072285970923407,0.4645217586732903,0.026201101035943752,181,295
5075,0.4630705488098957,0.4609983762954686,0.0020721725144270953,181,325
5076,0.5116720698116047,0.47124589846573567,0.040426171345869066,181,318
5077,0.5079982939098961,0.5519360995633644,-0.043937805653468276,181,308
5078,0.3980793818622877,0.5096910761740192,-0.11161169431173151,181,283
5079,0.4821855549610632,0.45998677226871726,0.02219878269234593,181,330
5080,0.45433572883202417,0.5572231841169601,-0.10288745528493598,181,275
5081,0.43618938954499736,0.4203449050739691,0.015844484471028264,181,320
5082,0.3448092543301814,0.43952634772622595,-0.09471709339604456,181,331
5083,0.41964835908155484,0.5054180183071536,-0.08576965922559876,181,311
5084,0.4618048375467286,0.438654975781804,0.023149861764924562,181,312
5085,0.45101738480346293,0.4981268938702043,-0.047109509066741384,181,322
5086,0.4217255550868996,0.4762092129856335,-0.05448365789873394,181,316
5087,0.40766124840097945,0.4571572950543577,-0.049496046653378256,181,317
5088,0.44370781375615925,0.48625906086559834,-0.04255124710943908,181,335
5089,0.4106775119412732,0.4671496704267722,-0.05647215848549897,181,340
5090,0.4635709245912468,0.4194154672417104,0.04415545734953641,181,349
5091,0.41812591335325255,0.47750559635650264,-0.05937968300325008,181,345
5092,0.42938296990663155,0.4353208030841116,-0.005937833177480034,181,342
5093,0.41372006446575693,0.48163331373579554,-0.06791324927003861,181,313
5094,0.46388930403400114,0.5012434533162536,-0.0373541492822525,181,288
5095,0.4580634230761908,0.49419544193063353,-0.03613201885444273,181,318
5096,0.47440970968975754,0.5177060109096997,-0.04329630121994216,181,270
5097,0.4617074724837763,0.4880155425076663,-0.026308070023890018,181,288
5098,0.48100087160128774,0.46687566447704104,0.014125207124246697,181,302
5099,0.43186246067163864,0.4229240958734045,0.008938364798234122,181,357
5100,0.4570872590676233,0.5063442605694399,-0.04925700150181661,181,326
5101,0.4805610864522812,0.454092757843428,0.026468328608853176,181,338
5102,0.49779003718226644,0.49518934518934515,0.002600691992921289,181,309
5103,0.4529736985596898,0.4688600406027241,-0.01588634204303435,181,324
5104,0.4857399510621852,0.4219971658745367,0.06374278518764853,181,340
5105,0.3955832774403874,0.4464448349359413,-0.05086155749555388,181,316
5106,0.4385662304789025,0.4608196750869981,-0.02225344460809564,181,332
5107,0.4956583757050326,0.5086987781098707,-0.01304040240483817,181,296
5108,0.42921763075356495,0.5037576539577387,-0.0745400232041738,181,305
5109,0.4535212533046365,0.5088381712686872,-0.05531691796405075,181,281
5110,0.4849673644428732,0.4704130952148861,0.014554269227987082,181,298
5111,0.41034447179012906,0.42052521121116065,-0.010180739421031593,181,319
5112,0.45042494395876176,0.49812944838538,-0.04770450442661822,181,305
5113,0.5160511561478265,0.43000309549605326,0.08604806065177323,181,313
5114,0.38642089718950595,0.4937998899537983,-0.10737899276429236,181,321
5115,0.4479058446860706,0.4673052665814333,-0.0193994218953627,181,306
5116,0.4794911080639851,0.3873019235088201,0.092189184555165,181,358
5117,0.47421890851647974,0.44651981744432856,0.027699091072151183,181,345
5118,0.4644250374606809,0.5158921903630386,-0.05146715290235765,181,301
5119,0.4295959232225801,0.539628279449119,-0.11003235622653884,181,290
5120,0.4514540874236746,0.5330846944563418,-0.08163060703266717,181,277
5121,0.4358533587180117,0.517495377745662,-0.08164201902765034,181,303
5122,0.44821568425082337,0.4448518323509321,0.003363851899891246,181,342
5123,0.529415778090813,0.4890523308890656,0.04036344720174739,181,307
5124,0.4546845404828598,0.47064707011185775,-0.015962529628997968,181,316
5125,0.5034323422338447,0.4741550901947133,0.029277252039131396,181,298
5126,0.48051766012077624,0.537176644851489,-0.056658984730712736,181,300
5127,0.46796228410073376,0.42013207717972884,0.047830206921004925,181,328
5128,0.4259495435371755,0.39496376847295317,0.030985775064222343,181,359
5129,0.43211631893724445,0.4406943034632717,-0.00857798452602726,181,330
5130,0.4847690819321576,0.5071880347759018,-0.022418952843744178,181,311
5131,0.4032718415371477,0.4867379972474897,-0.083466155710342,181,333
5132,0.4624542124542125,0.4662061258007646,-0.003751913346552116,181,329
5133,0.4585192338867584,0.4870520127606893,-0.02853277887393091,181,314
5134,0.5419342061978984,0.46728579148501165,0.0746484147128868,181,326
5135,0.5009890262685889,0.4534968732486656,0.04749215301992327,181,307
5136,0.41176093017294685,0.4750891144750777,-0.06332818430213083,181,331
5137,0.42992896335972697,0.5267901735803548,-0.09686121022062788,181,286
5138,0.40326976997224045,0.5181379571302623,-0.11486818715802188,181,302
5139,0.513701394012061,0.45642725119852134,0.05727414281353971,181,307
5140,0.46565149732711497,0.44407612269667235,0.021575374630442623,181,319
5141,0.48917608232620535,0.49896341540568795,-0.009787333079482596,181,300
5142,0.416466093069702,0.4153736540153402,0.0010924390543617934,181,338
5143,0.472983574731394,0.48182156110274504,-0.008837986371351025,181,338
5144,0.42082329553086145,0.48364967699157957,-0.06282638146071812,181,323
5145,0.4889777503090702,0.4548207972222225,0.034156953086847686,181,312
5146,0.511265880402571,0.4893185922945379,0.021947288108033147,181,310
5147,0.47363626633528677,0.4203888765691575,0.05324738976612925,181,356
5148,0.4541083739819283,0.47141717231181207,-0.017308798329883746,181,333
5149,0.4458221502862444,0.4963016421975997,-0.05047949191135531,181,306
5150,0.4212260667785854,0.4093649688194834,0.011861097959101952,181,352
5151,0.45436600154658285,0.494347994525982,-0.03998199297939914,181,302
5152,0.4877562042041386,0.4604877618384991,0.027268442365639523,181,317
5153,0.4345155398805915,0.5001053035355866,-0.06558976365499508,181,299
5154,0.467620053173935,0.4625893960513924,0.005030657122542637,181,314
5155,0.4529187122732827,0.4944013859256273,-0.04148267365234465,181,294
5156,0.42203086511453336,0.4721268997977375,-0.050096034683204116,181,327
5157,0.5078168405346106,0.5480107876796116,-0.04019394714500102,181,288
5158,0.45328080925843334,0.43676366980074544,0.0165171394576879,181,320
5159,0.44836372109285133,0.4437473210605227,0.004616400032328605,181,316
5160,0.48114893881959847,0.4306787838912958,0.050470154928302646,181,352
5161,0.46911863379479374,0.46616223455021827,0.0029563992445754694,181,322
5162,0.4950818649982224,0.520781542974082,-0.02569967797585959,181,287
5163,0.45244853464747,0.44985427138254985,0.002594263264920127,181,342
5164,0.44995400176787964,0.47642221445473637,-0.02646821268685673,181,325
5165,0.49921247778390637,0.46727921590620686,0.031933261877699515,181,304
5166,0.43733627696854926,0.4815817903181679,-0.044245513349618626,181,326
5167,0.43841206152130524,0.47959377666898756,-0.04118171514768232,181,294
5168,0.4279340394715369,0.5039500742220258,-0.07601603475048885,181,287
5169,0.46597193969558715,0.4921075928493272,-0.026135653153740057,181,303
5170,0.49621112737662365,0.47779694093403097,0.018414186442592684,181,312
5171,0.41962292219199254,0.41351262751959617,0.006110294672396377,181,346
5172,0.429915424154828,0.46535845107273677,-0.03544302691790879,181,329
5173,0.5339034395928536,0.4548201858165844,0.07908325377626918,181,320
5174,0.45765544835034994,0.4514443375554487,0.00621111079490122,181,335
5175,0.4754404844034746,0.45141555279196444,0.024024931611510147,181,319
5176,0.4661733345994736,0.4968572224211321,-0.03068388782165854,181,306
5177,0.43101421069752693,0.4660121462403511,-0.034997935542824155,181,322
5178,0.4122636512222847,0.46963061615967716,-0.05736696493739246,181,323
5179,0.41938965685787005,0.4682036060299491,-0.04881394917207904,181,328
5180,0.5131030583426273,0.5001375980119045,0.012965460330722767,181,308
5181,0.5082513994502029,0.5403231798827733,-0.03207178043257042,181,288
5182,0.43225535944559207,0.4631240774026209,-0.030868717957028835,181,317
5183,0.5326739714983478,0.5579361371059203,-0.02526216560757244,181,280
5184,0.5180988202775615,0.45387876322017867,0.06422005705738282,181,296
5185,0.43215455587560314,0.42431594605225476,0.007838609823348386,181,344
5186,0.491502648702227,0.44536353843741533,0.046139110264811656,181,315
5187,0.3780836062305477,0.5206707499531689,-0.14258714372262116,181,309
5188,0.48922403805374853,0.5404480088184046,-0.05122397076465607,181,302
5189,0.46811057661082367,0.4440564201877553,0.02405415642306835,181,332
5190,0.44779790509408735,0.4609494318655872,-0.013151526771499833,181,320
5191,0.4968911673167469,0.500085258528653,-0.0031940912119061693,181,301
5192,0.4958125721828081,0.4064666409667745,0.08934593121603362,181,332
5193,0.4015719599424977,0.41827795802348416,-0.01670599808098644,181,351
5194,0.44869137640559725,0.4511150649850885,-0.0024236885794912677,181,322
5195,0.49263937954693926,0.4524878726617959,0.04015150688514335,181,313
5196,0.49714851126615833,0.4586976638553809,0.03845084741077742,181,328
5197,0.476654997663401,0.43098717390643504,0.045667823756965986,181,340
5198,0.4825885713397242,0.539064523104069,-0.056475951764344834,181,288
5199,0.45043220737960876,0.4876607868476634,-0.037228579468054634,181,327
5200,0.42015294833339484,0.48461958355307316,-0.06446663521967833,181,314
5201,0.3997843040013482,0.44184848615887634,-0.04206418215752816,181,300
5202,0.40940296264608683,0.4529532824366284,-0.04355031979054158,181,336
5203,0.4499541899928223,0.4797337163621863,-0.02977952636936404,181,329
5204,0.46463612797740794,0.4003562447338785,0.06427988324352946,181,304
5205,0.46559087216457734,0.5183410359111293,-0.052750163746552,181,289
5206,0.4977901284233087,0.46449227868053455,0.033297849742774166,181,329
5207,0.48604306660137137,0.4230806693923304,0.06296239720904095,181,335
5208,0.5013426134305256,0.46596506102101304,0.035377552409512514,181,300
5209,0.47173572695148375,0.5013277429751221,-0.029592016023638312,181,304
5210,0.4540068884710485,0.39178214842217124,0.062224740048877236,181,327
5211,0.4694670073202612,0.40807771998181513,0.061389287338446064,181,344
5212,0.5153389546520482,0.515251799116985,8.715553506311036e-05,181,316
5213,0.49762219108692146,0.48435021751415347,0.013271973572767992,181,305
5214,0.49415690190196365,0.5097769252024571,-0.015620023300493446,181,280
5215,0.4426485350398394,0.5031586124087213,-0.060510077368881865,181,279
5216,0.3955529000826853,0.3932323097952482,0.0023205902874370854,181,358
5217,0.4436154717906854,0.4269769986306732,0.016638473160012213,181,325
5218,0.5155128618415743,0.473596454642092,0.04191640719948231,181,307
5219,0.35824275179962634,0.4500561477849116,-0.09181339598528526,181,303
5220,0.47026768908084676,0.4584546472564389,0.011813041824407844,181,312
5221,0.39665833180785887,0.4346142614591089,-0.03795592965125005,181,299
5222,0.5055216624300911,0.4361599637481885,0.06936169868190262,181,329
5223,0.3999936922069381,0.49077093582736087,-0.09077724362042278,181,293
5224,0.4659752368843278,0.49499328372920365,-0.029018046844875856,181,294
5225,0.44449645494011075,0.4315567124566856,0.012939742483425165,181,344
5226,0.40229291966422515,0.4749404035118321,-0.07264748384760694,181,296
5227,0.48109785396721005,0.546967847741127,-0.06586999377391689,181,287
5228,0.5040117783960149,0.4206336754668681,0.08337810292914677,181,342
5229,0.4910060505192351,0.5428737862970913,-0.05186773577785614,181,290
5230,0.4835147159327602,0.4494511247666598,0.03406359116610036,181,325
5231,0.45711070781585444,0.4594582684644276,-0.002347560648573166,181,328
5232,0.46209483255327644,0.4432149859409044,0.01887984661237202,181,304
5233,0.5047974480723697,0.5090641956866925,-0.0042667476143227745,181,295
5234,0.3908315630922073,0.5177530621673846,-0.1269214990751773,181,315
5235,0.4078835460128056,0.4868679096875856,-0.07898436367478001,181,314
5236,0.45976397247862355,0.5200443917583831,-0.06028041927975958,181,290
5237,0.4510977126768367,0.43770806254677225,0.013389650130064434,181,323
5238,0.46965197727701813,0.5158700232505787,-0.046218045973560606,181,296
5239,0.3913334133798902,0.4908206111633402,-0.09948719778345,181,311
5240,0.4932138395223477,0.48443190433424527,0.008781935188102441,181,306
5241,0.38119270188732063,0.5207969367761988,-0.13960423488887813,181,296
5242,0.4679715558177032,0.5014070901493262,-0.03343553433162294,181,291
5243,0.46203357294667546,0.47142504346124875,-0.009391470514573286,181,323
5244,0.45639554532190785,0.46915816326530607,-0.012762617943398225,181,340
5245,0.5153354646225216,0.4698340707056631,0.04550139391685848,181,316
5246,0.443178305155428,0.4778581068054752,-0.03467980165004719,181,291
5247,0.4666117045168135,0.46233816318115295,0.004273541335660547,181,331
5248,0.4724333451412909,0.4918495036192407,-0.019416158477949808,181,296
5249,0.47994008761794443,0.4622280377918602,0.01771204982608421,181,310
5250,0.43220592362280424,0.430259273658912,0.0019466499638922663,181,363
5251,0.5131627607890528,0.5058558793316675,0.007306881457385228,181,309
5252,0.4891255986723924,0.5204370367393701,-0.031311438066977726,181,296
5253,0.44330824865099056,0.5143097858792925,-0.07100153722830199,181,308
5254,0.47427587139266364,0.4923599725432073,-0.018084101150543652,181,318
5255,0.39748591313388026,0.43709605340183977,-0.039610140267959504,181,330
5256,0.3661989770326305,0.49435127407477214,-0.12815229704214165,181,299
5257,0.42665587371469726,0.4596813282417639,-0.03302545452706662,181,314
5258,0.4552028239558436,0.46024707875369136,-0.005044254797847758,181,340
5259,0.5117289947726105,0.5470433720046723,-0.03531437723206188,181,288
5260,0.5365534109376474,0.4639855212668059,0.07256788967084149,181,306
5261,0.3937721835522439,0.5224262504577653,-0.12865406690552134,181,284
5262,0.4975482417723465,0.5340004427908972,-0.03645220101855068,181,287
5263,0.4734744715732919,0.47089123989530485,0.0025832316779870745,181,296
5264,0.41936909801418276,0.47738363060943706,-0.0580145325952543,181,328
5265,0.5204952052244516,0.4834553097487821,0.03703989547566949,181,296
5266,0.43384085072145434,0.47227731100711423,-0.03843646028565989,181,307
5267,0.47644104994645214,0.5113496959922318,-0.034908646045779645,181,310
5268,0.40241026119639617,0.4514404486352047,-0.04903018743880855,181,334
5269,0.4873778723124567,0.41057727874255256,0.07680059356990415,181,344
5270,0.43432373196199947,0.46670826694297485,-0.03238453498097538,181,334
5271,0.39663109245466455,0.4713849372407533,-0.07475384478608876,181,300
5272,0.47619140318601233,0.5254412435356868,-0.049249840349674445,181,310
5273,0.5186230247593094,0.5356628578072674,-0.017039833047957975,181,272
5274,0.456699053797767,0.48685793735407307,-0.030158883556306082,181,326
5275,0.4196634671573663,0.41714774727749776,0.0025157198798685387,181,367
5276,0.43160622814863,0.5118211477235214,-0.08021491957489141,181,291
5277,0.4772352761688106,0.4642895618185309,0.012945714350279691,181,315
5278,0.4653313057194743,0.4604911231317833,0.004840182587690978,181,324
5279,0.4252947872276374,0.42168434385065934,0.0036104433769780786,181,323
5280,0.4526924968332116,0.49767152080951993,-0.04497902397630832,181,319
5281,0.43574400997268514,0.47696208616168806,-0.04121807618900292,181,323
5282,0.4946623324009763,0.5056666019072035,-0.011004269506227182,181,286
5283,0.4017486051256009,0.4606920531317374,-0.05894344800613649,181,355
5284,0.42455222476766036,0.45427950630958147,-0.029727281541921113,181,334
5285,0.4278142612946092,0.5017268159984873,-0.07391255470387814,181,288
5286,0.43969069820851053,0.4146331611858553,0.02505753702265523,181,336
5287,0.4598028847612489,0.5211263716956317,-0.061323486934382776,181,310
5288,0.41022741833763915,0.47302646259668046,-0.06279904425904131,181,322
5289,0.4115290674060224,0.4390692849339466,-0.027540217527924182,181,337
5290,0.4735177835418775,0.487244107662177,-0.013726324120299505,181,305
5291,0.43154436090054427,0.4525529010269291,-0.02100854012638481,181,342
5292,0.42882289171054183,0.3765106892231481,0.05231220248739371,181,328
5293,0.42781039147555794,0.5165752632787448,-0.08876487180318687,181,284
5294,0.4794196125460018,0.5399654875535554,-0.06054587500755365,181,283
5295,0.48641230051637396,0.42157248704992795,0.06483981346644602,181,303
5296,0.42075765408286914,0.49526377728132404,-0.0745061231984549,181,308
5297,0.4872939879982133,0.43968114524011676,0.04761284275809652,181,331
5298,0.5010133188517599,0.4557616228029285,0.04525169604883145,181,308
5299,0.3710625828904423,0.4592466028267507,-0.08818401993630842,181,312
5300,0.4651796005274929,0.5419070151187964,-0.07672741459130344,181,290
5301,0.4252950368050655,0.4635835402517409,-0.03828850344667545,181,332
5302,0.4638034166235664,0.49581809974207275,-0.03201468311850636,181,297
5303,0.48865857169133803,0.4764776734520133,0.012180898239324722,181,311
5304,0.4483968674406644,0.5157329308558387,-0.06733606341517429,181,322
5305,0.4066412635280443,0.3736257780172645,0.03301548551077982,181,390
5306,0.45976350800627586,0.4043582336351061,0.055405274371169766,181,353
5307,0.49153583359477493,0.5086873079158558,-0.017151474321080884,181,288
5308,0.45421603131701166,0.46108995519644175,-0.006873923879430088,181,332
5309,0.4265533102395825,0.4540920226463256,-0.027538712406743104,181,347
5310,0.43228582417819766,0.4303528066282829,0.0019330175499147617,181,327
5311,0.4447293939726515,0.472177411273459,-0.027448017300807537,181,302
5312,0.4198127232873716,0.43402080099165763,-0.014208077704286004,181,323
5313,0.51764009068912,0.5023322185154661,0.015307872173653925,181,299
5314,0.4480118354188748,0.5226175948414411,-0.07460575942256631,181,313
5315,0.41172388205542765,0.446088730530354,-0.03436484847492638,181,357
5316,0.41404585936835403,0.4886678535600369,-0.07462199419168286,181,300
5317,0.4576409107398002,0.46537144746628156,-0.007730536726481385,181,318
5318,0.4520491438924619,0.46702167568850317,-0.014972531796041244,181,317
5319,0.3485858563926909,0.43217312432414345,-0.08358726793145255,181,326
5320,0.43028978310727684,0.47260816417129287,-0.04231838106401603,181,318
5321,0.4783024251294771,0.44621680992881246,0.03208561520066466,181,321
5322,0.46230683749230944,0.48438811681209304,-0.022081279319783598,181,347
5323,0.44971095147079876,0.44948896442540504,0.00022198704539372338,181,349
5324,0.47057300626390475,0.49207917209436963,-0.021506165830464885,181,326
5325,0.4978329263531908,0.47896225873299175,0.018870667620199066,181,308
5326,0.41002817420024323,0.47933502309891296,-0.06930684889866973,181,321
5327,0.4500148214558125,0.5160515954886183,-0.06603677403280583,181,286
5328,0.4860133524379245,0.48961638644567557,-0.0036030340077510825,181,295
5329,0.4405468753884779,0.45007589288813943,-0.009529017499661507,181,338
5330,0.5128010531161319,0.4070720777538747,0.10572897536225717,181,314
5331,0.47577331183449517,0.5413882248502321,-0.06561491301573691,181,276
5332,0.46497831023092917,0.47461506642341167,-0.009636756192482498,181,310
5333,0.4531906875393673,0.4331085069549401,0.020082180584427234,181,381
5334,0.49817322170396633,0.48387073654723356,0.01430248515673277,181,301
5335,0.4370036883272885,0.5117963464834862,-0.07479265815619768,181,297
5336,0.47973905605082784,0.4979822939068955,-0.018243237856067684,181,318
5337,0.42402197481830417,0.4594963092987581,-0.03547433448045395,181,315
5338,0.4772345695766277,0.516941862829495,-0.03970729325286726,181,312
5339,0.46151490572457654,0.5155958533874355,-0.05408094766285898,181,292
5340,0.4115838458263225,0.48972654924286857,-0.07814270341654606,181,311
5341,0.3783913963919502,0.4258140420134829,-0.0474226456215327,181,343
5342,0.4248379650493511,0.46018406405624457,-0.03534609900689345,181,291
5343,0.4212537763971574,0.5304626634185708,-0.10920888702141346,181,288
5344,0.4200416919356664,0.470312123473716,-0.05027043153804961,181,315
5345,0.4450122650061435,0.43941571438477667,0.005596550621366825,181,328
5346,0.44692164580266347,0.39527534931585073,0.05164629648681274,181,302
5347,0.43744692229272164,0.5280058459753124,-0.09055892368259078,181,286
5348,0.4805829899782846,0.5103854511817416,-0.02980246120345703,181,290
5349,0.4654584553034899,0.46637782176225967,-0.000919366458769777,181,344
5350,0.46437570641357223,0.46004637195089604,0.004329334462676193,181,328
5351,0.4625430767240014,0.49179337439796295,-0.029250297673961534,181,310
5352,0.48392775723563436,0.4571929043084024,0.026734852927231934,181,309
5353,0.4568536633622301,0.4123365227409472,0.044517140621282925,181,325
5354,0.4679326493857315,0.5731569939253074,-0.10522434453957591,181,280
5355,0.4502704107625134,0.5405390118369736,-0.09026860107446022,181,272
5356,0.40393548043027955,0.4913081920224777,-0.08737271159219817,181,282
5357,0.4387959482349889,0.43310819388827937,0.005687754346709539,181,357
5358,0.46358343828921916,0.5015027574910541,-0.037919319201834945,181,312
5359,0.399231269609473,0.4833883396227357,-0.08415707001326267,181,319
5360,0.492025881266854,0.49433375999718904,-0.0023078787303350556,181,304
5361,0.46556329500233684,0.4594396684600115,0.006123626542325344,181,320
5362,0.42254813566380267,0.44487866697739203,-0.022330531313589363,181,336
5363,0.4082765160728204,0.45892930831257983,-0.05065279223975944,181,339
5364,0.4307986180555577,0.4729915828158958,-0.042192964760338125,181,331
5365,0.3597711933781144,0.4517287521984357,-0.0919575588203213,181,322
5366,0.43600558441208453,0.4726101205355463,-0.03660453612346176,181,315
5367,0.44016941364730633,0.46023598519686565,-0.02006657154955932,181,316
5368,0.4655373565244366,0.46463687084029015,0.0009004856841464681,181,325
5369,0.4353650445816344,0.4698790635360077,-0.03451401895437334,181,296
5370,0.4570795467213458,0.5081532733865585,-0.05107372666521265,181,301
5371,0.4042355660082295,0.4514363059542083,-0.04720073994597879,181,314
5372,0.4839952492691991,0.4719081858428645,0.012087063426334643,181,331
5373,0.3936730498174078,0.3442621784297667,0.04941087138764111,181,366
5374,0.4355108288372054,0.45446445446445455,-0.01895362562724917,181,322
5375,0.38744661599886665,0.4202036438430369,-0.03275702784417023,181,341
5376,0.48156446865727126,0.4418390443235164,0.039725424333754866,181,292
5377,0.47552871532033547,0.5147449681412392,-0.039216252820903685,181,323
5378,0.46046439232946523,0.49004850894194474,-0.029584116612479505,181,288
5379,0.41288311924568066,0.4893293752729701,-0.07644625602728944,181,321
5380,0.4358610119286276,0.4922071005638599,-0.05634608863523233,181,298
5381,0.526529028185893,0.5317287703456614,-0.005199742159768372,181,273
5382,0.47726871596121956,0.48781099812504697,-0.01054228216382741,181,321
5383,0.4595982687728446,0.4685339473544,-0.008935678581555417,181,314
5384,0.4764454183559455,0.4322457205104264,0.04419969784551908,181,331
5385,0.507364991381585,0.4570311058452644,0.050333885536320566,181,331
5386,0.38228320115698755,0.42256013157211164,-0.04027693041512409,181,301
5387,0.3539661710482213,0.5077917666748836,-0.15382559562666226,181,321
5388,0.43853373361568176,0.5021306686771957,-0.06359693506151393,181,310
5389,0.4583919711916174,0.5078708364383692,-0.04947886524675177,181,299
5390,0.5046161611675806,0.4890700388786203,0.015546122288960296,181,292
5391,0.40939510939510937,0.48936841812342763,-0.07997330872831826,181,301
5392,0.3744495531949004,0.46507291830626807,-0.09062336511136765,181,303
5393,0.4569753321888178,0.4676819400657156,-0.010706607876897811,181,318
5394,0.4401891375074027,0.49493638913518645,-0.054747251627783766,181,294
5395,0.45344074316453326,0.44831585858401796,0.005124884580515299,181,329
5396,0.4489547662565595,0.4953168863966222,-0.04636212014006269,181,329
5397,0.4111979448453171,0.4702745925572013,-0.0590766477118842,181,307
5398,0.4697854236201432,0.45990273204957877,0.009882691570564428,181,324
5399,0.45490985249114585,0.4453668221953807,0.009543030295765143,181,356
5400,0.4817961819643079,0.4979132994615049,-0.01611711749719702,181,314
5401,0.473980743097916,0.42900428748252156,0.04497645561539443,181,342
5402,0.4145836210644441,0.4520804934478721,-0.037496872383428026,181,336
5403,0.5505773121671382,0.5490637151837116,0.0015135969834266794,181,288
5404,0.49711190468362637,0.5533677863469483,-0.056255881663321905,181,277
5405,0.47075189884566265,0.568531008005791,-0.09777910916012839,181,278
5406,0.4555743992076934,0.531413692288282,-0.07583929308058857,181,268
5407,0.46579722206757534,0.5132270624530687,-0.04742984038549336,181,294
5408,0.42158158678450025,0.40166272847020884,0.01991885831429141,181,322
5409,0.4355812200142449,0.5059278074277584,-0.07034658741351357,181,297
5410,0.37593532787547146,0.4250170888019941,-0.049081760926522666,181,352
5411,0.4211138022482615,0.4281006367451962,-0.006986834496934713,181,355
5412,0.4549723890444338,0.39441340695696103,0.06055898208747279,181,342
5413,0.4957305627546153,0.4357059194295728,0.06002464332504248,181,293
5414,0.4438334848109284,0.4718376375310833,-0.02800415272015494,181,336
5415,0.45312167512548773,0.4875367901673059,-0.034415115041818156,181,317
5416,0.44267316017316016,0.4860816994555596,-0.04340853928239946,181,318
5417,0.4945216544504944,0.5235663697251477,-0.0290447152746533,181,276
5418,0.47694237354507746,0.4744585553203806,0.002483818224696843,181,323
5419,0.46970753963263684,0.5250711309488778,-0.05536359131624097,181,315
5420,0.48986057531442745,0.4833930627827133,0.006467512531714126,181,286
5421,0.40982426805882827,0.4452278132576703,-0.035403545198842035,181,341
5422,0.5001375501711841,0.5633933735437494,-0.0632558233725653,181,283
5423,0.4581909249543002,0.5258231571089921,-0.06763223215469188,181,312
5424,0.4194984811948884,0.4520915622985604,-0.032593081103671984,181,310
5425,0.39869704452489396,0.4844752869658885,-0.08577824244099452,181,319
5426,0.5107161841282853,0.4883656026513169,0.022350581476968445,181,289
5427,0.5057643594795297,0.5097559386561662,-0.003991579176636506,181,288
5428,0.4627709508642575,0.48344133545886697,-0.02067038459460946,181,299
5429,0.48364463395424984,0.5092098394090582,-0.025565205454808337,181,311
5430,0.4771835408571611,0.5038068733987101,-0.026623332541549027,181,307
5431,0.45786827974027294,0.5493792421812297,-0.09151096244095674,181,311
5432,0.479400351033437,0.4916382537446924,-0.01223790271125541,181,307
5433,0.5063797907063042,0.532714962806107,-0.02633517209980274,181,311
5434,0.4707850773058402,0.42335240458488255,0.047432672720957636,181,317
5435,0.45386460793705014,0.5438658669642725,-0.09000125902722239,181,290
5436,0.35944062926525755,0.3814198038842932,-0.021979174619035646,181,348
5437,0.4199607651666593,0.5294509781513886,-0.10949021298472933,181,289
5438,0.4672869981187332,0.4258757564821762,0.04141124163655702,181,350
5439,0.4593823573087739,0.49485120081367057,-0.03546884350489665,181,304
5440,0.41491399136046514,0.43697739136973773,-0.022063400009272593,181,322
5441,0.47525345147815223,0.46857321876118874,0.006680232716963497,181,326
5442,0.45716636304871594,0.45346086233124516,0.0037055007174707777,181,304
5443,0.42907146886788367,0.46650026240029535,-0.037428793532411686,181,329
5444,0.4279886603723342,0.480903793589898,-0.0529151332175638,181,329
5445,0.41997924360592315,0.524331834973325,-0.10435259136740188,181,289
5446,0.44141120164819964,0.44483343404532855,-0.0034222323971289104,181,316
5447,0.45252664049615277,0.4502293632289978,0.0022972772671549513,181,328
5448,0.4818534907661025,0.513286609615334,-0.0314331188492315,181,313
5449,0.4561084817355952,0.4673090854361203,-0.011200603700525114,181,303
5450,0.46187327880100604,0.4462915730459836,0.015581705755022435,181,352
5451,0.4575845393270477,0.4228788091063344,0.03470573022071327,181,340
5452,0.46841186841608534,0.44607352787403937,0.022338340542045976,181,299
5453,0.45245469195049026,0.4118535550893167,0.04060113686117356,181,342
5454,0.45514892916661515,0.5164381319527113,-0.06128920278609612,181,306
5455,0.4629151829218981,0.43880483878652304,0.02411034413537505,181,311
5456,0.47144982610000075,0.4769544069615345,-0.00550458086153377,181,318
5457,0.46470660406030745,0.4723637498103762,-0.007657145750068761,181,318
5458,0.4611918010975847,0.46883451950523686,-0.007642718407652183,181,303
5459,0.465112222594111,0.4779393535685723,-0.01282713097446131,181,316
5460,0.4457137760260518,0.4832233958818494,-0.03750961985579765,181,316
5461,0.4960965023086346,0.508874482372663,-0.01277798006402836,181,276
5462,0.48546798606141267,0.4925410770113555,-0.007073090949942851,181,324
5463,0.46988613975618154,0.46664367008209195,0.0032424696740895875,181,327
5464,0.4852871508609398,0.4972483263862575,-0.011961175525317669,181,292
5465,0.4283270464790242,0.4208533646992732,0.007473681779750996,181,339
5466,0.4459034862308559,0.46653486302200575,-0.020631376791149847,181,330
5467,0.47762895719931164,0.4719067061364553,0.005722251062856343,181,305
5468,0.4920964383161392,0.48904849313301696,0.003047945183122236,181,315
5469,0.42731677498821463,0.42886011921522843,-0.0015433442270137987,181,332
5470,0.4706711959562746,0.4248125015418567,0.04585869441441792,181,327
5471,0.409627878256477,0.49404661043325965,-0.08441873217678264,181,308
5472,0.5182589455796413,0.4603733447440962,0.05788560083554506,181,323
5473,0.41902550731994326,0.4675073604209831,-0.04848185310103986,181,309
5474,0.459777461813559,0.5021616640288499,-0.04238420221529088,181,315
5475,0.48328944905472015,0.46597158647814735,0.017317862576572807,181,314
5476,0.4891286116889556,0.44762504090296507,0.04150357078599054,181,326
5477,0.44866928174661874,0.42040234761391654,0.028266934132702204,181,340
5478,0.45515964526268604,0.4452371964869902,0.009922448775695814,181,297
5479,0.4801535978061791,0.44729265372419824,0.03286094408198087,181,317
5480,0.4400781131436609,0.4479286353094625,-0.007850522165801566,181,321
5481,0.49299614927387775,0.47367931110366956,0.019316838170208184,181,333
5482,0.5147109926221571,0.48001994984281204,0.034691042779345094,181,312
5483,0.4402612418805169,0.425071721336577,0.015189520543939905,181,336
5484,0.45153172208791065,0.48613042543412593,-0.03459870334621529,181,318
5485,0.4555982261015569,0.48418054453035986,-0.028582318428802933,181,298
5486,0.5066676135059006,0.4401549898929374,0.06651262361296323,181,356
5487,0.4828449420583561,0.4833371596982142,-0.0004922176398581279,181,331
5488,0.4369342456125035,0.45781850667710117,-0.020884261064597676,181,326
5489,0.5224110728710265,0.4440102492287078,0.0784008236423187,181,292
5490,0.4344135378047331,0.45946080696911257,-0.025047269164379493,181,296
5491,0.5080426869829914,0.4854929195845146,0.02254976739847675,181,313
5492,0.4502839785069751,0.49841726074256104,-0.04813328223558594,181,307
5493,0.4917342562749713,0.4630408607586763,0.028693395516295017,181,331
5494,0.48505482475925826,0.48773150799145126,-0.002676683232193,181,301
5495,0.44835196024410784,0.530943373295706,-0.08259141305159812,181,293
5496,0.4153090586529932,0.53369773994774,-0.11838868129474672,181,313
5497,0.42690890980364665,0.5613661148012292,-0.13445720499758257,181,282
5498,0.43726634851108315,0.42282566311250597,0.01444068539857718,181,346
5499,0.4706395957167346,0.47114367959405723,-0.0005040838773226475,181,313
5500,0.41845654345654343,0.5066972269757947,-0.08824068351925124,181,304
5501,0.40421771388886646,0.4239646273466162,-0.01974691345774976,181,356
5502,0.5021970428836062,0.5951200366200885,-0.09292299373648227,181,277
5503,0.4631191158914999,0.48191781763210323,-0.01879870174060333,181,318
5504,0.42909377413009375,0.4456008179265611,-0.016507043796467336,181,336
5505,0.4343848873626002,0.4845727021962875,-0.05018781483368728,181,313
5506,0.4637579521323888,0.47864507536465906,-0.01488712323227026,181,325
5507,0.3995157861241137,0.472977097977098,-0.07346131185298432,181,322
5508,0.43409389368642337,0.44489164377684304,-0.010797750090419667,181,299
5509,0.4964558391362082,0.46477054084960095,0.031685298286607266,181,335
5510,0.47253728953508417,0.5032643719876643,-0.0307270824525801,181,333
5511,0.46466820813063325,0.4925851214572518,-0.027916913326618553,181,310
5512,0.4793383018999914,0.442278404782812,0.037059897117179386,181,331
5513,0.4464602297043338,0.4540541242853342,-0.007593894581000404,181,335
5514,0.45894798266268494,0.4717772359051696,-0.012829253242484684,181,322
5515,0.49763563815343026,0.5372578207534847,-0.039622182600054456,181,294
5516,0.38211428083816523,0.5075544296972868,-0.12544014885912158,181,324
5517,0.46229527195827835,0.465677060553307,-0.003381788595028634,181,288
5518,0.44713236568816184,0.45040629606956134,-0.0032739303813995035,181,337
5519,0.48778284717749887,0.4607778320834274,0.027005015094071494,181,350
5520,0.44907718751823905,0.45030133405267764,-0.001224146534438586,181,311
5521,0.4834469322665432,0.4199941216320004,0.06345281063454278,181,332
5522,0.4569364939915112,0.4609899351607992,-0.004053441169288019,181,349
5523,0.41066716273981835,0.4615243072341965,-0.05085714449437817,181,336
5524,0.4306935996064746,0.4731333783565721,-0.04243977875009752,181,315
5525,0.5323109687452935,0.4698844973397585,0.06242647140553498,181,290
5526,0.4535970067511381,0.437669038907429,0.015927967843709145,181,339
5527,0.4788084112363481,0.4995593523310678,-0.0207509410947197,181,322
5528,0.43841528174878425,0.5068763762351061,-0.06846109448632182,181,309
5529,0.5064472759664169,0.5209433295147581,-0.014496053548341159,181,297
5530,0.43215248920217864,0.4808010348231516,-0.04864854562097298,181,316
5531,0.450672030362749,0.44186472910513774,0.008807301257611255,181,316
5532,0.5188508089984821,0.4867262940360392,0.03212451496244295,181,312
5533,0.4732784490485731,0.49421190437624224,-0.02093345532766916,181,315
5534,0.4254255608532381,0.401491141914275,0.023934418938963142,181,354
5535,0.44285420004564907,0.4721696167198325,-0.029315416674183414,181,303
5536,0.47084643776815616,0.5662491690971098,-0.0954027313289536,181,289
5537,0.4549624418683774,0.4922629221426379,-0.03730048027426047,181,304
5538,0.45804845110885556,0.5322245992425321,-0.07417614813367651,181,297
5539,0.4349060383492037,0.530115628129604,-0.09520958978040028,181,320
5540,0.4232612318195284,0.4850767000749045,-0.061815468255376094,181,314
5541,0.4563721655553925,0.45187097691062184,0.004501188644770671,181,322
5542,0.44652157404333553,0.4352927766906645,0.011228797352671016,181,339
5543,0.4825254382514065,0.4751137298265667,0.007411708424839791,181,304
5544,0.4260346697601599,0.4362941177952114,-0.010259448035051466,181,334
5545,0.33045780731316204,0.40168582912082884,-0.0712280218076668,181,342
5546,0.48651294306129067,0.4968681941711644,-0.010355251109873731,181,281
5547,0.4222459848213159,0.4917945615120602,-0.06954857669074427,181,306
5548,0.34856634026389827,0.49981013708700367,-0.1512437968231054,181,304
5549,0.4406120494563515,0.43412040477998737,0.00649164467636415,181,315
5550,0.48324588612994324,0.4233237417532263,0.059922144376716946,181,312
5551,0.4311341524175238,0.423038105094203,0.00809604732332081,181,332
5552,0.4089865042405134,0.4527976707924549,-0.043811166551941505,181,309
5553,0.4549447992071781,0.5011382603980871,-0.04619346119090895,181,291
5554,0.43348349128053953,0.48429371748699485,-0.05081022620645531,181,327
5555,0.4280060392188539,0.47159772209408385,-0.043591682875229965,181,317
5556,0.358314014879276,0.47071900331444844,-0.11240498843517244,181,294
5557,0.42947116699627674,0.4609342672730767,-0.03146310027679994,181,331
5558,0.4771176307547903,0.43930475232186966,0.03781287843292064,181,326
5559,0.5013781134899148,0.4906842902490414,0.010693823240873368,181,289
5560,0.46863611008336364,0.41857132481605464,0.05006478526730901,181,292
5561,0.4961621053951535,0.5089069945924282,-0.012744889197274678,181,314
5562,0.3904309198927547,0.4604088249460349,-0.06997790505328022,181,299
5563,0.4255895933250783,0.4236745518472111,0.0019150414778671965,181,325
5564,0.4537544683433277,0.46949200272271735,-0.01573753437938963,181,317
5565,0.4983065088445839,0.4847329390954709,0.013573569749113001,181,276
5566,0.49262588549111236,0.48111346964023094,0.011512415850881419,181,336
5567,0.4512221307067942,0.48391562545445005,-0.03269349474765587,181,298
5568,0.4964748567209126,0.48725299643666986,0.009221860284242767,181,304
5569,0.45376793953897837,0.4455272609030346,0.008240678635943743,181,321
5570,0.3871595547466787,0.5186945376564103,-0.1315349829097316,181,308
5571,0.443563382930538,0.42508711609581795,0.018476266834720034,181,340
5572,0.4624004578635823,0.4586372780547538,0.0037631798088285096,181,324
5573,0.4685565766869206,0.5025438924953626,-0.033987315808442,181,289
5574,0.47740946014557784,0.47452952271152954,0.0028799374340482964,181,319
5575,0.4155413832150129,0.47639537158144935,-0.06085398836643646,181,308
5576,0.43808447885736285,0.41313006987842077,0.024954408978942078,181,370
5577,0.45360165189307977,0.45340487349924635,0.00019677839383341889,181,322
5578,0.46962227461648987,0.46844792026937504,0.0011743543471148254,181,355
5579,0.4353027838823902,0.4480832923280955,-0.01278050844570533,181,306
5580,0.4508720803381771,0.4838639915873178,-0.03299191124914069,181,321
5581,0.4951402595302668,0.4469853256061726,0.0481549339240942,181,322
5582,0.45491570069536724,0.4847525724893621,-0.029836871793994857,181,300
5583,0.4990926208836209,0.47549092511498525,0.023601695768635633,181,347
5584,0.47799759651980933,0.5015686534347975,-0.023571056914988175,181,304
5585,0.397317952338168,0.4751498972660593,-0.07783194492789125,181,327
5586,0.3665237295231177,0.44838847258996634,-0.08186474306684866,181,330
5587,0.47623700960208254,0.5254377342231132,-0.0492007246210307,181,311
5588,0.46165202748479983,0.5283571843989898,-0.06670515691418999,181,307
5589,0.4657989501704415,0.4800430094163181,-0.014244059245876628,181,309
5590,0.5013275372996349,0.5282964938741559,-0.02696895657452103,181,296
5591,0.44922426800341914,0.42837323974625713,0.020851028257162008,181,300
5592,0.4468307169665796,0.4840379417374976,-0.03720722477091798,181,297
5593,0.47695140469226843,0.4309270562356184,0.046024348456650044,181,344
5594,0.39500378335891045,0.5085958039361852,-0.11359202057727474,181,286
5595,0.4908394225913608,0.48826244678332253,0.0025769758080382843,181,290
5596,0.4976491957212194,0.5211982819728338,-0.023549086251614393,181,327
5597,0.44883688269976474,0.4297115238671725,0.019125358832592254,181,338
5598,0.4599517176073367,0.450945270637991,0.009006446969345716,181,341
5599,0.4729250129884005,0.44950017724666813,0.023424835741732375,181,346
5600,0.45069364878268475,0.4052385520983082,0.04545509668437653,181,335
5601,0.39424317661399727,0.4943841725995673,-0.10014099598557002,181,318
5602,0.4499483316797517,0.5436676017095384,-0.09371927002978675,181,296
5603,0.4439558190097782,0.4122777689591142,0.031678050050663986,181,294
5604,0.43894102910410826,0.5617956727987966,-0.12285464369468835,181,293
5605,0.4011559370474566,0.4414082668530663,-0.040252329805609666,181,342
5606,0.44570474638745244,0.48895809412674857,-0.04325334773929612,181,296
5607,0.494171221671258,0.4388387447994013,0.05533247687185666,181,324
5608,0.44609416839658866,0.49222606094550064,-0.04613189254891198,181,296
5609,0.46701805251752054,0.4473452827239502,0.019672769793570355,181,334
5610,0.4312204340030652,0.4898658227093787,-0.05864538870631347,181,309
5611,0.41092760038624704,0.4441788291207023,-0.03325122873445524,181,345
5612,0.46044839691898515,0.4911415902319561,-0.030693193312970934,181,317
5613,0.540502018989414,0.5048425822046622,0.03565943678475181,181,289
5614,0.42982257419096664,0.4217172977235415,0.008105276467425149,181,327
5615,0.4285197304088127,0.435350169429285,-0.006830439020472312,181,350
5616,0.41353063312624033,0.4861202667325116,-0.07258963360627124,181,308
5617,0.5174035424493006,0.5640790144366158,-0.04667547198731514,181,287
5618,0.4433489548709279,0.45209174183042794,-0.008742786959500037,181,348
5619,0.4622609886469141,0.49831649831649827,-0.03605550966958415,181,309
5620,0.4286302599300821,0.5027606849232052,-0.07413042499312317,181,327
5621,0.46064854457254895,0.455156076269687,0.00549246830286193,181,311
5622,0.5432831361547114,0.41148455386988453,0.13179858228482683,181,308
5623,0.4404618754139958,0.43771003161247063,0.0027518438015251556,181,346
5624,0.4217214435263736,0.5201331279868856,-0.09841168446051202,181,291
5625,0.3985672185092054,0.4906474831997386,-0.09208026469053321,181,313
5626,0.46971875268599106,0.45769877543579635,0.012019977250194713,181,321
5627,0.4407457374415743,0.3873780848745028,0.05336765256707149,181,330
5628,0.4113456895083294,0.4748261254941624,-0.06348043598583303,181,316
5629,0.4365602429186654,0.4671563995919065,-0.030596156673241115,181,296
5630,0.411887969944236,0.4394469654761436,-0.027558995531907604,181,326
5631,0.5294851035594323,0.4966819738722346,0.03280312968719773,181,310
5632,0.48184611840074026,0.5436920715048528,-0.061845953104112505,181,292
5633,0.4945551095232931,0.47353276714412473,0.02102234237916839,181,305
5634,0.4683188591723955,0.4785104015824731,-0.010191542410077581,181,328
5635,0.45407185016912827,0.47215496095632176,-0.01808311078719349,181,312
5636,0.488396328685711,0.4139391021244011,0.07445722656130987,181,348
5637,0.48800312631844683,0.44326587833426917,0.044737247984177664,181,311
5638,0.42448928951798004,0.47583026217479996,-0.051340972656819917,181,318
5639,0.429866042142173,0.48405147484094846,-0.05418543269877546,181,322
5640,0.3732970688298095,0.5301281209405778,-0.1568310521107683,181,289
5641,0.4461063472993892,0.49137904308209984,-0.04527269578271065,181,310
5642,0.45737883136061736,0.506040453334272,-0.04866162197365459,181,308
5643,0.3943975436719091,0.5048665059540819,-0.11046896228217279,181,311
5644,0.47502840765301396,0.4214135640854459,0.05361484356756807,181,341
5645,0.48412984722508534,0.5054480605986249,-0.021318213373539563,181,271
5646,0.5157917636973763,0.52492345744506,-0.009131693747683634,181,277
5647,0.4688823624778154,0.4560529521994194,0.012829410278396014,181,313
5648,0.44776023737803966,0.4985004135197979,-0.05074017614175824,181,291
5649,0.4418782207171557,0.5006572964129204,-0.05877907569576474,181,302
5650,0.47027589291104194,0.5066140545438446,-0.036338161632802624,181,303
5651,0.43013811032023286,0.4426540672413694,-0.01251595692113655,181,317
5652,0.3801982249135148,0.4604202327694642,-0.0802220078559494,181,318
5653,0.3844602920553699,0.4208893478013475,-0.0364290557459776,181,332
5654,0.4298619757166388,0.41107602541849725,0.018785950298141563,181,339
5655,0.4823641187844426,0.5066504742231833,-0.024286355438740748,181,297
5656,0.4580550170725029,0.4768186445061824,-0.018763627433679486,181,329
5657,0.3969252031195161,0.43025851573639573,-0.03333331261687961,181,305
5658,0.43430854033045463,0.46617503674917005,-0.03186649641871542,181,330
5659,0.41775324670227293,0.5093744624286496,-0.09162121572637666,181,298
5660,0.43420080954870727,0.45411952388696575,-0.01991871433825848,181,343
5661,0.4603013607279335,0.45549576558106936,0.004805595146864128,181,338
5662,0.392008171494538,0.48776977909579317,-0.09576160760125518,181,300
5663,0.48170220725776286,0.42826802141946707,0.05343418583829579,181,322
5664,0.4131150525974413,0.46625589885188434,-0.05314084625444304,181,337
5665,0.4609614864895307,0.44439700941362076,0.016564477075909967,181,329
5666,0.44637915215893126,0.48524606893354844,-0.03886691677461718,181,328
5667,0.5154139650114072,0.5594337304491998,-0.04401976543779251,181,289
5668,0.49292704574099855,0.442067174280763,0.05085987146023557,181,327
5669,0.4740655945383951,0.45659482313298205,0.017470771405413033,181,311
5670,0.49512782544227946,0.46379267127084983,0.031335154171429624,181,329
5671,0.48548883205080146,0.4792443934774271,0.006244438573374367,181,330
5672,0.4689986705024299,0.5266540858923773,-0.057655415389947395,181,294
5673,0.4901094290051531,0.47490912810657154,0.015200300898581542,181,290
5674,0.4256759272290802,0.42118841542078017,0.004487511808300038,181,332
5675,0.4552563349280177,0.5604340193930851,-0.10517768446506742,181,299
5676,0.4249099576232062,0.45423681305213337,-0.029326855428927157,181,317
5677,0.45767576607022786,0.5285911650481612,-0.07091539897793331,181,299
5678,0.4665147537320805,0.5016055804077999,-0.03509082667571939,181,341
5679,0.478794687992071,0.4705857125079997,0.00820897548407129,181,309
5680,0.46086218208716695,0.508250040017464,-0.04738785793029704,181,300
5681,0.4958580246328305,0.458181909095924,0.03767611553690653,181,327
5682,0.43400416746147547,0.4462350722332976,-0.012230904771822149,181,331
5683,0.4389836157731631,0.4674185028222296,-0.028434887049066493,181,303
5684,0.45936892165734416,0.4262522134317189,0.03311670822562529,181,320
5685,0.4917142107673912,0.4637597134370317,0.027954497330359485,181,327
5686,0.4622329348687383,0.46531467785667113,-0.003081742987932845,181,317
5687,0.48397902897990086,0.4337171260897503,0.050261902890150534,181,325
5688,0.458805399918881,0.5065219297480065,-0.0477165298291255,181,288
5689,0.4503801181128172,0.4225970477720198,0.02778307034079741,181,316
5690,0.4531726254148472,0.48286877761260366,-0.029696152197756454,181,301
5691,0.4389614261671232,0.4164560338187798,0.022505392348343367,181,338
5692,0.4720085143547375,0.466453618165568,0.005554896189169489,181,344
5693,0.4374573486185383,0.4632764316334922,-0.025819083014953892,181,339
5694,0.38442729063089615,0.44602618690449874,-0.0615988962736026,181,321
5695,0.4993090901923753,0.4632917618470319,0.03601732834534338,181,316
5696,0.456224897001596,0.399741747998475,0.056483149003121014,181,367
5697,0.4349812586172254,0.472526275076128,-0.03754501645890257,181,313
5698,0.4493846194047401,0.39206342524287063,0.05732119416186948,181,346
5699,0.46591974022546717,0.4342263049408556,0.03169343528461155,181,304
5700,0.43718441932564583,0.4954816595441595,-0.05829724021851368,181,297
5701,0.4651146547025816,0.46498543294064726,0.00012922176193436163,181,334
5702,0.45478377503310724,0.44232367676461776,0.012460098268489483,181,352
5703,0.43062811945171964,0.47549671490997636,-0.04486859545825672,181,333
5704,0.4301492164925768,0.392328806617453,0.037820409875123806,181,341
5705,0.41620076181234406,0.4614594974253291,-0.045258735612985046,181,313
5706,0.4472327797140391,0.4840762965647432,-0.03684351685070414,181,309
5707,0.48934055432727636,0.5160655325962601,-0.026724978268983735,181,304
5708,0.4530253434508754,0.41810963308407345,0.034915710366801966,181,334
5709,0.5135787675681293,0.46813070750646774,0.04544806006166152,181,323
5710,0.4593901038277585,0.4395904624476053,0.01979964138015322,181,316
5711,0.40980288231162026,0.38959190763784485,0.020210974673775417,181,366
5712,0.47590922218833015,0.4909745477138223,-0.015065325525492168,181,298
5713,0.45700318951065594,0.517904816884707,-0.06090162737405108,181,315
5714,0.5276958237955681,0.5454782960400938,-0.01778247224452567,181,264
5715,0.4462975153645578,0.4223424370585182,0.0239550783060396,181,344
5716,0.4255315821817986,0.4293993661571031,-0.0038677839753045173,181,336
5717,0.431862069293239,0.528403461016102,-0.09654139172286302,181,320
5718,0.5008897669546764,0.5523084511275795,-0.051418684172903184,181,279
5719,0.4243421433832789,0.43984602506360954,-0.015503881680330622,181,338
5720,0.45181849785231665,0.45358039111964715,-0.0017618932673305054,181,299
5721,0.35385045349333494,0.4445769084015295,-0.09072645490819459,181,314
5722,0.514824880858679,0.47944092478249084,0.035383956076188106,181,305
5723,0.5380715968177532,0.5049592662690328,0.033112330548720426,181,304
5724,0.47907860232315436,0.5356493691796678,-0.05657076685651341,181,305
5725,0.5365990824213344,0.46828234446570305,0.06831673795563131,181,299
5726,0.4372621723120439,0.5004307942649545,-0.06316862195291062,181,303
5727,0.5209608392491534,0.47733672269926475,0.043624116549888625,181,333
5728,0.46472428912056224,0.4205883939575283,0.044135895163033956,181,336
5729,0.5084394363806128,0.4915832681885376,0.01685616819207525,181,306
5730,0.5135575648704959,0.48035317282294127,0.0332043920475546,181,304
5731,0.44105602354648316,0.4405909830565946,0.0004650404898885463,181,359
5732,0.4631190222752492,0.4600061842918986,0.0031128379833506026,181,319
5733,0.41974113067766555,0.4387468680186486,-0.019005737340983042,181,368
5734,0.4359135931835151,0.4874090895597708,-0.05149549637625572,181,295
5735,0.47623398055041294,0.4831830586494335,-0.006949078099020567,181,323
5736,0.4717769286235795,0.4663232961072689,0.005453632516310591,181,316
5737,0.4656899407503427,0.4503255290451497,0.015364411705192982,181,310
5738,0.4097149375352947,0.47193752734471595,-0.06222258980942125,181,321
5739,0.4155767118779555,0.47054117478912943,-0.05496446291117396,181,308
5740,0.4007335208164696,0.403926904706644,-0.0031933838901743727,181,334
5741,0.5006675481304564,0.46720963716705194,0.0334579109634045,181,329
5742,0.497114664328174,0.470285976799896,0.02682868752827805,181,294
5743,0.4940215674283427,0.4082951598636794,0.08572640756466327,181,325
5744,0.4593739992240368,0.49228166153121505,-0.03290766230717823,181,333
5745,0.42665040277332966,0.4196643262021159,0.006986076571213751,181,330
5746,0.4546438627093933,0.4867220827222476,-0.03207822001285432,181,320
5747,0.4464826133598262,0.4862873639140945,-0.0398047505542683,181,322
5748,0.41536673071764457,0.48190959354271445,-0.06654286282506988,181,304
5749,0.4734815461986971,0.452798002432555,0.020683543766142065,181,325
5750,0.4790930106147608,0.42334659006854514,0.05574642054621565,181,376
5751,0.39236046061075963,0.45169301555163444,-0.059332554940874804,181,333
5752,0.4335553076670526,0.49519925741557624,-0.06164394974852366,181,334
5753,0.5050663545702043,0.4881061208660311,0.01696023370417321,181,307
5754,0.48922815225216504,0.5076080067516117,-0.018379854499446624,181,298
5755,0.417950954959181,0.46035835157904365,-0.04240739661986265,181,304
5756,0.4712398712398712,0.5455104772685953,-0.07427060602872404,181,297
5757,0.47145447255687273,0.48835807858604047,-0.01690360602916774,181,313
5758,0.43674214938633693,0.4770396300812815,-0.04029748069494454,181,317
5759,0.4403950200203127,0.5006906229848055,-0.06029560296449277,181,293
5760,0.45540863490329553,0.4571378211964097,-0.0017291862931141933,181,317
5761,0.40925545248699235,0.5314419707276851,-0.12218651824069271,181,290
5762,0.5526766193984806,0.4250095255419799,0.12766709385650066,181,322
5763,0.4796957324819909,0.46773146695553997,0.011964265526450912,181,299
5764,0.5333861540758092,0.5094790207289587,0.023907133346850573,181,286
5765,0.41782921245495,0.5017747324068106,-0.08394551995186056,181,313
5766,0.4976756994932804,0.5246362382012607,-0.02696053870798032,181,284
5767,0.5263459699805957,0.47498349877005985,0.05136247121053583,181,293
5768,0.45552686952132776,0.45637804307674884,-0.0008511735554210809,181,317
5769,0.45905522246671093,0.4503965946452065,0.00865862782150445,181,353
5770,0.43765367879132816,0.3730672204724521,0.06458645831887605,181,352
5771,0.35750650282266205,0.5164518439881777,-0.15894534116551562,181,308
5772,0.469990171052816,0.48890226230854933,-0.018912091255733343,181,287
5773,0.4478167024385512,0.4763126070202243,-0.028495904581673115,181,277
5774,0.44175433851841334,0.4435987444968047,-0.0018444059783913613,181,307
5775,0.38645375452899294,0.4763197564261062,-0.08986600189711325,181,322
5776,0.48225044823613594,0.477435014069853,0.004815434166282939,181,340
5777,0.43290273501319254,0.4160315311619766,0.016871203851215932,181,324
5778,0.4458959288294833,0.47222204892778,-0.026326120098296713,181,304
5779,0.4573254541061727,0.4782290764873109,-0.020903622381138187,181,289
5780,0.4877514262751851,0.4864403003607533,0.0013111259144317766,181,309
5781,0.4749899443981332,0.4939526980382797,-0.01896275364014649,181,305
5782,0.4706777952209939,0.43773562007008787,0.03294217515090603,181,362
5783,0.40981062776121246,0.44463547808215903,-0.034824850320946565,181,335
5784,0.3333225588703292,0.48683904023891966,-0.15351648136859047,181,332
5785,0.517075240336787,0.5656448477261105,-0.04856960738932348,181,291
5786,0.4935256834356187,0.46973191591608193,0.023793767519536768,181,324
5787,0.5079219709776146,0.516516049739734,-0.008594078762119373,181,288
5788,0.4593709653967904,0.4416982696326203,0.017672695764170077,181,334
5789,0.46678331782878985,0.4548951899870371,0.01188812784175275,181,310
5790,0.4465920032800036,0.43113332146945593,0.015458681810547659,181,328
5791,0.35853173963773044,0.4250953767551876,-0.06656363711745716,181,318
5792,0.4364759718655981,0.4936567797583578,-0.0571808078927597,181,331
5793,0.414271538457383,0.4665114410113339,-0.05223990255395089,181,322
5794,0.477437996006236,0.4581862855659991,0.01925171044023688,181,275
5795,0.3882543872345504,0.4943631973707161,-0.10610881013616569,181,289
5796,0.46947034378372526,0.4320664277080742,0.03740391607565108,181,331
5797,0.3844358157078407,0.4722052518217595,-0.0877694361139188,181,335
5798,0.5538793308322261,0.4611402436954824,0.09273908713674367,181,291
5799,0.468591590041098,0.5148008363947227,-0.04620924635362472,181,299
5800,0.42944740035997037,0.461533213101409,-0.032085812741438624,181,316
5801,0.4021999716890831,0.45662790890223803,-0.05442793721315492,181,319
5802,0.468037371011848,0.4538988994160321,0.014138471595815882,181,325
5803,0.46643927551659464,0.5142880681929917,-0.04784879267639702,181,293
5804,0.4649838704438065,0.48280108891041745,-0.01781721846661094,181,307
5805,0.47477164691181883,0.5307557588283845,-0.055984111916565715,181,294
5806,0.45784635852415245,0.47464487514280046,-0.016798516618648007,181,312
5807,0.47868702829781146,0.5500145135882145,-0.07132748529040306,181,291
5808,0.41883489604008706,0.4948573145565544,-0.07602241851646735,181,333
5809,0.4497809333760899,0.420125472601758,0.0296554607743319,181,341
5810,0.48676096697428534,0.5380699353797291,-0.0513089684054438,181,322
5811,0.47769949682377894,0.4721157092704344,0.005583787553344544,181,320
5812,0.41873754751822334,0.4749573133482556,-0.05621976583003224,181,317
5813,0.46308991759478463,0.48296926889773323,-0.0198793513029486,181,304
5814,0.40257687250770086,0.4817933957742278,-0.07921652326652695,181,316
5815,0.452287514470486,0.4761166944552048,-0.02382917998471884,181,311
5816,0.4937627506336954,0.4559095182864327,0.03785323234726268,181,293
5817,0.47631177891573,0.5011120407964537,-0.02480026188072365,181,287
5818,0.4716222793057185,0.4652350304008781,0.006387248904840381,181,340
5819,0.47589223363357386,0.4589535047439771,0.016938728889596744,181,345
5820,0.48192145350985655,0.476469434209713,0.005452019300143551,181,346
5821,0.41494541578702887,0.476543767384311,-0.06159835159728211,181,329
5822,0.4541203320592118,0.4592707435538318,-0.0051504114946199775,181,332
5823,0.44367698609634093,0.43491284472512187,0.008764141371219059,181,333
5824,0.47661908400223957,0.528217566331352,-0.051598482329112405,181,319
5825,0.47592008282018833,0.4263922231557552,0.04952785966443313,181,360
5826,0.48697255004648216,0.48290691882305775,0.004065631223424404,181,317
5827,0.4493879826177963,0.49244170849752594,-0.043053725879729665,181,303
5828,0.4343179850414323,0.45308090467035406,-0.018762919628921737,181,346
5829,0.4153290215922166,0.4265305694142167,-0.011201547822000113,181,356
5830,0.42111203381534834,0.4363906538225046,-0.01527862000715624,181,345
5831,0.411321735545338,0.504163730613287,-0.09284199506794899,181,293
5832,0.4500654434820062,0.42172314187447074,0.02834230160753548,181,334
5833,0.46456175621613405,0.5111198227207157,-0.04655806650458161,181,294
5834,0.3682670937796536,0.47088826170655657,-0.10262116792690296,181,302
5835,0.5285529596453966,0.4758973921597057,0.05265556748569089,181,306
5836,0.5302008218632751,0.4415844469271895,0.0886163749360856,181,323
5837,0.43805093667371187,0.4014092386327433,0.03664169804096856,181,328
5838,0.44019624933071977,0.4534737328383779,-0.013277483507658117,181,335
5839,0.5132452063943412,0.5785482457349501,-0.06530303934060888,181,284
5840,0.4749129233616917,0.47249931614216123,0.002413607219530489,181,298
5841,0.43888381601847165,0.537315546413846,-0.0984317303953744,181,288
5842,0.46998695400721285,0.5035829978195735,-0.03359604381236064,181,304
5843,0.48753793810851404,0.4544898899045663,0.033048048203947744,181,299
5844,0.4764361233511901,0.48314151704257124,-0.006705393691381123,181,301
5845,0.47410455368873544,0.4997110784062769,-0.025606524717541435,181,284
5846,0.4537985042831537,0.5401637330355963,-0.08636522875244257,181,298
5847,0.4975097659695994,0.5711516098801448,-0.0736418439105454,181,278
5848,0.5118492445897165,0.5237855946398658,-0.011936350050149369,181,303
5849,0.5122382541719679,0.5014267702812282,0.010811483890739715,181,316
5850,0.4472079976617677,0.4336911753366026,0.013516822325165101,181,332
5851,0.42201389505971715,0.484670288297639,-0.06265639323792183,181,299
5852,0.44745951342627777,0.48556154000934326,-0.038102026583065496,181,313
5853,0.522366657796356,0.5178040148007129,0.004562642995643129,181,300
5854,0.5089656418988753,0.5053013281563934,0.003664313742481884,181,307
5855,0.43164499691624475,0.48775567129331093,-0.05611067437706618,181,301
5856,0.43639757770987003,0.44257084176660155,-0.00617326405673152,181,352
5857,0.4039462518683464,0.4994146843924253,-0.09546843252407894,181,289
5858,0.46680764289361953,0.4527410864188459,0.014066556474773617,181,316
5859,0.4514646547792151,0.46600596387043286,-0.014541309091217758,181,306
5860,0.4181962112540606,0.4627878443747008,-0.044591633120640184,181,321
5861,0.4951891366626226,0.5140204906467237,-0.01883135398410113,181,274
5862,0.5038812393436797,0.5405345995485059,-0.036653360204826235,181,272
5863,0.43334998431404775,0.4303114339232696,0.003038550390778161,181,331
5864,0.4869287793319995,0.4519605324345726,0.03496824689742689,181,290
5865,0.36058364664965775,0.3891479563048957,-0.02856430965523793,181,331
5866,0.4923113041626195,0.441247206937147,0.051064097225472505,181,329
5867,0.44233534229305527,0.486489304613392,-0.04415396232033675,181,297
5868,0.4009003671245212,0.42244484919188896,-0.021544482067367754,181,345
5869,0.48078665378033725,0.4869783590531678,-0.006191705272830528,181,323
5870,0.4507378502506074,0.4497862370808009,0.00095161316980652,181,313
5871,0.46493417663048303,0.4782829245899324,-0.013348747959449347,181,328
5872,0.4133449399134702,0.5116916402080772,-0.09834670029460701,181,320
5873,0.4225931655918174,0.4483472663939211,-0.025754100802103663,181,347
5874,0.5043152136902137,0.4070901206482094,0.09722509304200433,181,348
5875,0.4363222915562817,0.4264189556349121,0.009903335921369605,181,352
5876,0.4904635263956891,0.5638910220006366,-0.07342749560494749,181,300
5877,0.4327826368642695,0.4806964247370731,-0.04791378787280359,181,300
5878,0.47369226512484375,0.5432641532531713,-0.0695718881283276,181,293
5879,0.4421813405788056,0.4645597456854399,-0.022378405106634303,181,335
5880,0.4782479283868682,0.4643855570555922,0.013862371331275991,181,312
5881,0.4497451213074152,0.4342785654759097,0.015466555831505469,181,343
5882,0.4943205107324609,0.5021624125917582,-0.007841901859297284,181,306
5883,0.45248153128753105,0.5200744272489566,-0.06759289596142554,181,312
5884,0.42526257591680966,0.5248381993615862,-0.0995756234447765,181,312
5885,0.47675295530226974,0.47648681204198734,0.0002661432602824032,181,299
5886,0.4832904175204756,0.44970460933644757,0.03358580818402801,181,316
5887,0.47005977084413697,0.4423578970348451,0.027701873809291844,181,331
5888,0.45426730961314693,0.4768843276217071,-0.022617018008560197,181,313
5889,0.49406975797355074,0.46409590917600063,0.029973848797550107,181,317
5890,0.48572348506078683,0.47068035835266636,0.015043126708120469,181,336
5891,0.4719542601602334,0.5174788190391494,-0.04552455887891599,181,281
5892,0.4903117245025466,0.5132081096927593,-0.022896385190212698,181,289
5893,0.41741600533960493,0.41951422639176644,-0.0020982210521615086,181,307
5894,0.41491051033200615,0.4362918571287057,-0.021381346796699563,181,332
5895,0.47335878791682945,0.4929087193343942,-0.019549931417564725,181,304
5896,0.4470219487621899,0.4841138660244564,-0.03709191726226646,181,342
5897,0.46146330054655493,0.5137657974838372,-0.05230249693728228,181,326
5898,0.49015008601675564,0.510191472473324,-0.020041386456568333,181,312
5899,0.48827779903901886,0.5525088593499056,-0.06423106031088671,181,292
5900,0.46267331012672624,0.43084684083687075,0.0318264692898555,181,317
5901,0.48108796677253807,0.4723564393862687,0.008731527386269367,181,348
5902,0.43701119852014997,0.5050018664168022,-0.06799066789665226,181,324
5903,0.5026901372893697,0.4488168764192396,0.05387326087013011,181,329
5904,0.4555153862163221,0.47259930813983847,-0.017083921923516376,181,336
5905,0.3732001440577119,0.4360429854474666,-0.06284284138975471,181,335
5906,0.4672975050176828,0.4542149992468815,0.013082505770801278,181,315
5907,0.46454427638400714,0.5073210231688713,-0.04277674678486415,181,299
5908,0.43771107076825405,0.4697801401853198,-0.03206906941706572,181,299
5909,0.4930569110634094,0.4990834484720115,-0.006026537408602151,181,283
5910,0.45217146247657586,0.450470687738142,0.0017007747384338856,181,322
5911,0.45124555258143045,0.5109928777068736,-0.059747325125443174,181,307
5912,0.49224501288765315,0.5232445423490815,-0.03099952946142831,181,297
5913,0.4718516547935058,0.5092209216322896,-0.03736926683878378,181,293
5914,0.46545801996219044,0.5268902580366708,-0.06143223807448034,181,281
5915,0.4683600029577201,0.5038864803190013,-0.03552647736128117,181,309
5916,0.39230652888769174,0.4569353427415966,-0.06462881385390484,181,321
5917,0.47643934664234544,0.5271055185948803,-0.050666171952534866,181,312
5918,0.4786373160548495,0.507442315238652,-0.028804999183802527,181,311
5919,0.5026407209069986,0.528364494585526,-0.025723773678527406,181,311
5920,0.4512006478469893,0.4654314721790689,-0.014230824332079561,181,304
5921,0.4426319310642492,0.4356883814720421,0.00694354959220711,181,325
5922,0.5598947066469844,0.5642849186458209,-0.004390211998836491,181,290
5923,0.4567554586925047,0.4190794573632898,0.03767600132921495,181,340
5924,0.5116028564133084,0.44778233845598503,0.06382051795732335,181,321
5925,0.4814883691019543,0.491554867832758,-0.010066498730803675,181,316
5926,0.4895928376635936,0.49995476818482715,-0.01036193052123352,181,296
5927,0.4579915561958658,0.4297362605807935,0.028255295615072284,181,296
5928,0.4728012762566003,0.5017700706925186,-0.028968794435918266,181,301
5929,0.5198010188166681,0.508643306574701,0.011157712241967044,181,285
5930,0.46088094528177653,0.44743138805653676,0.013449557225239772,181,325
5931,0.43172554833895666,0.4482123019269862,-0.016486753588029535,181,337
5932,0.5338687470095016,0.4635612835589965,0.07030746345050509,181,322
5933,0.4383581310611938,0.4961310298108277,-0.05777289874963387,181,309
5934,0.4723024922942595,0.5013930948195907,-0.02909060252533119,181,328
5935,0.38180897636707567,0.4089909811742605,-0.027182004807184856,181,313
5936,0.40214761146600647,0.4329904877359775,-0.03084287626997101,181,353
5937,0.4455594820900943,0.5093979201740806,-0.06383843808398626,181,318
5938,0.4391248484514157,0.43090232216762825,0.008222526283787446,181,322
5939,0.46461523485918893,0.5003639871423714,-0.03574875228318247,181,299
5940,0.4852700101338559,0.4445483984614419,0.040721611672414004,181,325
5941,0.4869741053655022,0.4947618283803089,-0.007787723014806736,181,307
5942,0.44770387728149785,0.44338625729603176,0.004317619985466092,181,323
5943,0.4994536452128762,0.49186083436532707,0.007592810847549147,181,311
5944,0.47714697741215356,0.4556519404402386,0.02149503697191496,181,320
5945,0.41903898104092135,0.49584174614840915,-0.07680276510748779,181,314
5946,0.441122155671665,0.4638251537093387,-0.022702998037673672,181,332
5947,0.4451853197854824,0.49792849388655364,-0.05274317410107121,181,288
5948,0.4093545710566656,0.4394035625361314,-0.03004899147946577,181,326
5949,0.5148084445270736,0.48177143767205877,0.03303700685501487,181,307
5950,0.438739234080849,0.5177561886236558,-0.07901695454280677,181,283
5951,0.4287241752892329,0.5020126257545553,-0.0732884504653224,181,319
5952,0.43163735202488446,0.5426859278168011,-0.11104857579191668,181,310
5953,0.4516341942640971,0.4695012188995126,-0.01786702463541545,181,311
5954,0.48585863623757514,0.4689300093286123,0.01692862690896285,181,299
5955,0.4478256831697152,0.4965119465604982,-0.04868626339078297,181,319
5956,0.49550067136181497,0.5032103069351676,-0.00770963557335258,181,312
5957,0.45915224405123845,0.5158544560823846,-0.056702212031146115,181,294
5958,0.41287445505620746,0.48866196639734066,-0.0757875113411332,181,322
5959,0.4298572680325285,0.45996893714504156,-0.030111669112513062,181,340
5960,0.3799420463566849,0.46546474810058297,-0.08552270174389809,181,299
5961,0.5144363308616631,0.4909801211483007,0.023456209713362375,181,304
5962,0.49391302179540325,0.5454603431763313,-0.051547321380928046,181,304
5963,0.4662820166560801,0.4786223553304299,-0.012340338674349804,181,333
5964,0.44622740268703004,0.5082936723232293,-0.06206626963619927,181,315
5965,0.4669462282476374,0.45250687109688176,0.014439357150755616,181,326
5966,0.36544697878022475,0.3775704813490875,-0.012123502568862743,181,371
5967,0.4637437846705046,0.4890269366513365,-0.02528315198083192,181,308
5968,0.4396490667802143,0.4777339374846386,-0.03808487070442429,181,304
5969,0.523963260932997,0.5476747057449091,-0.023711444811912008,181,273
5970,0.47716762606025115,0.4478854539569555,0.029282172103295645,181,320
5971,0.4365857029489524,0.42134356876651174,0.015242134182440636,181,343
5972,0.4148470326970455,0.446304935414395,-0.031457902717349495,181,326
5973,0.4334825284443911,0.5510916134514453,-0.11760908500705419,181,292
5974,0.465581766884499,0.5238272424283024,-0.05824547554380338,181,300
5975,0.497154259985673,0.4742252805352732,0.02292897945039979,181,317
5976,0.44233746486539677,0.49767340887517114,-0.055335944009774374,181,289
5977,0.44425916503456314,0.42210485791872304,0.0221543071158401,181,306
5978,0.4371390289095302,0.47138505510214135,-0.034246026192611134,181,330
5979,0.43800609761663,0.48282695614628385,-0.04482085852965384,181,290
5980,0.46215369914872906,0.5069673068365991,-0.044813607687870016,181,332
5981,0.470066689948191,0.5399710706369801,-0.06990438068878913,181,287
5982,0.4392143495747828,0.42686771605736246,0.012346633517420325,181,316
5983,0.46855034169908033,0.4946309051482097,-0.026080563449129346,181,311
5984,0.5116437559418499,0.4838710692911859,0.027772686650663958,181,328
5985,0.43916958483529417,0.5277292282339145,-0.08855964339862038,181,300
5986,0.4376774558328568,0.4890585123886527,-0.051381056555795945,181,317
5987,0.49044350861895875,0.4746158007193942,0.015827707899564558,181,308
5988,0.4518202328894461,0.4824190396570292,-0.030598806767583087,181,328
5989,0.3655042271637437,0.45852325579948455,-0.09301902863574085,181,313
5990,0.4950019193020526,0.49082010139454807,0.004181817907504548,181,313
5991,0.4910381952980773,0.47351511484911174,0.017523080448965556,181,302
5992,0.4598127889256079,0.5007517496387569,-0.04093896071314901,181,316
5993,0.4744200092523073,0.4934183539842664,-0.018998344731959105,181,321
5994,0.3687665659149036,0.4856795711886646,-0.11691300527376103,181,299
5995,0.4223421913544059,0.4339466259254287,-0.011604434571022781,181,323
5996,0.4169412739505643,0.4684914039490987,-0.05155012999853442,181,335
5997,0.4901338992129807,0.498340342553809,-0.008206443340828318,181,297
5998,0.364158161340105,0.4544407763995567,-0.09028261505945173,181,335
5999,0.4123465155927562,0.43759635788312573,-0.02524984229036953,181,315
6000,0.47524750112985403,0.49316478062050123,-0.017917279490647198,181,325
6001,0.46808238175253625,0.46644433496378224,0.0016380467887540107,181,337
6002,0.43186554639352276,0.46216792253501576,-0.030302376141493004,181,293
6003,0.4041783700809121,0.47303540690898027,-0.06885703682806815,181,306
6004,0.4094932637956435,0.4547324395786837,-0.04523917578304021,181,355
6005,0.39926583281385586,0.4740926558605173,-0.07482682304666144,181,319
6006,0.3809627517487093,0.45576985382090607,-0.07480710207219676,181,320
6007,0.48209238912036917,0.43660157428904584,0.045490814831323334,181,305
6008,0.48068794202355175,0.48885175680662557,-0.00816381478307382,181,312
6009,0.47979062258007704,0.5612632605361364,-0.08147263795605936,181,276
6010,0.5110670518653191,0.43771636136168157,0.07335069050363752,181,310
6011,0.47602418841419614,0.46826804728701255,0.007756141127183591,181,320
6012,0.4586968488991401,0.46416087609032936,-0.005464027191189269,181,319
6013,0.44159854409083776,0.4153046467361504,0.026293897354687346,181,295
6014,0.47655567816781935,0.44179075720669864,0.034764920961120716,181,334
6015,0.5116302552276392,0.511693770589068,-6.351536142878977e-05,181,275
6016,0.42095236936037855,0.4459643150660357,-0.025011945705657124,181,322
6017,0.41774083843475135,0.4611017462293847,-0.04336090779463336,181,312
6018,0.4752479976560376,0.4345519078414827,0.040696089814554914,181,333
6019,0.4349493409833681,0.4487759987759988,-0.013826657792630648,181,337
6020,0.3764561716091931,0.4775347076591,-0.10107853604990691,181,321
6021,0.41584819269383616,0.4491957235518265,-0.03334753085799036,181,332
6022,0.3862324867250976,0.524319469198642,-0.13808698247354445,181,322
6023,0.46700690598392225,0.5113373225130379,-0.044330416529115624,181,321
6024,0.4396719000390302,0.46430385678074826,-0.024631956741718086,181,344
6025,0.46536102042369715,0.4455824439170937,0.019778576506603474,181,292
6026,0.3951853490006648,0.4688008985903906,-0.07361554958972577,181,338
6027,0.46711600313233564,0.5041348537304726,-0.037018850598136976,181,308
6028,0.46785827695282184,0.5283826947332784,-0.06052441778045653,181,304
6029,0.47435672131388096,0.48148172430437575,-0.007125002990494789,181,293
6030,0.4715740903303532,0.5234680186835242,-0.051893928353171026,181,292
6031,0.4902894649277873,0.47000082442160035,0.02028864050618695,181,320
6032,0.5000607984141562,0.5523907252168122,-0.052329926802656024,181,312
6033,0.4609349704712146,0.44257114884405935,0.018363821627155275,181,340
6034,0.5040872723386592,0.456611516780192,0.047475755558467225,181,330
6035,0.4763468287745217,0.39413073476231375,0.08221609401220797,181,332
6036,0.47740815705597,0.416271640090319,0.06113651696565103,181,341
6037,0.38562356824559574,0.49133564423547654,-0.1057120759898808,181,290
6038,0.4208221571654363,0.4189353831718364,0.0018867739935999328,181,368
6039,0.40510693924431795,0.4822147517807121,-0.07710781253639415,181,322
6040,0.4521778488706906,0.4432794168291946,0.00889843204149604,181,306
6041,0.4791911770136936,0.4502337437547209,0.02895743325897271,181,320
6042,0.4807270972080807,0.4330793761813171,0.04764772102676362,181,300
6043,0.4816644686598121,0.4969707976926822,-0.015306329032870103,181,306
6044,0.4032356931246875,0.423747840058789,-0.020512146934101527,181,382
6045,0.4402949999153543,0.435827722537749,0.004467277377605328,181,317
6046,0.4859668425541412,0.547670636448083,-0.061703793893941816,181,313
6047,0.4121673130666558,0.45286959546549194,-0.04070228239883611,181,326
6048,0.4737457495685865,0.3860019018409884,0.08774384772759808,181,320
6049,0.4806069875256895,0.499972357433945,-0.019365369908255547,181,295
6050,0.49079304658122386,0.49766976441515764,-0.0068767178339337875,181,317
6051,0.45925359797540244,0.4950091736942214,-0.03575557571881899,181,317
6052,0.4532798990462907,0.5039427905805837,-0.050662891534292986,181,282
6053,0.5195299853643711,0.4808824568646486,0.03864752849972253,181,287
6054,0.4622177069140524,0.4784349530173618,-0.01621724610330938,181,302
6055,0.4228192344249176,0.5242907257315108,-0.10147149130659322,181,307
6056,0.4443027123658395,0.41416185932186667,0.03014085304397285,181,348
6057,0.4263634527280789,0.5136580511854567,-0.0872945984573778,181,288
6058,0.4527340592405072,0.4508352958068972,0.0018987634336100068,181,311
6059,0.43122736408287604,0.4898114949729143,-0.05858413089003828,181,314
6060,0.47443472072135057,0.4388626484177546,0.03557207230359599,181,353
6061,0.45130417752734975,0.4762919620062477,-0.024987784478897934,181,316
6062,0.5160581498879371,0.4591937664747162,0.056864383413220865,181,302
6063,0.4767367482502927,0.4689286894503092,0.0078080587999835305,181,327
6064,0.440977959550267,0.5319477426590986,-0.09096978310883164,181,295
6065,0.49471786207427343,0.5061373675590005,-0.011419505484727088,181,290
6066,0.37933055017725614,0.47795187652445154,-0.09862132634719539,181,327
6067,0.36149569007166144,0.4644613490613506,-0.10296565898968918,181,308
6068,0.41189929169390016,0.5121598435211162,-0.10026055182721605,181,278
6069,0.4774339410310526,0.4892102619728323,-0.011776320941779717,181,293
6070,0.4470815057449339,0.5092538397585907,-0.06217233401365685,181,315
6071,0.46887835907248554,0.46833554366112967,0.0005428154113558681,181,311
6072,0.4888185563124149,0.4530438672935873,0.03577468901882758,181,325
6073,0.3314775707918859,0.4689291347146395,-0.1374515639227536,181,317
6074,0.5136913653915067,0.48598735899814455,0.02770400639336218,181,291
6075,0.5004752079495606,0.5000948344168271,0.00038037353273345786,181,300
6076,0.43574760651802846,0.5246421740232093,-0.08889456750518088,181,315
6077,0.4813088975742206,0.4557603076256042,0.025548589948616363,181,345
6078,0.42666573473905445,0.4241231037094201,0.002542631029634368,181,374
6079,0.4485703806240954,0.40221654509611504,0.046353835527980336,181,323
6080,0.4603997005500765,0.44070745415283225,0.019692246397244262,181,357
6081,0.4776400487070341,0.46159183611342464,0.016048212593609446,181,293
6082,0.5083158355388179,0.5195626423607074,-0.011246806821889499,181,296
6083,0.4528656921969802,0.5002699204712094,-0.04740422827422924,181,317
6084,0.5077083743817914,0.47724359228118635,0.030464782100605048,181,295
6085,0.4318363068948751,0.3923678236018745,0.03946848329300062,181,354
6086,0.4704328048761196,0.49287766060538585,-0.022444855729266244,181,319
6087,0.4185502321364867,0.4233791966723849,-0.004828964535898206,181,318
6088,0.5044623379463441,0.4780350917929034,0.02642724615344072,181,322
6089,0.43933987167457184,0.5213253610302768,-0.08198548935570499,181,309
6090,0.48865045599497087,0.5811926198752377,-0.09254216388026687,181,290
6091,0.4215982098526775,0.42833219453789423,-0.006733984685216743,181,326
6092,0.3737727165219732,0.45296543798704647,-0.07919272146507328,181,319
6093,0.4580096173557851,0.44822398628010773,0.00978563107567737,181,345
6094,0.48278018203201445,0.5530735357992178,-0.07029335376720336,181,290
6095,0.4321510777847496,0.4971857513786805,-0.06503467359393089,181,307
6096,0.42765757106876395,0.5179213059302293,-0.09026373486146538,181,314
6097,0.496453355420318,0.47324220890980934,0.02321114651050865,181,301
6098,0.4106343450741333,0.44380706054235963,-0.03317271546822631,181,357
6099,0.45745333199433164,0.4291373773812057,0.028315954613125915,181,330
6100,0.4513777244975164,0.490267469029079,-0.038889744531562576,181,310
6101,0.5053080425564392,0.47185687856651526,0.03345116398992398,181,342
6102,0.482275495409818,0.43144886462720455,0.05082663078261346,181,333
6103,0.4351874951478189,0.47201248161786136,-0.03682498647004245,181,316
6104,0.49943269878480784,0.5365311248472334,-0.03709842606242558,181,290
6105,0.4535701694193776,0.424342363943133,0.029227805476244595,181,337
6106,0.4525828805570567,0.4734284069091025,-0.020845526352045785,181,320
6107,0.4511877573362654,0.39306335807233017,0.058124399263935256,181,312
6108,0.5083433668771155,0.4818232662192394,0.026520100657876078,181,329
6109,0.45407094643354057,0.46988111086056394,-0.015810164427023377,181,331
6110,0.4329753934565939,0.49410326663883797,-0.06112787318224405,181,311
6111,0.41805617233416914,0.4522297576886643,-0.03417358535449516,181,295
6112,0.49239471581248034,0.5190874846152617,-0.02669276880278132,181,284
6113,0.4479581306206693,0.5007214727956708,-0.052763342175001504,181,311
6114,0.4644601434507707,0.5326720756631615,-0.06821193221239086,181,307
6115,0.44979222841534333,0.45171761349398715,-0.0019253850786438154,181,310
6116,0.4659179721203177,0.47922642132582266,-0.013308449205504946,181,340
6117,0.42088853505922313,0.45647851409815293,-0.0355899790389298,181,315
6118,0.3724145750254125,0.3865842874146598,-0.014169712389247302,181,335
6119,0.5089729232011757,0.5037614238516412,0.005211499349534465,181,290
6120,0.48113772694098766,0.4815037395950811,-0.0003660126540934172,181,324
6121,0.4335125677456699,0.48679812825583263,-0.053285560510162755,181,331
6122,0.459274593178128,0.44805148824686786,0.011223104931260164,181,341
6123,0.4865789723184169,0.48355754105751825,0.003021431260898655,181,289
6124,0.4868294620417536,0.520989010989011,-0.03415954894725737,181,305
6125,0.3887903494406881,0.45042085958807476,-0.061630510147386686,181,329
6126,0.4148793959580666,0.47898378750477066,-0.06410439154670405,181,333
6127,0.4298957554152375,0.5172697447773436,-0.08737398936210605,181,310
6128,0.43372407736210455,0.4224826552643103,0.011241422097794274,181,333
6129,0.4703716452463776,0.4574546287105674,0.012917016535810177,181,345
6130,0.4392534974411086,0.5039302435119569,-0.06467674607084833,181,292
6131,0.4332795728261979,0.4727873685144665,-0.03950779568826862,181,290
6132,0.41241965922171336,0.420311530182694,-0.007891870960980651,181,354
6133,0.4627142767515439,0.4711957432088999,-0.00848146645735598,181,329
6134,0.44163198174006446,0.46416297266841794,-0.022530990928353478,181,308
6135,0.4211278973470945,0.43047020140003084,-0.009342304052936345,181,307
6136,0.46129786308175735,0.421981682150231,0.039316180931526334,181,339
6137,0.4513626459763662,0.44654432591269166,0.004818320063674553,181,335
6138,0.44606941884485013,0.39699209053519624,0.04907732830965389,181,318
6139,0.47088619231476375,0.44418559140884756,0.026700600905916194,181,328
6140,0.49583833662210725,0.5109854862143406,-0.015147149592233344,181,286
6141,0.45179731729223427,0.46816215211043716,-0.01636483481820289,181,334
6142,0.44010280983177485,0.46897151987463964,-0.028868710042864787,181,326
6143,0.4674016994987015,0.4905339634773482,-0.023132263978646705,181,328
6144,0.4988970106937987,0.5374660591473868,-0.03856904845358805,181,285
6145,0.46937615047748027,0.5137994653396442,-0.04442331486216389,181,291
6146,0.46284992113443824,0.569024535092679,-0.1061746139582408,181,296
6147,0.4112120379957704,0.5111358336240446,-0.09992379562827419,181,311
6148,0.42517020433749375,0.5024415336682733,-0.07727132933077951,181,314
6149,0.5086172983617246,0.45325566249793736,0.055361635863787284,181,323
6150,0.48389566630591724,0.5072449313295833,-0.02334926502366602,181,298
6151,0.4091640649341395,0.4420545262481156,-0.032890461313976105,181,331
6152,0.5153362564920437,0.49760427144959907,0.017731985042444665,181,296
6153,0.42425953601077493,0.4016006243524907,0.02265891165828421,181,317
6154,0.4861309188082737,0.5189432463459924,-0.03281232753771873,181,313
6155,0.48059752462451844,0.42698026713542175,0.05361725748909668,181,331
6156,0.4191819596177936,0.4339982909559797,-0.014816331338186106,181,347
6157,0.46666435997729844,0.4965880087230629,-0.029923648745764475,181,308
6158,0.43530818732682086,0.48083587369228764,-0.04552768636546678,181,326
6159,0.4671967127904293,0.4891326869359876,-0.021935974145558312,181,306
6160,0.4826380484351135,0.48677654066268017,-0.004138492227566681,181,297
6161,0.4973800638016546,0.4356493339179379,0.061730729883716695,181,327
6162,0.43812022154958147,0.4122364797663602,0.02588374178322128,181,335
6163,0.4655855750601295,0.5030397204018128,-0.03745414534168329,181,304
6164,0.44641829657418636,0.44017262077244695,0.006245675801739403,181,338
6165,0.4380443306783367,0.533270322313886,-0.09522599163554935,181,320
6166,0.4950838431173771,0.5096186675036991,-0.014534824386322032,181,324
6167,0.428092273745086,0.4688675586523821,-0.040775284907296094,181,335
6168,0.4420170655674857,0.4361748826889246,0.005842182878561086,181,316
6169,0.4406956330919464,0.4516386532487224,-0.010943020156775951,181,311
6170,0.4553162357473647,0.4116475207156166,0.04366871503174807,181,316
6171,0.4626053600232104,0.4927214057356091,-0.030116045712398676,181,337
6172,0.44388660584116774,0.4356997498858209,0.00818685595534685,181,356
6173,0.4345710501773931,0.4504216231947324,-0.015850573017339276,181,294
6174,0.45464386994926825,0.5364220332013491,-0.08177816325208082,181,325
6175,0.4414423135444729,0.5295564010668603,-0.08811408752238742,181,288
6176,0.41548060538612175,0.43490589218143405,-0.019425286795312302,181,334
6177,0.43628590358228175,0.4149967421392666,0.02128916144301518,181,314
6178,0.44071446892145166,0.42153117831306314,0.019183290608388526,181,322
6179,0.429720147073652,0.3936858017786756,0.0360343452949764,181,343
6180,0.4555553764737438,0.4590293463309158,-0.0034739698571720212,181,329
6181,0.4305209240352366,0.47927133508119424,-0.04875041104595762,181,307
6182,0.43210227188865374,0.41522921609258134,0.0168730557960724,181,320
6183,0.45218972993655077,0.4528661218565994,-0.0006763919200486468,181,330
6184,0.42423575688769105,0.4552163142070113,-0.030980557319320257,181,334
6185,0.39937230588437905,0.48237796686072537,-0.08300566097634632,181,276
6186,0.4768897943073259,0.4631356738499596,0.013754120457366348,181,312
6187,0.47410408151530403,0.4971533591753771,-0.023049277660073086,181,307
6188,0.47590750933038484,0.4417985509608891,0.034108958369495734,181,319
6189,0.48291564183858127,0.5357869710577675,-0.05287132921918625,181,300
6190,0.5153978144615114,0.46817096152839327,0.04722685293311818,181,317
6191,0.5040543139514979,0.49950616633844763,0.00454814761305028,181,312
6192,0.4664476472651754,0.44600775524420844,0.020439892020966965,181,349
6193,0.41524964408594195,0.49426917024130346,-0.07901952615536151,181,298
6194,0.4939364689364689,0.46403490943987347,0.029901559496595453,181,295
6195,0.4701656487060214,0.46726438551513816,0.002901263190883241,181,305
6196,0.39117588725883656,0.4628014592837731,-0.07162557202493652,181,336
6197,0.47173441841426034,0.5160492876395841,-0.044314869225323794,181,297
6198,0.4641443158251617,0.4896971014286189,-0.025552785603457195,181,296
6199,0.4262798225056568,0.4789505849484896,-0.05267076244283275,181,324
6200,0.46761312186700715,0.5014223019876394,-0.03380918012063222,181,303
6201,0.4478606791414629,0.4767701285926507,-0.02890944945118784,181,309
6202,0.4353596326868216,0.5301777649641991,-0.09481813227737751,181,313
6203,0.465481771073093,0.4602127604705219,0.0052690106025711225,181,310
6204,0.4863034637686252,0.44294272639357735,0.043360737375047864,181,292
6205,0.4884481336712407,0.4799856296836452,0.00846250398759546,181,278
6206,0.4226989058380085,0.4793052317812494,-0.05660632594324089,181,308
6207,0.47047715744038143,0.44557395603290945,0.024903201407471987,181,307
6208,0.4425685102828879,0.46082913088015126,-0.018260620597263355,181,332
6209,0.4358899451335349,0.4823400129759135,-0.046450067842378595,181,290
6210,0.4818540342100552,0.5112311146829914,-0.029377080472936246,181,297
6211,0.3937533024331534,0.45820733594728535,-0.06445403351413198,181,349
6212,0.44641704741083627,0.43296599683554315,0.013451050575293111,181,302
6213,0.42421470208056544,0.47789317498793243,-0.05367847290736699,181,316
6214,0.4953367343483029,0.49501294798272627,0.0003237863655766171,181,307
6215,0.46114048415953535,0.4598338548970707,0.0013066292624646647,181,313
6216,0.40138391757599023,0.501820225598629,-0.10043630802263881,181,315
6217,0.47028675713780593,0.48158349288150554,-0.011296735743699604,181,315
6218,0.3914991609665589,0.5452706163412946,-0.1537714553747357,181,301
6219,0.43126127494670874,0.45162745713406105,-0.02036618218735231,181,307
6220,0.41385243694241997,0.5304693101292056,-0.11661687318678565,181,320
6221,0.46167703066367294,0.4925319638469472,-0.030854933183274258,181,293
6222,0.4381914692193026,0.3887626808056467,0.04942878841365589,181,369
6223,0.4600225336400888,0.4594212329508803,0.0006013006892085504,181,338
6224,0.4852381081685881,0.4292451205871539,0.05599298758143417,181,316
6225,0.3902525076224343,0.49931438139135065,-0.10906187376891635,181,313
6226,0.3932506610035905,0.48376493969771284,-0.09051427869412232,181,305
6227,0.42002164614740684,0.451128349574049,-0.03110670342664218,181,300
6228,0.47211235924960543,0.4767704119130364,-0.004658052663430945,181,313
6229,0.40709417370186934,0.39740603050796697,0.009688143193902377,181,355
6230,0.42652025088457296,0.45900284027436894,-0.03248258938979598,181,293
6231,0.42136073568723653,0.4434804355065083,-0.022119699819271754,181,325
6232,0.4830913408733992,0.516846021074789,-0.03375468020138983,181,286
6233,0.47092089628415973,0.4918736271230645,-0.020952730838904754,181,283
6234,0.4388161240040939,0.4853399975221605,-0.04652387351806658,181,296
6235,0.41466163401741113,0.4720404580571978,-0.05737882403978667,181,325
6236,0.397257600648821,0.5178828847139428,-0.12062528406512185,181,318
6237,0.4675282169122457,0.4492918264811925,0.01823639043105324,181,325
6238,0.45743494313961197,0.47175167560048076,-0.014316732460868786,181,332
6239,0.4627191545013491,0.4904465635892089,-0.02772740908785981,181,312
6240,0.4511405925855544,0.4957145793423205,-0.044573986756766104,181,306
6241,0.4782916840779025,0.4430693440423648,0.0352223400355377,181,310
6242,0.4708040717164203,0.4418515403513276,0.028952531365092682,181,317
6243,0.4900321120461636,0.47896183433348744,0.011070277712676158,181,330
6244,0.41350389600243104,0.4883633689194428,-0.07485947291701178,181,302
6245,0.5159461403164209,0.48085969609362156,0.035086444222799384,181,338
6246,0.4320674672507972,0.497176951937565,-0.0651094846867678,181,284
6247,0.4391093067849325,0.442333192018066,-0.0032238852331334944,181,331
6248,0.44914711528059,0.5122897014489934,-0.06314258616840346,181,297
6249,0.4571643026602649,0.49176093908143387,-0.03459663642116895,181,315
6250,0.5023178875918602,0.5130379077805963,-0.010720020188736079,181,309
6251,0.41560324006601407,0.43800181015470624,-0.02239857008869217,181,329
6252,0.4940543088851714,0.4733040703358289,0.020750238549342492,181,332
6253,0.44841703190665966,0.400456691299022,0.04796034060763765,181,330
6254,0.4917279355454924,0.46852144665741274,0.023206488888079635,181,288
6255,0.4115724087526477,0.4737869135705344,-0.06221450481788665,181,306
6256,0.4562258771249849,0.4782318227193703,-0.0220059455943854,181,298
6257,0.5183164607184214,0.5187250903525655,-0.0004086296341441198,181,294
6258,0.45166817479246407,0.47130567237369536,-0.01963749758123129,181,299
6259,0.44095871881234033,0.4851809013800599,-0.04422218256771959,181,309
6260,0.48922289279266434,0.5584291426854356,-0.0692062498927713,181,276
6261,0.38023460871591575,0.41492181766791614,-0.03468720895200039,181,358
6262,0.4667764983554457,0.4671263760152054,-0.00034987765975968976,181,320
6263,0.4692686004451162,0.4376788377094901,0.03158976273562608,181,316
6264,0.4787690992031803,0.4732191658180132,0.005549933385167072,181,315
6265,0.43017311938542463,0.5031251782953353,-0.07295205890991069,181,315
6266,0.4588134556171934,0.5020809813978694,-0.043267525780676,181,290
6267,0.5137733586309298,0.5362309093975328,-0.02245755076660305,181,305
6268,0.44020082876498995,0.4822328178096114,-0.042031989044621465,181,302
6269,0.4567410844182017,0.4741603075751351,-0.017419223156933394,181,319
6270,0.4918487837189321,0.4946313657906466,-0.002782582071714501,181,314
6271,0.3756056243586823,0.44918478905189874,-0.07357916469321646,181,317
6272,0.4929457287726615,0.3921665163174038,0.10077921245525773,181,380
6273,0.46298467939604676,0.412601272373807,0.05038340702223976,181,340
6274,0.42122706032480467,0.5274761098399489,-0.10624904951514419,181,308
6275,0.42317831144646784,0.5211980066322023,-0.09801969518573445,181,293
6276,0.4003077667928551,0.4292246062843886,-0.028916839491533453,181,344
6277,0.5498964964197505,0.4756910174207633,0.07420547899898716,181,292
6278,0.49181924447754527,0.4964670060497744,-0.0046477615722291254,181,292
6279,0.4434234186365151,0.46049030945643216,-0.01706689081991708,181,331
6280,0.44651111048245984,0.46043017040403805,-0.013919059921578214,181,348
6281,0.4441364219802425,0.463925805928621,-0.01978938394837848,181,304
6282,0.4927948633132799,0.4833684321810826,0.009426431132197266,181,341
6283,0.44635358498994865,0.4394331034364343,0.006920481553514324,181,325
6284,0.4384695576883046,0.4828516021793332,-0.044382044491028616,181,305
6285,0.46803670893319005,0.4611501659542331,0.0068865429789569665,181,324
6286,0.49258230938171216,0.45428129114819604,0.038301018233516115,181,346
6287,0.47603312233448997,0.450611019601639,0.02542210273285095,181,326
6288,0.4653092722812528,0.4557888446562215,0.009520427625031302,181,307
6289,0.4574507075996706,0.5364398807021759,-0.07898917310250525,181,300
6290,0.4219206254051226,0.47103259622897914,-0.04911197082385654,181,336
6291,0.4704629331710483,0.4445555510557932,0.025907382115255118,181,322
6292,0.43717998781376055,0.4672130898248782,-0.03003310201111764,181,309
6293,0.4602853861886254,0.3743297902997315,0.0859555958888939,181,345
6294,0.42706174482534964,0.4130895273752416,0.013972217450108015,181,327
6295,0.43363870713962616,0.44578060218368526,-0.012141895044059103,181,304
6296,0.4212314510607178,0.5408372936688611,-0.11960584260814333,181,271
6297,0.46235776025623154,0.5009228922736032,-0.03856513201737166,181,309
6298,0.4645932726985447,0.5366249680282708,-0.07203169532972603,181,306
6299,0.4444618886069378,0.4421257151686528,0.0023361734382850163,181,312
6300,0.48934828344781006,0.4847750585941196,0.0045732248536904385,181,292
6301,0.5218232961420198,0.49417954853915147,0.027643747602868363,181,288
6302,0.42788002727090396,0.4432697345747689,-0.015389707303864963,181,357
6303,0.45660215505181073,0.4880681182493089,-0.03146596319749817,181,322
6304,0.4515845984369678,0.4871659722258787,-0.03558137378891091,181,332
6305,0.44401065622295544,0.4465543864948095,-0.002543730271854061,181,317
6306,0.36139443413199973,0.4497981962132652,-0.08840376208126549,181,312
6307,0.4427990434826815,0.46055509935116057,-0.01775605586847906,181,344
6308,0.45649408547738346,0.43204584138570734,0.02444824409167612,181,322
6309,0.4743087504970207,0.4814440147541193,-0.007135264257098595,181,330
6310,0.34587154661652836,0.5023091660703227,-0.15643761945379436,181,304
6311,0.5206263324248129,0.5224415204678362,-0.0018151880430232747,181,304
6312,0.47192372308341135,0.5420699657128442,-0.07014624262943281,181,281
6313,0.4188912846377256,0.4324216904557308,-0.013530405818005187,181,294
6314,0.439453222776412,0.47858532852585395,-0.039132105749441926,181,307
6315,0.4038715390400508,0.4714926348650956,-0.06762109582504477,181,320
6316,0.45117722311078634,0.40235805119564194,0.0488191719151444,181,391
6317,0.46614933853231083,0.5186802052048151,-0.05253086667250423,181,307
6318,0.48358219541471514,0.4135827363049272,0.06999945910978794,181,325
6319,0.47123726688405965,0.46941287615281474,0.001824390731244907,181,320
6320,0.5657412590951462,0.510701199813599,0.055040059281547205,181,279
6321,0.4247851354929395,0.4451771176079129,-0.020391982114973395,181,354
6322,0.4731832642532279,0.4852138125624396,-0.012030548309211742,181,307
6323,0.4795034900102854,0.48537269119356335,-0.005869201183277939,181,319
6324,0.5346427698937037,0.48728550170772317,0.04735726818598057,181,282
6325,0.4377346437538593,0.47395937415641026,-0.036224730402550975,181,341
6326,0.42536413915898713,0.48769053754527814,-0.062326398386291004,181,312
6327,0.46030694321268356,0.43820575179218835,0.022101191420495214,181,374
6328,0.44390979638557787,0.4111460327547706,0.0327637636308073,181,379
6329,0.4552215280818051,0.411287830023943,0.043933698057862125,181,349
6330,0.4414738369682049,0.47200995982229316,-0.030536122854088243,181,320
6331,0.40848843374591703,0.4650425002452293,-0.05655406649931227,181,309
6332,0.4808689878350954,0.42505349139391807,0.05581549644117734,181,348
6333,0.386370170346318,0.47733704710448893,-0.09096687675817094,181,310
6334,0.46584752028142656,0.46302192422243565,0.002825596058990909,181,322
6335,0.44516018572622346,0.4927796720685125,-0.04761948634228902,181,316
6336,0.4499337174823436,0.4700471676033123,-0.020113450120968657,181,300
6337,0.4157008314055868,0.5009926123790267,-0.08529178097343992,181,312
6338,0.437895819517882,0.445843558868769,-0.007947739350886995,181,317
6339,0.42447365018408306,0.4416427907789138,-0.017169140594830712,181,348
6340,0.4790149626692444,0.5333132054084958,-0.05429824273925138,181,291
6341,0.4328783960078924,0.45694322781802316,-0.02406483181013075,181,312
6342,0.4494852898199975,0.5142628629282155,-0.06477757310821802,181,289
6343,0.5001071459435996,0.48698066676501073,0.01312647917858889,181,302
6344,0.44991024378017214,0.4592517006802721,-0.009341456900099965,181,318
6345,0.46427945305394325,0.4925610447580039,-0.028281591704060638,181,292
6346,0.43704614886579735,0.5257209007213514,-0.08867475185555401,181,313
6347,0.43185184814040295,0.47588257917099375,-0.0440307310305908,181,331
6348,0.43214041818196586,0.5073388608171217,-0.0751984426351558,181,316
6349,0.47750824114103574,0.5552071716861334,-0.07769893054509769,181,303
6350,0.4750041169047998,0.5541048304990912,-0.07910071359429138,181,308
6351,0.4276396510949348,0.45140061004001975,-0.023760958945084953,181,322
6352,0.4502789639938899,0.4179690314068446,0.03230993258704529,181,349
6353,0.4748022863323431,0.5100142955733018,-0.035212009240958686,181,299
6354,0.4644820412718031,0.533213090745837,-0.06873104947403391,181,296
6355,0.4333304483552348,0.4078198624751244,0.025510585880110404,181,364
6356,0.46881395267977627,0.4250702698182498,0.04374368286152647,181,324
6357,0.4653867437578117,0.4210054089269846,0.04438133483082707,181,325
6358,0.46805767979022816,0.4429221095105347,0.025135570279693487,181,316
6359,0.43909106403138237,0.41989688592476043,0.01919417810662194,181,334
6360,0.5254852953327079,0.5278222236426571,-0.002336928309949138,181,284
6361,0.4156227142932686,0.47088373722668225,-0.05526102293341367,181,348
6362,0.4389968923218922,0.5146542078942764,-0.0756573155723842,181,304
6363,0.4106164415181639,0.43784487398306987,-0.02722843246490597,181,347
6364,0.4491942759683814,0.45682176262938523,-0.007627486661003824,181,339
6365,0.4696797073103693,0.47250871909257,-0.0028290117822006855,181,314
6366,0.42505511208753566,0.43832288401253916,-0.013267771925003502,181,304
6367,0.46146661521928334,0.4676321700609559,-0.0061655548416725825,181,324
6368,0.4030976606446278,0.4815754866390244,-0.07847782599439657,181,306
6369,0.42310045270874763,0.5774911293099976,-0.15439067660124994,181,292
6370,0.4833355806666947,0.5273539510544799,-0.04401837038778522,181,287
6371,0.5263509474368061,0.5362124590117299,-0.009861511574923765,181,299
6372,0.41138555921908787,0.5242432830832968,-0.11285772386420895,181,299
6373,0.42848595911571746,0.4060445408545533,0.022441418261164137,181,351
6374,0.45374401640520806,0.43217247199752773,0.021571544407680332,181,320
6375,0.5075385765684493,0.4578209075349951,0.04971766903345415,181,308
6376,0.4511831512580752,0.4072860071057377,0.043897144152337475,181,342
6377,0.44402850236183566,0.46761889990119226,-0.0235903975393566,181,309
6378,0.4658914793824721,0.48067868738843156,-0.014787208005959451,181,305
6379,0.4669088999907784,0.48661053756470407,-0.01970163757392568,181,334
6380,0.3785627071554844,0.4776547841961836,-0.09909207704069922,181,291
6381,0.4534861497561526,0.5758852887712759,-0.12239913901512328,181,281
6382,0.4978298875390176,0.39745932731949435,0.10037056021952323,181,348
6383,0.5286017619564242,0.46754745928762975,0.061054302668794413,181,312
6384,0.5047082283234776,0.4740082738862896,0.030699954437188037,181,336
6385,0.4224189804097788,0.4271382320823433,-0.004719251672564484,181,339
6386,0.4568669731448866,0.42095382543733034,0.03591314770755627,181,370
6387,0.4337042509760369,0.3691089112959959,0.064595339680041,181,337
6388,0.49118412303807,0.4946256273758246,-0.003441504337754586,181,307
6389,0.5237266782243115,0.5221069482588544,0.0016197299654571173,181,287
6390,0.5025901159603442,0.48998763871895884,0.012602477241385357,181,321
6391,0.43920690448188004,0.48439608918288035,-0.04518918470100031,181,301
6392,0.4359390047595871,0.4063544781307749,0.02958452662881217,181,324
6393,0.4889927473801294,0.4819793321000798,0.007013415280049562,181,317
6394,0.415300522841099,0.4369961842376896,-0.021695661396590626,181,336
6395,0.38553944234428716,0.5110761916304599,-0.12553674928617276,181,310
6396,0.4979941270227956,0.5166406710754503,-0.0186465440526547,181,314
6397,0.4307887596657651,0.42679079338333265,0.00399796628243243,181,337
6398,0.4154159415074008,0.4696551752013937,-0.054239233693992916,181,313
6399,0.4828647227053601,0.4063486555348749,0.0765160671704852,181,326
6400,0.4648920092418246,0.5360566940422128,-0.07116468480038818,181,276
6401,0.46404836487326173,0.4982833139151941,-0.03423494904193236,181,322
6402,0.4356324999282089,0.5021119049222094,-0.06647940499400046,181,313
6403,0.42609826457559097,0.4484065849825755,-0.02230832040698455,181,307
6404,0.43009336078958577,0.47526927135727537,-0.0451759105676896,181,309
6405,0.49154402575586953,0.49753675795688757,-0.005992732201018036,181,326
6406,0.4520633674986633,0.41544661602881255,0.03661675146985077,181,282
6407,0.4588503578924916,0.42308023804816397,0.03577011984432765,181,356
6408,0.4756004128994623,0.44623483683137966,0.029365576068082655,181,343
6409,0.46861243198849295,0.49083530052848007,-0.022222868539987117,181,321
6410,0.47853686015878055,0.4417143726635035,0.036822487495277056,181,323
6411,0.4381715774624676,0.4849931888378869,-0.04682161137541929,181,332
6412,0.45518543004176104,0.4217237747229376,0.03346165531882345,181,336
6413,0.48530419911998857,0.41948884800713226,0.0658153511128563,181,336
6414,0.41656978054233346,0.4467004304078402,-0.03013064986550673,181,311
6415,0.4652568498663833,0.5323595363524379,-0.06710268648605461,181,305
6416,0.4512265042518524,0.44241570473045416,0.008810799521398238,181,321
6417,0.49435543419312084,0.5533276508174586,-0.05897221662433777,181,300
6418,0.48005856952088927,0.49063038097058564,-0.010571811449696378,181,300
6419,0.44395677525668653,0.4362234416532554,0.007733333603431147,181,352
6420,0.38065781080741834,0.46535576842557497,-0.08469795761815663,181,292
6421,0.5074672725141108,0.5021534673161866,0.005313805197924237,181,266
6422,0.4806522591317611,0.43907441764584615,0.041577841485914924,181,331
6423,0.4736993648033926,0.46783960720130935,0.005859757602083238,181,317
6424,0.35815788448802816,0.3951180281913948,-0.036960143703366644,181,331
6425,0.46824465390360287,0.5567752299376477,-0.08853057603404485,181,309
6426,0.4837609018553339,0.46618077719119305,0.017580124664140828,181,320
6427,0.42123501755250997,0.4354457866977667,-0.014210769145256708,181,351
6428,0.42869166206433,0.5103589155482454,-0.0816672534839154,181,297
6429,0.4688503280099919,0.42652625334431976,0.04232407466567212,181,299
6430,0.5118559965676758,0.44475136026506484,0.06710463630261093,181,331
6431,0.47883735636810687,0.45126809032339243,0.027569266044714436,181,286
6432,0.41337035646735637,0.41253427806857906,0.0008360783987773068,181,366
6433,0.42671722333962414,0.43778524977068917,-0.011068026431065026,181,338
6434,0.39970905195429046,0.46126891537859793,-0.06155986342430747,181,306
6435,0.46777889350356805,0.4556692045567924,0.012109688946775665,181,348
6436,0.4722539194436822,0.5183775340374087,-0.04612361459372649,181,286
6437,0.531517521718843,0.45013778043989455,0.08137974127894848,181,313
6438,0.43488366349045265,0.5090840898553229,-0.07420042636487029,181,311
6439,0.4539267827378876,0.45515040021343317,-0.0012236174755455576,181,305
6440,0.4457467704503874,0.4839718779253426,-0.03822510747495517,181,295
6441,0.36686967839770995,0.3944649416126797,-0.027595263214969745,181,351
6442,0.49245442039483545,0.4264787597723912,0.06597566062244425,181,331
6443,0.3978146534149784,0.5404679086334727,-0.1426532552184943,181,277
6444,0.4911533704390848,0.514316077882277,-0.023162707443192154,181,296
6445,0.4180303737768861,0.46976826398924737,-0.05173789021236125,181,344
6446,0.46266128560698255,0.5081069249430092,-0.04544563933602669,181,319
6447,0.4833803392809604,0.41732008807236387,0.06606025120859654,181,320
6448,0.4323620415795372,0.4515541187766767,-0.0191920771971395,181,325
6449,0.4039489530987789,0.5162042606585641,-0.11225530755978519,181,302
6450,0.38694035458068304,0.5265821289166756,-0.1396417743359925,181,278
6451,0.4236597719781288,0.47166984890443214,-0.048010076926303324,181,319
6452,0.46629595620615494,0.4248694828186522,0.041426473387502716,181,327
6453,0.47302709188925185,0.46872987201497635,0.004297219874275504,181,310
6454,0.5036914795074537,0.3969527060080793,0.10673877349937444,181,328
6455,0.5042995695791416,0.46173492707106156,0.04256464250808001,181,304
6456,0.4424009071902423,0.5093839626973061,-0.06698305550706385,181,300
6457,0.425170324131864,0.5516734529074737,-0.1265031287756097,181,297
6458,0.3700124366179852,0.44622056799315984,-0.07620813137517463,181,308
6459,0.4588094556324512,0.4903953652876683,-0.031585909655217126,181,314
6460,0.4107778241894597,0.4440431167628555,-0.03326529257339583,181,352
6461,0.4817264228491865,0.5289471888215368,-0.04722076597235031,181,293
6462,0.44541111048950155,0.45690624866309143,-0.01149513817358988,181,340
6463,0.432295232246567,0.48342742352428486,-0.05113219127771784,181,322
6464,0.43320706178138807,0.4575993038259896,-0.024392242044601553,181,341
6465,0.44744172259708737,0.43423017168672773,0.013211550910359637,181,322
6466,0.36322459678703567,0.36275468497151736,0.00046991181551830907,181,357
6467,0.4499641411482898,0.40279369703423623,0.04717044411405358,181,354
6468,0.4946002107332229,0.42208584628039336,0.07251436445282955,181,308
6469,0.3993752913280506,0.45375821771560554,-0.05438292638755493,181,334
6470,0.4593122636694407,0.5004043072620575,-0.04109204359261681,181,304
6471,0.41901374594891333,0.48942990752060617,-0.07041616157169284,181,294
6472,0.46022282856599356,0.423461192398421,0.03676163616757255,181,317
6473,0.38077352919189655,0.39971216473411797,-0.018938635542221416,181,359
6474,0.3961333417476695,0.44072191764332785,-0.044588575895658344,181,344
6475,0.5038575442387334,0.47738013226840287,0.026477411970330544,181,296
6476,0.46526675403963835,0.49472619711977384,-0.029459443080135483,181,308
6477,0.5025018004331978,0.5003113057616805,0.002190494671517329,181,304
6478,0.462811958782358,0.5186151973665654,-0.05580323858420738,181,286
6479,0.46837610159831067,0.4725628175944054,-0.004186715996094714,181,310
6480,0.4380449859664578,0.45810415817406264,-0.020059172207604836,181,319
6481,0.4401806185318649,0.418679457188774,0.021501161343090935,181,306
6482,0.438521803833616,0.435356392689984,0.003165411143632002,181,342
6483,0.4092051016803754,0.41843167803719455,-0.009226576356819172,181,327
6484,0.4255197509346055,0.458692599269553,-0.03317284833494755,181,302
6485,0.5142938694182808,0.45304858973893103,0.061245279679349784,181,319
6486,0.4397769789095033,0.46661435858785744,-0.026837379678354145,181,307
6487,0.36411617542480684,0.4347674680394077,-0.07065129261460085,181,321
6488,0.46026342088872496,0.5026724626508776,-0.042409041762152655,181,309
6489,0.5017392853332222,0.48293378811948456,0.018805497213737643,181,321
6490,0.4750389967878689,0.4178297057219512,0.057209291065917656,181,336
6491,0.4729224444831098,0.4801355904923061,-0.0072131460091962585,181,315
6492,0.44963073475299076,0.38152040949290283,0.06811032526008792,181,350
6493,0.46955429708411006,0.5005599343224654,-0.03100563723835531,181,312
6494,0.46089797409297123,0.4256929030806507,0.03520507101232051,181,309
6495,0.5198849801773998,0.5440139294798897,-0.024128949302489877,181,270
6496,0.4996090193515265,0.5382304078429819,-0.03862138849145541,181,296
6497,0.33672890589836474,0.4734510464856686,-0.13672214058730386,181,322
6498,0.4566497428941107,0.4735484070964165,-0.01689866420230579,181,312
6499,0.49333507685735156,0.47857748166330616,0.014757595194045403,181,307
6500,0.4481111244861554,0.3972723789398456,0.050838745546309794,181,359
6501,0.44191311856786564,0.5116945499930552,-0.06978143142518956,181,316
6502,0.3527536188863105,0.44218827361979557,-0.08943465473348505,181,355
6503,0.469422133184264,0.4373555919937801,0.03206654119048391,181,324
6504,0.4188595206057097,0.4696567261534667,-0.05079720554775702,181,320
6505,0.35667906830333257,0.4055942685912489,-0.04891520028791635,181,348
6506,0.44316589331597206,0.43331524154964385,0.009850651766328211,181,316
6507,0.4579981040035062,0.46671117359270664,-0.008713069589200428,181,292
6508,0.39351868461899936,0.42541791757754005,-0.03189923295854069,181,329
6509,0.5256498210284429,0.4991131888737376,0.02653663215470531,181,327
6510,0.4864442993140551,0.3818415351455499,0.10460276416850517,181,329
6511,0.5000281735372546,0.5423386289628599,-0.0423104554256053,181,311
6512,0.45944958178604994,0.4401415409860911,0.019308040799958848,181,334
6513,0.4695698075396525,0.4918754186642439,-0.022305611124591396,181,333
6514,0.41981083392029284,0.5312154381365095,-0.11140460421621667,181,273
6515,0.39049756795780877,0.4142185095251635,-0.023720941567354714,181,318
6516,0.45382392567574975,0.4317118765433213,0.022112049132428424,181,367
6517,0.41958749645416094,0.4693094918490492,-0.04972199539488825,181,290
6518,0.40460944698040563,0.4814062823755352,-0.07679683539512955,181,325
6519,0.4631475728936499,0.543009840858712,-0.07986226796506207,181,289
6520,0.4892526318616018,0.5232018607359901,-0.03394922887438828,181,316
6521,0.4849960071119071,0.4580738832749929,0.026922123836914225,181,294
6522,0.4248805947390381,0.4451967760459111,-0.020316181306873016,181,330
6523,0.4752134123518288,0.4594152968996249,0.015798115452203887,181,347
6524,0.4150387395369225,0.40427811844476125,0.010760621092161249,181,313
6525,0.4848459956863615,0.4612747812747813,0.02357121441158022,181,334
6526,0.43977172217913757,0.43464695984919455,0.005124762329943022,181,377
6527,0.38416671827940924,0.48171200103973216,-0.09754528276032293,181,318
6528,0.42083948390673376,0.4115177790878225,0.009321704818911258,181,335
6529,0.4084907573629378,0.4242340966978649,-0.01574333933492711,181,318
6530,0.5113245888526786,0.5612713588356657,-0.04994676998298708,181,268
6531,0.4965206481981241,0.40009126661865935,0.09642938157946473,181,321
6532,0.4708735267656511,0.4444782140688098,0.02639531269684131,181,303
6533,0.4743419341273592,0.562285659453642,-0.08794372532628275,181,292
6534,0.4937442210358864,0.5482775119617224,-0.054533290925835975,181,299
6535,0.42167052405614075,0.42555949882584576,-0.0038889747697050114,181,348
6536,0.47195110832395454,0.4613665966384205,0.010584511685534037,181,311
6537,0.3899599745932013,0.42684545427797194,-0.03688547968477063,181,331
6538,0.47854740315539995,0.4467003017423185,0.03184710141308145,181,321
6539,0.4142148524540645,0.48229103601886525,-0.06807618356480077,181,339
6540,0.4294391013946916,0.49631989818325223,-0.06688079678856063,181,336
6541,0.46906913155157015,0.5160782928044302,-0.04700916125286003,181,312
6542,0.4881664109586866,0.4616524289591233,0.02651398199956334,181,304
6543,0.42750206504329447,0.4790914651709316,-0.05158940012763713,181,317
6544,0.43626755394506084,0.4710749919166886,-0.034807437971627775,181,321
6545,0.3849670831889709,0.44267446393632587,-0.057707380747354986,181,326
6546,0.4034909165915966,0.5205135082247218,-0.11702259163312517,181,310
6547,0.4542518258683672,0.45247267630888005,0.0017791495594871587,181,313
6548,0.4204707270104028,0.450078278870307,-0.029607551859904213,181,343
6549,0.46733484330902864,0.5247792038958173,-0.0574443605867887,181,292
6550,0.4327393237393237,0.5020162844759152,-0.06927696073659145,181,291
6551,0.5017387341188856,0.5318910306803769,-0.03015229656149132,181,279
6552,0.4075882360508114,0.36796913349129234,0.03961910255951906,181,360
6553,0.3612198766693148,0.5124062562101128,-0.151186379540798,181,288
6554,0.4818250368985208,0.4799450693947973,0.0018799675037234898,181,333
6555,0.4965422825685718,0.4998614900362494,-0.0033192074676776095,181,298
6556,0.47277610251239927,0.4898112756808408,-0.017035173168441553,181,312
6557,0.5421647721109545,0.4727067717816246,0.06945800032932986,181,315
6558,0.4484626211227197,0.42220936359079425,0.026253257531925422,181,344
6559,0.4726067695841684,0.4517771270067949,0.02082964257737352,181,305
6560,0.44235288941169,0.4509625912234722,-0.008609701811782222,181,337
6561,0.42273757921896415,0.46466812634297827,-0.04193054712401412,181,311
6562,0.4313050918142684,0.42824182479868117,0.0030632670155872344,181,340
6563,0.47025984122412773,0.5051213498513262,-0.034861508627198445,181,303
6564,0.4978747012199941,0.5006279878261866,-0.002753286606192451,181,313
6565,0.4435470576643083,0.4653889203352372,-0.021841862670928913,181,337
6566,0.4594230575289216,0.44676140186344265,0.012661655665478944,181,318
6567,0.4717833429153697,0.44010363772729066,0.031679705188079055,181,327
6568,0.4687394509156652,0.46767553110571125,0.0010639198099539615,181,327
6569,0.4924469869637667,0.5224907979016317,-0.030043810937864956,181,283
6570,0.47719913481340004,0.4917204700061843,-0.014521335192784257,181,306
6571,0.4728902285448272,0.4995947661361195,-0.026704537591292266,181,306
6572,0.40393072345435665,0.41881268719248094,-0.014881963738124282,181,295
6573,0.4501225996171515,0.47414615560080203,-0.024023555983650524,181,336
6574,0.5085849677001465,0.4743242077544815,0.03426075994566502,181,283
6575,0.4626832718843717,0.476967196005074,-0.014283924120702285,181,317
6576,0.4610293272645568,0.5352878044179207,-0.07425847715336387,181,298
6577,0.41514952525086274,0.512929087776089,-0.0977795625252263,181,294
6578,0.45174742944301954,0.45106879645626174,0.0006786329867577989,181,346
6579,0.4423858859541555,0.4458660073349841,-0.0034801213808285936,181,314
6580,0.44053972736430175,0.4515190111518321,-0.010979283787530325,181,316
6581,0.4634429246079045,0.43776499203975394,0.02567793256815054,181,365
6582,0.4324165564827153,0.4719020119819448,-0.039485455499229494,181,311
6583,0.4008924312830747,0.48175544862169567,-0.08086301733862095,181,306
6584,0.34592930606569283,0.4214936742479115,-0.07556436818221868,181,369
6585,0.4731122731989232,0.4633122579090322,0.009800015289890995,181,310
6586,0.46628226730948874,0.44350199731237894,0.022780269997109803,181,317
6587,0.4624064447432587,0.48013987801822317,-0.01773343327496446,181,317
6588,0.4773585817405837,0.5392516908017896,-0.061893109061205875,181,298
6589,0.41358382098437607,0.5142965170096678,-0.10071269602529176,181,320
6590,0.5081519626548064,0.40103007192094225,0.10712189073386419,181,332
6591,0.43078399431281983,0.4867042473962497,-0.05592025308342985,181,290
6592,0.4268018247604405,0.5008118790330358,-0.07401005427259533,181,295
6593,0.4825689759071006,0.5252332586285647,-0.042664282721464164,181,321
6594,0.4788711588625639,0.4637705528093112,0.015100606053252696,181,316
6595,0.4713706709223201,0.4689438426608795,0.0024268282614405834,181,307
6596,0.4841572316572317,0.48578227017319187,-0.0016250385159601866,181,300
6597,0.4678372530589279,0.4704899299369346,-0.002652676878006688,181,322
6598,0.48793701188027416,0.49886605106157716,-0.010929039181303002,181,309
6599,0.4398170295998888,0.5274188412557662,-0.08760181165587744,181,298
6600,0.46961015175300896,0.5039301573463996,-0.0343200055933906,181,303
6601,0.349466813752528,0.47130547174285314,-0.12183865799032512,181,289
6602,0.47240254516967845,0.49876477665685065,-0.026362231487172205,181,300
6603,0.5027713156349348,0.516755000398262,-0.013983684763327231,181,305
6604,0.4767423705526003,0.462363244144184,0.01437912640841632,181,335
6605,0.45968758470636,0.5362317475492678,-0.07654416284290783,181,284
6606,0.4232774723397802,0.46076185133968844,-0.03748437899990825,181,300
6607,0.39570938376212716,0.4418009404894872,-0.04609155672736004,181,338
6608,0.4239909750113831,0.47315215227631985,-0.04916117726493674,181,298
6609,0.49567112474089214,0.5147256088582619,-0.019054484117369763,181,303
6610,0.506410945022889,0.5423863636363636,-0.03597541861347464,181,274
6611,0.5455475237213775,0.5153893007780777,0.03015822294329984,181,293
6612,0.47528246265845203,0.49691902300597957,-0.021636560347527534,181,318
6613,0.4989438860017647,0.4269628492491675,0.0719810367525972,181,360
6614,0.4628122150061597,0.4851852121285986,-0.022372997122438898,181,320
6615,0.4535453188041077,0.49453924075772815,-0.04099392195362045,181,319
6616,0.47831626665593713,0.5565014183591259,-0.0781851517031888,181,296
6617,0.4403313036178861,0.5202021470461882,-0.07987084342830209,181,327
6618,0.46339303150150185,0.5193884927819925,-0.055995461280490655,181,287
6619,0.4557546478373669,0.45864080986430167,-0.0028861620269347577,181,295
6620,0.45413966956616686,0.5163646134782415,-0.062224943912074615,181,297
6621,0.422283693064422,0.531649735597104,-0.10936604253268206,181,294
6622,0.4223537607865719,0.4666883885693621,-0.04433462778279024,181,335
6623,0.49357231750213076,0.49744869226837113,-0.0038763747662403647,181,319
6624,0.44908179204202764,0.45668233000928243,-0.007600537967254795,181,333
6625,0.4668733465248767,0.5494112737897668,-0.08253792726489012,181,292
6626,0.5295422157244909,0.4862519180126746,0.043290297711816306,181,320
6627,0.4702206607373453,0.4479445029067525,0.022276157830592835,181,313
6628,0.37675359361035016,0.4851685143847235,-0.10841492077437337,181,335
6629,0.4776140421325325,0.42727380954801325,0.05034023258451925,181,347
6630,0.4547338289729594,0.42395752325211544,0.030776305720843944,181,386
6631,0.4358026574278274,0.47778437697104853,-0.04198171954322111,181,315
6632,0.4388239113681912,0.38670391409713945,0.052119997271051766,181,355
6633,0.41706421988849474,0.4997019066630707,-0.08263768677457595,181,287
6634,0.47524521481770116,0.5547774947805552,-0.079532279962854,181,280
6635,0.35241493483928643,0.5088756856245095,-0.15646075078522304,181,309
6636,0.5360983055709222,0.5602175765651466,-0.024119270994224395,181,260
6637,0.4882046543111031,0.5489434735285649,-0.06073881921746177,181,308
6638,0.4347931570288934,0.4151317498310361,0.01966140719785725,181,333
6639,0.4506722231520453,0.5211068408095734,-0.07043461765752806,181,330
6640,0.4418683051498607,0.49736464033422795,-0.05549633518436725,181,303
6641,0.4629499112030209,0.4586183632833635,0.0043315479196574525,181,330
6642,0.4743057986959863,0.41332989037814544,0.06097590831784089,181,320
6643,0.4557775480718903,0.4738339920948617,-0.018056444022971407,181,296
6644,0.4677297149955379,0.4568111947024599,0.010918520293077993,181,356
6645,0.4207981040418434,0.3805271525859761,0.04027095145586734,181,331
6646,0.48221385279942613,0.4887752554162584,-0.006561402616832246,181,302
6647,0.42898139674751373,0.44016644264468135,-0.011185045897167623,181,336
6648,0.4647891898769995,0.4635635440483071,0.0012256458286924454,181,334
6649,0.4204305198250787,0.4870792067155979,-0.06664868689051923,181,305
6650,0.42752690190394255,0.5049237883906076,-0.07739688648666504,181,317
6651,0.48268714201216806,0.43681250846839237,0.04587463354377569,181,355
6652,0.43067498728159814,0.5126842072108292,-0.08200921992923105,181,274
6653,0.4118444357814241,0.41223831191655147,-0.00039387613512736896,181,324
6654,0.43841293670305037,0.44309919029735295,-0.004686253594302581,181,307
6655,0.4931432631900071,0.45825889289260197,0.034884370297405154,181,325
6656,0.479650103447279,0.48980621199781665,-0.010156108550537668,181,328
6657,0.48636738632889764,0.45235859535088574,0.034008790978011905,181,356
6658,0.488024349794725,0.4334733477663022,0.05455100202842278,181,331
6659,0.42495440410285695,0.43776483964833585,-0.012810435545478893,181,329
6660,0.3968831143655284,0.43566070447942123,-0.03877759011389281,181,350
6661,0.47527822264449354,0.4706142442820283,0.0046639783624652376,181,292
6662,0.43282208990662124,0.492275722937896,-0.059453633031274766,181,327
6663,0.4742252134275878,0.49896327133230767,-0.02473805790471989,181,313
6664,0.5049978929278002,0.5004125683199726,0.004585324607827568,181,314
6665,0.4930918710150279,0.5377767555952356,-0.04468488458020775,181,288
6666,0.4746056848324486,0.488141648751233,-0.013535963918784422,181,313
6667,0.4562041315282534,0.4629655125406983,-0.006761381012444889,181,343
6668,0.4999382396299651,0.5130753097218977,-0.013137070091932657,181,299
6669,0.38754506410859274,0.4877163242892143,-0.10017126018062156,181,309
6670,0.4874888266537315,0.4319607645765264,0.05552806207720512,181,340
6671,0.45787316422887026,0.4675173636653089,-0.009644199436438627,181,334
6672,0.4892068909943978,0.49809753331841183,-0.008890642324014042,181,291
6673,0.41881234153014685,0.4932360566053413,-0.07442371507519446,181,315
6674,0.46188295346840297,0.4503407548916734,0.011542198576729557,181,291
6675,0.49054226569854986,0.48611433447499014,0.004427931223559722,181,303
6676,0.4186723575769233,0.4422526791402564,-0.023580321563333118,181,331
6677,0.5062619344247726,0.5370547992386083,-0.030792864813835696,181,286
6678,0.4501147418889354,0.4593102306497307,-0.00919548876079529,181,339
6679,0.4268602478552799,0.5352136783650528,-0.10835343050977297,181,292
6680,0.47934082949646656,0.45087475799209703,0.028466071504369528,181,311
6681,0.44345046627283663,0.5116421728051765,-0.06819170653233991,181,302
6682,0.528454062948004,0.4587856111149322,0.0696684518330718,181,315
6683,0.4289075803935803,0.40491624677277677,0.023991333620803523,181,353
6684,0.3776856465276825,0.41350071160999174,-0.03581506508230925,181,318
6685,0.46164866164866164,0.44080267554549757,0.02084598610316407,181,325
6686,0.4864202483759084,0.4466087378564775,0.03981151051943094,181,331
6687,0.4474389807624077,0.4821389404246547,-0.03469995966224704,181,317
6688,0.37309661148507034,0.4328807429005948,-0.059784131415524466,181,327
6689,0.49160861619858276,0.5783034432584463,-0.08669482705986353,181,272
6690,0.42792829924812986,0.5249994379232282,-0.09707113867509837,181,288
6691,0.4453431818968977,0.49741706735532587,-0.05207388545842817,181,322
6692,0.4588971567626547,0.4822237622564015,-0.02332660549374682,181,320
6693,0.47962280458080925,0.43755951997792997,0.04206328460287928,181,324
6694,0.45516868570200836,0.5203709103869489,-0.06520222468494058,181,318
6695,0.45896396632228165,0.48114796619731226,-0.022183999875030613,181,316
6696,0.4935111192595708,0.43170880192006766,0.06180231733950314,181,332
6697,0.45928636868018385,0.492166631957354,-0.03288026327717014,181,325
6698,0.4565849338470547,0.45942152753227605,-0.002836593685221378,181,312
6699,0.469627083083137,0.5231026657330622,-0.05347558264992519,181,303
6700,0.4534129002164273,0.5730679873404277,-0.11965508712400047,181,281
6701,0.45688139156623103,0.5441671497484413,-0.08728575818221024,181,271
6702,0.438288566046766,0.47615438904543356,-0.03786582299866753,181,304
6703,0.4385419055049425,0.48967066203287757,-0.05112875652793508,181,309
6704,0.42885702620395855,0.46905082557997985,-0.0401937993760213,181,329
6705,0.4469897939520068,0.4376267432609794,0.009363050691027386,181,346
6706,0.48093434340523755,0.4596610725296776,0.02127327087555997,181,310
6707,0.4155019360921884,0.4861631438441978,-0.0706612077520094,181,294
6708,0.5118195671279595,0.47340323045638893,0.03841633667157057,181,322
6709,0.5030754062439172,0.5671458204864258,-0.06407041424250859,181,274
6710,0.48976926446776314,0.47026318292527003,0.019506081542493114,181,292
6711,0.4272845627990965,0.4766036882687156,-0.049319125469619085,181,324
6712,0.4556003855742258,0.4107749590534073,0.0448254265208185,181,311
6713,0.5060717021243336,0.5082226140064193,-0.0021509118820857154,181,285
6714,0.5120796217418131,0.4847282454924856,0.027351376249327486,181,312
6715,0.46254546402329655,0.47571423167273785,-0.013168767649441304,181,310
6716,0.4222061115281766,0.513146396663886,-0.09094028513570934,181,310
6717,0.46154630658965107,0.5004549235191591,-0.03890861692950803,181,299
6718,0.47424693740333035,0.5040511781811614,-0.02980424077783106,181,314
6719,0.4714955453243021,0.505330937406409,-0.033835392082106897,181,296
6720,0.5057709743798606,0.5484572529303425,-0.042686278550481904,181,309
6721,0.4258385844936043,0.46902145673622303,-0.04318287224261874,181,327
6722,0.45025624387739355,0.49927402786606706,-0.04901778398867351,181,289
6723,0.4340851145448847,0.44889093689573867,-0.014805822350853981,181,328
6724,0.41364891197372017,0.40367099869053613,0.009977913283184037,181,334
6725,0.33785184432995374,0.526988885753575,-0.1891370414236213,181,305
6726,0.3914218797505756,0.5030719518386528,-0.11165007208807726,181,334
6727,0.41904147167341754,0.46966570420820214,-0.0506242325347846,181,321
6728,0.472876257735781,0.40105124741216464,0.07182501032361638,181,358
6729,0.5074094518491001,0.5501009572789238,-0.042691505429823695,181,294
6730,0.5237044084209791,0.47181999575112205,0.05188441266985705,181,323
6731,0.432585471228732,0.4491272137652884,-0.016541742536556436,181,334
6732,0.47844819627186946,0.4695277165645179,0.008920479707351547,181,333
6733,0.4402412581630502,0.4510628861116423,-0.010821627948592094,181,341
6734,0.49068440030537064,0.5239720333822048,-0.03328763307683413,181,288
6735,0.48690712573861866,0.4625499370285606,0.024357188710058042,181,317
6736,0.3948335664946094,0.4162997033444768,-0.021466136849867423,181,354
6737,0.4875648594003309,0.4122120715538916,0.07535278784643928,181,352
6738,0.4461487773117963,0.4802681566261664,-0.03411937931437009,181,327
6739,0.5058548468258648,0.4739004977728734,0.03195434905299138,181,303
6740,0.44359500702853333,0.4467571106454303,-0.0031621036168969496,181,322
6741,0.4252634125662646,0.5286138735561984,-0.10335046098993378,181,319
6742,0.4076944818514767,0.5451386911537751,-0.1374442093022984,181,303
6743,0.5366654013947866,0.5094652702732568,0.027200131121529747,181,300
6744,0.4379973177066173,0.41813207942367975,0.01986523828293757,181,351
6745,0.47476672817626264,0.4807588444972498,-0.005992116320987173,181,322
6746,0.45567462449725527,0.44884947714108087,0.006825147356174399,181,328
6747,0.4804480178923857,0.459110815484189,0.021337202408196698,181,310
6748,0.3726268848375524,0.47272157817574134,-0.10009469333818893,181,348
6749,0.42454393682788066,0.41879174351092663,0.005752193316954035,181,358
6750,0.4645782767041921,0.3612815609911896,0.10329671571300253,181,377
6751,0.4798277487596311,0.4087543230336455,0.07107342572598557,181,339
6752,0.47898183449203857,0.5471302202098894,-0.06814838571785087,181,327
6753,0.4300070256369852,0.4465838970514065,-0.016576871414421324,181,309
6754,0.47898760237928906,0.5247423415681639,-0.04575473918887485,181,307
6755,0.540242327806986,0.5847717923247696,-0.04452946451778361,181,292
6756,0.41533083628727857,0.38413031348946036,0.03120052279781821,181,317
6757,0.425213066741306,0.4939486173827306,-0.06873555064142461,181,288
6758,0.4675255491787678,0.4627099889964037,0.00481556018236412,181,324
6759,0.5672911132044118,0.49249764182745087,0.07479347137696096,181,288
6760,0.43647657173002796,0.49957436217638235,-0.06309779044635438,181,306
6761,0.46831403292538376,0.5407750144592249,-0.07246098153384117,181,285
6762,0.4903556834145069,0.5105649090676972,-0.020209225653190332,181,316
6763,0.48684666926940573,0.45496991051920016,0.03187675875020557,181,324
6764,0.4164895467494736,0.4518185051798498,-0.0353289584303762,181,346
6765,0.5337910241066008,0.5418166650998695,-0.008025640993268635,181,284
6766,0.3949927990135536,0.5043712104959311,-0.10937841148237754,181,313
6767,0.4870191713048856,0.47774312442282346,0.009276046882062128,181,312
6768,0.4508080204187648,0.47099063599695706,-0.020182615578192287,181,303
6769,0.48371423551252357,0.46622545846124636,0.017488777051277216,181,315
6770,0.4746731326292943,0.4502142097988825,0.02445892283041179,181,322
6771,0.4564325908980811,0.467054991892576,-0.010622400994494907,181,339
6772,0.3907758582893016,0.50239584511321,-0.11161998682390839,181,333
6773,0.421645586560929,0.4471228979988991,-0.025477311437970107,181,351
6774,0.4983703825524099,0.43358473793592817,0.06478564461648173,181,335
6775,0.47086741215773475,0.456143250804279,0.014724161353455778,181,324
6776,0.48481385816772027,0.4949580021589119,-0.010144143991191623,181,333
6777,0.4328816997820372,0.44758525693823575,-0.014703557156198532,181,337
6778,0.49441937892013993,0.4489920595013098,0.0454273194188301,181,298
6779,0.41640926413677004,0.48798147753665094,-0.0715722133998809,181,317
6780,0.47528505562683093,0.4475815948035194,0.027703460823311543,181,337
6781,0.485737981077559,0.5482491799258739,-0.06251119884831485,181,296
6782,0.47126371594334987,0.47379687090717937,-0.002533154963829498,181,330
6783,0.45868904207729155,0.47817937067912103,-0.019490328601829476,181,330
6784,0.4556517837209994,0.519213182266093,-0.06356139854509363,181,304
6785,0.4613414488779889,0.4572398318891125,0.0041016169888764,181,318
6786,0.4774633553580923,0.4239111343050594,0.05355222105303292,181,342
6787,0.5264624353621133,0.5087051420367009,0.017757293325412427,181,281
6788,0.372944390232425,0.443031934551431,-0.07008754431900599,181,343
6789,0.533886374774885,0.4775137532490473,0.05637262152583766,181,294
6790,0.4542491098251467,0.4713084817018766,-0.0170593718767299,181,319
6791,0.5217932882860251,0.4261702643706039,0.09562302391542121,181,332
6792,0.4625017141728292,0.4560742034488583,0.006427510723970908,181,329
6793,0.4520528833032275,0.5126879469736613,-0.06063506367043375,181,310
6794,0.47079729925795066,0.5278929643285776,-0.05709566507062691,181,321
6795,0.4713546262775669,0.3651954471866134,0.10615917909095351,181,358
6796,0.4423918147551884,0.4388284265523105,0.003563388202877882,181,332
6797,0.45535532300448633,0.506841468110718,-0.05148614510623162,181,300
6798,0.41401489028880406,0.4955119164869732,-0.08149702619816912,181,319
6799,0.43201698164001645,0.5122519892514726,-0.08023500761145619,181,292
6800,0.4336666895643197,0.46484410866998793,-0.031177419105668236,181,325
6801,0.43968147431817356,0.4747232194161257,-0.03504174509795216,181,301
6802,0.45036382637990047,0.4889310294116703,-0.03856720303176986,181,307
6803,0.478211019018162,0.4975543149924225,-0.019343295974260488,181,303
6804,0.4502959162237538,0.5029503345226864,-0.05265441829893264,181,290
6805,0.46405778660509006,0.4750894057377003,-0.011031619132610249,181,308
6806,0.46977599371416023,0.5434590530242704,-0.07368305931011021,181,291
6807,0.4614467679348914,0.4822913356503794,-0.020844567715487983,181,313
6808,0.529470030542817,0.5280950031457131,0.001375027397103934,181,277
6809,0.4055061014678415,0.46892535039532973,-0.06341924892748824,181,323
6810,0.4724119979399482,0.4650763701387253,0.007335627801222877,181,294
6811,0.4464230439599898,0.47820334083053784,-0.031780296870548064,181,315
6812,0.4927080813731261,0.4364034127312138,0.0563046686419123,181,351
6813,0.48811421802229027,0.5466708996546096,-0.05855668163231931,181,289
6814,0.42983599063531347,0.43028125666423545,-0.00044526602892197564,181,333
6815,0.4591307465836588,0.4841906941802865,-0.025059947596627663,181,319
6816,0.42807277323617676,0.4672274786950599,-0.03915470545888311,181,334
6817,0.4710249418814675,0.447701060097499,0.023323881783968492,181,306
6818,0.5063316710785172,0.4883033562084705,0.01802831487004669,181,276
6819,0.49210930520777724,0.45628710134542577,0.035822203862351465,181,328
6820,0.4242350926186709,0.4579745124097357,-0.03373941979106482,181,349
6821,0.43124943897807133,0.4781193592360139,-0.046869920257942566,181,335
6822,0.4826903840863822,0.45388803498846225,0.028802349097919955,181,326
6823,0.5064404248510118,0.49612959950812513,0.010310825342886687,181,298
6824,0.46070513867000046,0.4932458162193994,-0.03254067754939893,181,296
6825,0.47318711569914285,0.509335849374333,-0.036148733675190114,181,298
6826,0.4531997789864825,0.5392642784578575,-0.08606449947137501,181,298
6827,0.462593266184514,0.4706567346827753,-0.008063468498261284,181,329
6828,0.4385912532662641,0.49514514048872005,-0.05655388722245597,181,307
6829,0.43153145696168715,0.4449403487437055,-0.013408891782018373,181,357
6830,0.3965651850643605,0.4814418181607015,-0.08487663309634097,181,313
6831,0.44625623253445507,0.5093649841850559,-0.06310875165060087,181,300
6832,0.4558910909232206,0.4875800489493158,-0.03168895802609517,181,302
6833,0.5068884203876641,0.451536099430404,0.055352320957260115,181,306
6834,0.44215613019223227,0.47143833223353093,-0.029282202041298666,181,311
6835,0.38151817581250136,0.4340325475632391,-0.052514371750737754,181,340
6836,0.394122997598286,0.4136849849223898,-0.019561987324103802,181,315
6837,0.43226141987880834,0.45976138600450167,-0.02749996612569333,181,318
6838,0.45052530677292396,0.4353740271639858,0.01515127960893814,181,327
6839,0.3773944841197583,0.5050488732221665,-0.12765438910240823,181,315
6840,0.45030538785839075,0.47863781869842936,-0.028332430840038614,181,333
6841,0.48643559192119756,0.5346264160114307,-0.04819082409023312,181,276
6842,0.41035424063689374,0.45773262757971217,-0.04737838694281843,181,320
6843,0.40542767152277526,0.49644591433411306,-0.0910182428113378,181,288
6844,0.47869737419041714,0.49507630717644957,-0.016378932986032435,181,316
6845,0.4803080022669697,0.48624391248887006,-0.005935910221900376,181,322
6846,0.5088225940505683,0.46166238241248553,0.04716021163808276,181,308
6847,0.4726292475031971,0.4253108661271927,0.047318381376004415,181,343
6848,0.37608966171716285,0.439009719901207,-0.06292005818404417,181,310
6849,0.45469628874264284,0.477082635733169,-0.022386346990526163,181,302
6850,0.46856357927786496,0.49867846421299505,-0.030114884935130093,181,299
6851,0.42743201805345526,0.499709667019435,-0.07227764896597971,181,308
6852,0.4389381391555304,0.5079804959958667,-0.06904235684033627,181,316
6853,0.4312472365600138,0.4320999464353343,-0.0008527098753204898,181,346
6854,0.550197718416066,0.4987727268119007,0.051424991604165304,181,295
6855,0.39113161857988427,0.44135704431832207,-0.0502254257384378,181,362
6856,0.5156655665835592,0.45804008312027455,0.057625483463284666,181,306
6857,0.4582117391727691,0.4655245826625182,-0.0073128434897491434,181,325
6858,0.46403805966831174,0.4772708708450922,-0.013232811176780435,181,305
6859,0.5022355600310185,0.5396543918456677,-0.03741883181464911,181,311
6860,0.47679897460967785,0.4871100100602502,-0.010311035450572326,181,297
6861,0.4630894076887108,0.48306371458015535,-0.019974306891444527,181,295
6862,0.4281014834593956,0.5046803798562773,-0.07657889639688176,181,294
6863,0.5046849585411722,0.5317441682605578,-0.02705920971938558,181,298
6864,0.3994446049694668,0.46584274925685615,-0.06639814428738933,181,301
6865,0.4620610672923858,0.45930353565080034,0.002757531641585431,181,298
6866,0.4982237525737278,0.4855363197910743,0.012687432782653496,181,320
6867,0.46997271941754587,0.456718948311576,0.01325377110596987,181,334
6868,0.4248021940059917,0.5313968795374123,-0.10659468553142065,181,291
6869,0.49671120161905874,0.4676769723184117,0.02903422930064703,181,329
6870,0.458521257000012,0.4754683794421723,-0.01694712244216029,181,335
6871,0.5066192174735832,0.4484524842807113,0.058166733192871856,181,345
6872,0.4318305616716773,0.44505538602059297,-0.013224824348915643,181,330
6873,0.41119714060857887,0.4365079939992832,-0.025310853390704324,181,350
6874,0.5437762099766965,0.44843027868427077,0.09534593129242575,181,335
6875,0.48982513139034883,0.47414742212674543,0.0156777092636034,181,299
6876,0.5169026309445773,0.481391107669924,0.035511523274653345,181,317
6877,0.4719205276336677,0.4846268951176684,-0.012706367484000669,181,317
6878,0.4662518418433671,0.46447287331900505,0.0017789685243620457,181,331
6879,0.4579497492276397,0.4805876622307944,-0.022637913003154708,181,318
6880,0.49571325523676135,0.5326227740014516,-0.036909518764690286,181,302
6881,0.46065020332220236,0.5005587881085448,-0.03990858478634246,181,313
6882,0.47214931566593166,0.4844334130048415,-0.012284097338909838,181,328
6883,0.4661663999333284,0.5126844620450507,-0.04651806211172227,181,327
6884,0.4243236821930845,0.47255939088312965,-0.048235708690045176,181,315
6885,0.4519666632448587,0.5282472934326614,-0.07628063018780273,181,302
6886,0.4514710106321989,0.5309705836329377,-0.07949957300073879,181,308
6887,0.4387783262368771,0.4103959873011168,0.02838233893576031,181,329
6888,0.49174847962719437,0.5223912801194748,-0.03064280049228041,181,296
6889,0.4855192251080495,0.478269398165056,0.007249826942993531,181,305
6890,0.4645200576314639,0.576472223144599,-0.11195216551313508,181,293
6891,0.45605678923978704,0.42571849205149664,0.030338297188290397,181,324
6892,0.4694412069567349,0.48021240420068617,-0.010771197243951258,181,303
6893,0.4141569948193906,0.48639809170421405,-0.07224109688482344,181,283
6894,0.46789183465883066,0.5173811025048994,-0.049489267846068774,181,307
6895,0.46150590983933987,0.5537629210106555,-0.09225701117131563,181,311
6896,0.4746959645067843,0.5119102540301858,-0.037214289523401445,181,304
6897,0.4679922119715085,0.5143881472108726,-0.04639593523936408,181,289
6898,0.5020162065048563,0.5444231431496916,-0.0424069366448353,181,280
6899,0.46115568330126283,0.4071696064684853,0.05398607683277751,181,344
6900,0.4565350894471218,0.485821827999992,-0.02928673855287023,181,327
6901,0.4543319110045089,0.5321801536068241,-0.07784824260231521,181,306
6902,0.4117427732374043,0.4575183462750782,-0.04577557303767388,181,322
6903,0.4214953431789231,0.4309938485798294,-0.009498505400906299,181,352
6904,0.48986161326387173,0.431033237935015,0.05882837532885671,181,327
6905,0.49056408862921225,0.49949215828243526,-0.008928069653223014,181,327
6906,0.4770076296453701,0.4322843469414875,0.044723282703882594,181,349
6907,0.41402122423242266,0.4484504685461624,-0.034429244313739726,181,327
6908,0.45665695860203864,0.5048353170694041,-0.048178358467365456,181,299
6909,0.4251696134343078,0.5025763452555019,-0.07740673182119406,181,295
6910,0.5041293375695299,0.4488453040330083,0.055284033536521615,181,322
6911,0.4141433226539609,0.4687947671126792,-0.05465144445871828,181,324
6912,0.5327366900079779,0.49374954251115233,0.038987147496825525,181,287
6913,0.4646526751271371,0.40415436504674024,0.060498310080396855,181,330
6914,0.4783897420900353,0.43786139496643617,0.04052834712359915,181,319
6915,0.4815712854281563,0.5276713460668371,-0.04610006063868077,181,310
6916,0.4058742467914661,0.4177972601455996,-0.011923013354133483,181,361
6917,0.4774390078668738,0.5666930936157134,-0.08925408574883958,181,271
6918,0.4295070399647747,0.4342606476906155,-0.004753607725840825,181,328
6919,0.4606112650038213,0.4792346679794157,-0.018623402975594394,181,308
6920,0.541330511007701,0.4353393355786349,0.10599117542906611,181,281
6921,0.4710138536662756,0.45745214423918296,0.013561709427092616,181,316
6922,0.46866054373557325,0.4626666321801521,0.005993911555421172,181,302
6923,0.4790881514824078,0.4538606123722969,0.025227539110110886,181,332
6924,0.4203898286851117,0.40951512075588764,0.01087470792922407,181,345
6925,0.4623269870753383,0.47335525942160744,-0.01102827234626913,181,304
6926,0.39212890546854595,0.5037686547823399,-0.11163974931379395,181,289
6927,0.4896994658182847,0.508118989949177,-0.018419524130892317,181,314
6928,0.496784811911712,0.5177369289318011,-0.020952117020089145,181,286
6929,0.43315048768808545,0.48323738931150856,-0.05008690162342311,181,334
6930,0.47243388411493864,0.46888352395568017,0.00355036015925847,181,296
6931,0.4665981722584314,0.5170459385619542,-0.05044776630352282,181,327
6932,0.4581294631438549,0.5028324264018192,-0.04470296325796436,181,295
6933,0.4651258213437816,0.48915748140212756,-0.02403166005834595,181,295
6934,0.4386912112378868,0.5426681014268868,-0.10397689018900003,181,282
6935,0.4164451269451269,0.47424233802624716,-0.05779721108112024,181,315
6936,0.4215882690194409,0.5275159365753198,-0.1059276675558789,181,298
6937,0.41356545948382684,0.43046900512891284,-0.016903545645086004,181,327
6938,0.4902102256760354,0.4675861722479149,0.022624053428120516,181,311
6939,0.46765004727685416,0.48129313375708527,-0.013643086480231104,181,316
6940,0.4737560931125769,0.42445129220465855,0.049304800907918334,181,357
6941,0.4995322848981386,0.46284321322012856,0.036689071678010055,181,298
6942,0.41144484216735544,0.4878153320036753,-0.07637048983631983,181,302
6943,0.48410608422318024,0.5148985752434029,-0.030792491020222634,181,305
6944,0.4323596127758852,0.42163037049517854,0.010729242280706652,181,314
6945,0.4246416119419444,0.4447982738002217,-0.020156661858277303,181,327
6946,0.45810478314714204,0.4711298773054873,-0.01302509415834524,181,312
6947,0.49110782595470326,0.4524046021726019,0.03870322378210134,181,323
6948,0.4839412366359744,0.4331810948232495,0.05076014181272487,181,306
6949,0.47808533673200193,0.4908115931386825,-0.01272625640668057,181,274
6950,0.4441046544902375,0.49089390155290197,-0.04678924706266446,181,313
6951,0.439229722045457,0.4052419456598471,0.0339877763856099,181,343
6952,0.484492788719605,0.48261789830398916,0.0018748904156158375,181,314
6953,0.4675800365299385,0.43862485319924666,0.028955183330691858,181,356
6954,0.401422905762324,0.5604703404355812,-0.15904743467325722,181,295
6955,0.43365364793936223,0.45639074287996123,-0.022737094940599,181,336
6956,0.4431556125570368,0.47570083859647116,-0.03254522603943438,181,316
6957,0.4551919176829221,0.44020748269897797,0.01498443498394414,181,336
6958,0.43206955230758043,0.5031936238294339,-0.07112407152185346,181,317
6959,0.47754589919555807,0.45929281976720304,0.018253079428355024,181,334
6960,0.45708896203719707,0.442051204416396,0.015037757620801062,181,359
6961,0.4784160702100749,0.5153159424074042,-0.03689987219732932,181,301
6962,0.47508518555964757,0.45383702883832544,0.02124815672132213,181,332
6963,0.4197709329719387,0.48575309092152674,-0.06598215794958806,181,314
6964,0.4373962751944935,0.4573348840653701,-0.019938608870876617,181,338
6965,0.4706662090778475,0.4668307992012934,0.003835409876554119,181,317
6966,0.3928911495271841,0.4908529422948252,-0.09796179276764105,181,302
6967,0.4371255398787978,0.4820390584239672,-0.044913518545169395,181,307
6968,0.4406346412429184,0.5160210919810962,-0.07538645073817785,181,291
6969,0.4286995200606252,0.45178607447407904,-0.023086554413453808,181,358
6970,0.4425890674893241,0.3731692068199988,0.06941986066932526,181,369
6971,0.4641190718711728,0.49384110787172014,-0.029722036000547347,181,313
6972,0.4446851926055052,0.4188243486988178,0.025860843906687414,181,374
6973,0.4653650283124158,0.42982022960296834,0.035544798709447434,181,316
6974,0.5142981800758015,0.48289714342509293,0.03140103665070859,181,289
6975,0.43493057239344013,0.45722198260115343,-0.022291410207713303,181,302
6976,0.49271610651101405,0.5639786754318774,-0.07126256892086336,181,303
6977,0.43769870470450384,0.4776987718164189,-0.04000006711191506,181,307
6978,0.46130435879681403,0.5123141084084072,-0.05100974961159316,181,310
6979,0.4484781675672633,0.4962611916177343,-0.047783024050471024,181,305
6980,0.51071240876171,0.5302822658433992,-0.019569857081689235,181,309
6981,0.4901606653081144,0.4683361481640416,0.021824517144072797,181,325
6982,0.4352664414887527,0.476961735684418,-0.04169529419566531,181,312
6983,0.48306984613273435,0.5038351217707263,-0.020765275637991965,181,279
6984,0.4277245269888392,0.3970586057977692,0.030665921191070034,181,375
6985,0.449433390128611,0.4881888766903916,-0.03875548656178063,181,333
6986,0.4699580570061287,0.472766265406915,-0.0028082084007863273,181,324
6987,0.4841068561835997,0.43044079807881513,0.053666058104784586,181,313
6988,0.5079323583576094,0.4253878358622192,0.08254452249539024,181,293
6989,0.3650834126121977,0.4193089438219559,-0.054225531209758204,181,320
6990,0.4367755862004992,0.4645765409989133,-0.0278009547984141,181,318
6991,0.49468499810805777,0.5025712834300801,-0.00788628532202229,181,299
6992,0.4314840783588988,0.48514388528735736,-0.053659806928458564,181,308
6993,0.3968839221044783,0.4454369648616893,-0.04855304275721101,181,351
6994,0.4446139456935139,0.49956908247832377,-0.054955136784809844,181,326
6995,0.43454265257334307,0.4724204273544506,-0.03787777478110754,181,317
6996,0.4569007761506848,0.505310276990824,-0.048409500840139175,181,294
6997,0.41754512863652166,0.5144684768271854,-0.09692334819066378,181,293
6998,0.41774858949287247,0.5233087915046803,-0.10556020201180788,181,304
6999,0.46023966459312254,0.46727800758676347,-0.0070383429936409225,181,334
7000,0.4804019354651882,0.45954637601131304,0.020855559453875183,181,286
7001,0.4648895205178973,0.49955219675186047,-0.034662676233963186,181,300
7002,0.44417371487462326,0.49359475342947956,-0.0494210385548563,181,330
7003,0.47901908173335406,0.4651231358859265,0.013895945847427538,181,295
7004,0.4571587275029861,0.48285242847942084,-0.025693700976434752,181,284
7005,0.4066812001294268,0.4526641777957039,-0.04598297766627707,181,336
7006,0.4506505833684958,0.4020305009224327,0.048620082446063084,181,388
7007,0.4661596482060236,0.4399317784063796,0.026227869799644032,181,321
7008,0.44925397286326196,0.47434473819409445,-0.025090765330832487,181,305
7009,0.430393148819838,0.4166402325526105,0.013752916267227466,181,344
7010,0.39788911726681403,0.41099172759284647,-0.013102610326032438,181,341
7011,0.4821134122462401,0.4194713038242798,0.06264210842196033,181,321
7012,0.5194954198487499,0.4934707945074492,0.026024625341300733,181,324
7013,0.4716025795215749,0.5028467772828675,-0.031244197761292614,181,338
7014,0.4454794236432565,0.4953852412401947,-0.049905817596938185,181,303
7015,0.39374462146431005,0.39558263022181245,-0.0018380087575023962,181,350
7016,0.3946099937137042,0.499443413729128,-0.10483342001542378,181,321
7017,0.5045270154842016,0.4624238740393721,0.04210314144482957,181,333
7018,0.4338114941309776,0.4739962805221595,-0.04018478639118189,181,303
7019,0.4463845950380299,0.4930482677473466,-0.046663672709316706,181,318
7020,0.48387214020116104,0.516691951572253,-0.03281981137109197,181,289
7021,0.40620116042324517,0.4926819658707555,-0.08648080544751036,181,323
7022,0.3887699636822703,0.46697518623980233,-0.07820522255753204,181,333
7023,0.4855098575905322,0.5197352026500986,-0.034225345059566425,181,308
7024,0.47628260725800986,0.45857018607459915,0.01771242118341071,181,326
7025,0.4926931113450045,0.48624769966492654,0.00644541168007795,181,313
7026,0.4494709627020544,0.5042864020752793,-0.05481543937322492,181,318
7027,0.4978618988110065,0.4611185951810218,0.036743303629984736,181,319
7028,0.4153113935229264,0.4651626395238947,-0.0498512460009683,181,314
7029,0.37430640020344674,0.43516963206252274,-0.060863231859075995,181,338
7030,0.4400229849768285,0.478621313710987,-0.03859832873415847,181,327
7031,0.46083576990803354,0.4874178345494431,-0.026582064641409553,181,288
7032,0.475650635241428,0.5272293301155779,-0.051578694874149955,181,321
7033,0.4244176007843206,0.45967431630696937,-0.03525671552264875,181,328
7034,0.42758643472929186,0.4710882033197831,-0.04350176859049126,181,323
7035,0.4703224653651219,0.4971215143195031,-0.026799048954381177,181,284
7036,0.5045774315219723,0.526761736896687,-0.02218430537471472,181,307
7037,0.3461023139432041,0.42833682619169905,-0.08223451224849493,181,337
7038,0.4992193147981054,0.5497517030666975,-0.05053238826859213,181,312
7039,0.4432470352527647,0.4415336345355037,0.0017134007172610044,181,328
7040,0.4734537744013783,0.529513418270534,-0.056059643869155684,181,283
7041,0.47019140931928455,0.5242570110517915,-0.05406560173250691,181,284
7042,0.4550856892609475,0.4508951236067027,0.004190565654244804,181,336
7043,0.4233817405617571,0.48303851136568055,-0.05965677080392345,181,294
7044,0.5174824431851641,0.4799514125425766,0.037531030642587504,181,307
7045,0.4651926936901231,0.4173772700861337,0.04781542360398944,181,312
7046,0.43617998678884584,0.41875472354344806,0.017425263245397782,181,340
7047,0.4714166290150918,0.5216492460957071,-0.05023261708061527,181,291
7048,0.47298770446210414,0.5193941026157197,-0.04640639815361558,181,307
7049,0.34917742742825825,0.4686848101274303,-0.11950738269917205,181,319
7050,0.3760704360194795,0.3847793739660882,-0.008708937946608708,181,368
7051,0.4022829090813895,0.45761279820570205,-0.05532988912431258,181,329
7052,0.4734650868177391,0.39920242655150256,0.07426266026623651,181,379
7053,0.48016101901735364,0.5457686206133412,-0.06560760159598755,181,290
7054,0.48355073958342315,0.4865331734050117,-0.002982433821588526,181,301
7055,0.46831258086430505,0.5312501671187585,-0.06293758625445345,181,307
7056,0.37779124071989045,0.45386382328950836,-0.07607258256961791,181,306
7057,0.4752834775933728,0.37950373667088444,0.09577974092248837,181,366
7058,0.5411709230748297,0.47340779858227516,0.06776312449255456,181,321
7059,0.45574100419650154,0.4247061220170721,0.031034882179429457,181,322
7060,0.4723032488662466,0.5018178275134836,-0.029514578647237,181,342
7061,0.43924044209758495,0.45983184353134654,-0.02059140143376159,181,311
7062,0.4211039945597908,0.5042742756968632,-0.08317028113707242,181,310
7063,0.45855398982843426,0.48159602996271034,-0.023042040134276076,181,336
7064,0.4497860289026209,0.5299035599154365,-0.08011753101281555,181,305
7065,0.48297343571096757,0.47627180485458703,0.006701630856380536,181,329
7066,0.45004350052127556,0.44209653014454936,0.007946970376726203,181,352
7067,0.47368153328555873,0.4426177292642806,0.03106380402127812,181,351
7068,0.45732870305911827,0.46010939907987314,-0.002780696020754869,181,319
7069,0.41673257568010014,0.463054314130691,-0.046321738450590844,181,334
7070,0.43496429712355045,0.46581731102312457,-0.030853013899574122,181,314
7071,0.47253138063705735,0.45702931251977336,0.015502068117283996,181,310
7072,0.4370221665881249,0.5002042147971325,-0.06318204820900758,181,310
7073,0.44047062507106904,0.4865540915678444,-0.04608346649677536,181,336
7074,0.44350020405945495,0.4445713109839674,-0.001071106924512455,181,337
7075,0.4727082901679072,0.46154635898905844,0.011161931178848783,181,315
7076,0.3687371538139926,0.4586002468951875,-0.08986309308119494,181,341
7077,0.447212401623211,0.4328910635864105,0.014321338036800524,181,321
7078,0.4230208296793407,0.502007356872619,-0.07898652719327831,181,294
7079,0.4218192154089822,0.4347927565164432,-0.012973541107461017,181,334
7080,0.49103846753762515,0.48428377795677024,0.0067546895808549,181,298
7081,0.5000113503872903,0.49009846526879525,0.00991288511849503,181,307
7082,0.47145376030636293,0.560365370575171,-0.08891161026880806,181,302
7083,0.4198137650101184,0.455056206879915,-0.03524244186979658,181,310
7084,0.4676763862167356,0.5045065551216641,-0.03683016890492852,181,301
7085,0.4028586304799286,0.44601605476624817,-0.04315742428631958,181,338
7086,0.4819926942461829,0.47881461078438675,0.003178083461796155,181,328
7087,0.43850476320467396,0.44897324897324903,-0.010468485768575064,181,327
7088,0.4517262612098878,0.4999052780053505,-0.048179016795462715,181,289
7089,0.5413912438730969,0.4899289000810733,0.05146234379202358,181,305
7090,0.4282151005556603,0.44298598221519114,-0.014770881659530832,181,362
7091,0.3556386742453849,0.48488181524597485,-0.12924314100058992,181,324
7092,0.43650367790049577,0.46757107138683274,-0.03106739348633697,181,312
7093,0.4764344915216043,0.43454185897749475,0.04189263254410952,181,325
7094,0.4421444128698107,0.44445809658547625,-0.0023136837156655377,181,312
7095,0.5048387445887446,0.5333111187632813,-0.02847237417453674,181,293
7096,0.46718055045417334,0.44975929149533383,0.017421258958839503,181,298
7097,0.4741124773336202,0.462437616569307,0.011674860764313233,181,331
7098,0.46263769603708743,0.41025360837709507,0.05238408765999236,181,326
7099,0.4336607551765258,0.4978827055297644,-0.06422195035323858,181,308
7100,0.511653017912883,0.4843716993080089,0.027281318604874094,181,288
7101,0.4182002053158113,0.4748135329855493,-0.05661332766973798,181,329
7102,0.4952830690612645,0.4952757221359762,7.3469252883096026e-06,181,289
7103,0.4520127027537922,0.49538050672785755,-0.043367803974065366,181,322
7104,0.45875188174459985,0.4915798216495081,-0.03282793990490823,181,327
7105,0.4543926156159593,0.45473380118270335,-0.0003411855667440622,181,335
7106,0.4050984657007936,0.4908587036864817,-0.0857602379856881,181,314
7107,0.45368239536420313,0.5652696523311384,-0.11158725696693522,181,279
7108,0.4404531302242973,0.5286186912733083,-0.08816556104901102,181,312
7109,0.3907840205524396,0.45441828796063144,-0.06363426740819184,181,339
7110,0.4849934415304481,0.563268806146661,-0.07827536461621287,181,289
7111,0.5036463796772571,0.4276560144650931,0.07599036521216401,181,300
7112,0.4163243032553058,0.4459757503205819,-0.029651447065276115,181,322
7113,0.4543736728674235,0.46023168822355626,-0.005858015356132784,181,321
7114,0.4931034755247185,0.4126456977880021,0.08045777773671642,181,342
7115,0.40649705937395203,0.5036230013789551,-0.09712594200500307,181,295
7116,0.4761979948728004,0.4322721088435374,0.043925886029263006,181,323
7117,0.46639988357870016,0.5279761286641775,-0.06157624508547738,181,299
7118,0.3515586506932012,0.5152808928251963,-0.1637222421319951,181,325
7119,0.45381748479902245,0.44380110398496436,0.01001638081405809,181,325
7120,0.40767099952267644,0.4718669180199448,-0.06419591849726836,181,333
7121,0.4662824148400081,0.529064373001948,-0.06278195816193988,181,301
7122,0.48766314382254405,0.43303752958840275,0.054625614234141306,181,326
7123,0.44700305753712544,0.4978627264265981,-0.05085966888947269,181,332
7124,0.43888643265904653,0.5092460663205557,-0.07035963366150916,181,274
7125,0.3836203827070629,0.4758374502035266,-0.09221706749646369,181,328
7126,0.44367575138490956,0.517276288111094,-0.0736005367261845,181,322
7127,0.4644934814483892,0.45018254597329604,0.014310935475093156,181,320
7128,0.42064696153889136,0.47958112151879284,-0.05893415997990148,181,319
7129,0.4212968722766148,0.44467713874839615,-0.023380266471781375,181,321
7130,0.45489326686503606,0.4466809647601964,0.008212302104839642,181,338
7131,0.42218360776009817,0.4439738573436941,-0.021790249583595933,181,304
7132,0.40484440544908357,0.42056880078348957,-0.015724395334406005,181,342
7133,0.4691448209445329,0.5276188497376972,-0.05847402879316432,181,312
7134,0.37377553387986406,0.44275248295775566,-0.06897694907789159,181,336
7135,0.4745408835470947,0.4716853101645362,0.0028555733825585405,181,328
7136,0.44608088726590295,0.4843183504000231,-0.03823746313412013,181,338
7137,0.4489362651842471,0.5248181702135126,-0.0758819050292655,181,310
7138,0.5087674228880904,0.5208276941613894,-0.012060271273299006,181,285
7139,0.47986407403508446,0.4546994340265709,0.02516464000851354,181,321
7140,0.490200250133258,0.5075943114394637,-0.017394061306205633,181,285
7141,0.425828481345046,0.4907685231116112,-0.0649400417665652,181,338
7142,0.3969072293348085,0.5368919078707933,-0.13998467853598484,181,277
7143,0.4634665232063383,0.48436061499665,-0.02089409179031171,181,296
7144,0.4182553717812076,0.47513724746635916,-0.05688187568515157,181,307
7145,0.5185134804855636,0.513196363413434,0.005317117072129562,181,308
7146,0.46656495518040736,0.5155263239126043,-0.048961368732196975,181,304
7147,0.3859494901968738,0.40360589051674184,-0.017656400319868037,181,328
7148,0.4844806592613528,0.4864422190928214,-0.001961559831468618,181,300
7149,0.46463544274447127,0.4639484530874656,0.0006869896570056988,181,320
7150,0.4575169564194335,0.46260248103927987,-0.005085524619846349,181,278
7151,0.4830288028803108,0.43478835929073123,0.048240443589579574,181,312
7152,0.4579240787119861,0.4034178877237227,0.05450619098826337,181,342
7153,0.468233066393397,0.48885571056393146,-0.020622644170534443,181,297
7154,0.4919303854092836,0.4819274292958503,0.01000295611343327,181,297
7155,0.4274385491946836,0.49739267894497996,-0.06995412975029636,181,311
7156,0.44580231495184247,0.4213818723002743,0.024420442651568175,181,358
7157,0.43911428911636613,0.47505985481832835,-0.03594556570196222,181,323
7158,0.4382388977603594,0.47031112042782425,-0.032072222667464845,181,327
7159,0.4539526492101243,0.43567337931653544,0.018279269893588856,181,301
7160,0.46378918897575616,0.4310347393947874,0.032754449580968736,181,330
7161,0.4600328210509823,0.5118094393994067,-0.0517766183484244,181,303
7162,0.4573463663938754,0.47897500349113253,-0.021628637097257153,181,287
7163,0.5122596071901883,0.5561626968677633,-0.04390308967757506,181,286
7164,0.3965579717333266,0.4488750940956436,-0.052317122362317,181,349
7165,0.487582410665261,0.4912158184445544,-0.0036334077792934405,181,313
7166,0.4171961532211816,0.4733840189249762,-0.05618786570379464,181,320
7167,0.45888789646712796,0.44821642173615855,0.01067147473096941,181,307
7168,0.4837678582321971,0.4724171038658124,0.011350754366384663,181,311
7169,0.4404148981947843,0.468534707007578,-0.02811980881279369,181,292
7170,0.5250766029326566,0.5623197011967082,-0.03724309826405159,181,288
7171,0.4378544351006979,0.5037721607547844,-0.06591772565408649,181,309
7172,0.4097538196186554,0.47562536367175084,-0.06587154405309542,181,312
7173,0.49205060404944284,0.48816813624597205,0.0038824678034707905,181,290
7174,0.45884782025393045,0.5109251471171262,-0.05207732686319577,181,312
7175,0.439160508563542,0.4282484092261818,0.010912099337360204,181,344
7176,0.47988471267823496,0.5274327401528967,-0.04754802747466169,181,271
7177,0.4774069236974877,0.4691057140071397,0.008301209690348033,181,289
7178,0.47416178515898205,0.47655762010036146,-0.0023958349413794044,181,303
7179,0.4502181587226866,0.4461530220791669,0.004065136643519707,181,339
7180,0.41137121530747717,0.5035572260332761,-0.09218601072579896,181,295
7181,0.486503003411858,0.4667486605025255,0.01975434290933248,181,302
7182,0.44521862650552996,0.45280894314700204,-0.0075903166414720835,181,308
7183,0.4100429416648111,0.4674946875740337,-0.057451745909222585,181,311
7184,0.4191864024147335,0.40560775414231387,0.013578648272419613,181,360
7185,0.40667964103311516,0.47623922283773634,-0.06955958180462118,181,309
7186,0.39735848217713826,0.4538471847222934,-0.056488702545155145,181,312
7187,0.4950880218255139,0.4618961357526725,0.0331918860728414,181,325
7188,0.47991237002382536,0.5048665435502265,-0.02495417352640117,181,307
7189,0.4442965592033915,0.4848112650405267,-0.04051470583713518,181,295
7190,0.5181345573585092,0.49532343369878384,0.022811123659725374,181,327
7191,0.43676833641766427,0.4360498270060614,0.0007185094116028967,181,316
7192,0.5098417428700328,0.5179171130817919,-0.008075370211759081,181,306
7193,0.39455265343929824,0.459129454913636,-0.06457680147433775,181,314
7194,0.42996088651220815,0.5702116969039158,-0.14025081039170767,181,285
7195,0.3668957718664839,0.49168236173749236,-0.12478658987100844,181,321
7196,0.3986799920895269,0.43355938560472324,-0.03487939351519631,181,334
7197,0.3840027636561735,0.3690207978798902,0.014981965776283246,181,366
7198,0.4705421837609659,0.48485810895129056,-0.014315925190324652,181,319
7199,0.4324484722314373,0.4690127059722248,-0.03656423374078749,181,288
7200,0.4244859422853646,0.5159402752412692,-0.09145433295590455,181,292
7201,0.43754164451532873,0.4930211661321658,-0.05547952161683706,181,314
7202,0.49770371776919264,0.46560694687175824,0.0320967708974344,181,312
7203,0.4070295495418649,0.4638875918672686,-0.0568580423254037,181,318
7204,0.3987519332057147,0.46197440028983866,-0.06322246708412393,181,283
7205,0.46347691258029594,0.49352036598035093,-0.030043453400054987,181,314
7206,0.5001664020277873,0.45464018980646276,0.045526212221324525,181,337
7207,0.44420104047784903,0.39952220877147804,0.04467883170637099,181,361
7208,0.4964662751359107,0.49236467016055646,0.004101604975354223,181,321
7209,0.4401035759797196,0.3776444973047837,0.062459078674935886,181,337
7210,0.45180468602031515,0.4606302037999544,-0.008825517779639247,181,327
7211,0.4278190817411468,0.4570816520128739,-0.029262570271727073,181,341
7212,0.5024040297937357,0.4411534413502152,0.06125058844352044,181,308
7213,0.4331190626319245,0.5184383444432236,-0.08531928181129905,181,313
7214,0.5043527266638596,0.5213855002587398,-0.0170327735948802,181,277
7215,0.4320450135381747,0.46920136516134353,-0.037156351623168826,181,316
7216,0.4547346950089577,0.526411155904167,-0.07167646089520929,181,259
7217,0.5054536635604924,0.5320099681061569,-0.02655630454566449,181,285
7218,0.378410616920083,0.407848079094542,-0.029437462174459028,181,325
7219,0.418691212725664,0.4622306648821533,-0.0435394521564893,181,334
7220,0.4182500301106885,0.38894494339628916,0.029305086714399353,181,367
7221,0.5013559892204293,0.46167103052464203,0.03968495869578731,181,323
7222,0.4690763879253538,0.46195146579495044,0.007124922130403333,181,316
7223,0.47343312962450945,0.445634368364436,0.027798761260073468,181,324
7224,0.4707215932215933,0.511234644419994,-0.04051305119840071,181,312
7225,0.36077823672206716,0.461979519888667,-0.10120128316659982,181,317
7226,0.4441792920380694,0.44466683142641333,-0.0004875393883439494,181,319
7227,0.420269076790816,0.4622621644326035,-0.0419930876417875,181,316
7228,0.4529561473638081,0.4608905217850827,-0.007934374421274593,181,308
7229,0.4304791425018548,0.46923870338179297,-0.03875956087993815,181,318
7230,0.4631922564825598,0.5046855778132185,-0.04149332133065875,181,302
7231,0.5620027495027494,0.5564297379892986,0.0055730115134507985,181,265
7232,0.4713618014409076,0.48823037059908364,-0.016868569158176028,181,300
7233,0.47372029434049895,0.5168278555921577,-0.043107561251658766,181,280
7234,0.469713873303011,0.49830964221128715,-0.028595768908276142,181,326
7235,0.4624574234288345,0.48647895315656847,-0.02402152972773397,181,317
7236,0.4426832656646321,0.44175685673704834,0.0009264089275837772,181,307
7237,0.4391414450820859,0.5170126908957504,-0.0778712458136645,181,311
7238,0.4497481092192732,0.46743262258878326,-0.017684513369510046,181,324
7239,0.4204093642118852,0.46726573932280324,-0.04685637511091806,181,288
7240,0.4670283405342938,0.47750382848263806,-0.010475487948344242,181,302
7241,0.41060001219848913,0.42593222139083037,-0.01533220919234124,181,332
7242,0.4527877508643183,0.40025359845943154,0.052534152404886736,181,361
7243,0.4120476948726437,0.4807525042896503,-0.06870480941700657,181,308
7244,0.39511322803248267,0.467830007805685,-0.07271677977320234,181,342
7245,0.4822482315285913,0.4491273432449903,0.03312088828360099,181,326
7246,0.407301854403381,0.5079252377099251,-0.10062338330654413,181,292
7247,0.36128781136530813,0.4352803785960308,-0.07399256723072267,181,316
7248,0.460703932735885,0.485470528090123,-0.024766595354237975,181,305
7249,0.5122305023741623,0.4742341102535729,0.03799639212058942,181,311
7250,0.41899158739141756,0.38785190945906006,0.0311396779323575,181,345
7251,0.4129894595200718,0.4773793006320671,-0.0643898411119953,181,313
7252,0.3824854411327701,0.39726416618207666,-0.014778725049306551,181,366
7253,0.488795664364582,0.40727940196844087,0.08151626239614113,181,329
7254,0.4705647577338899,0.4706735202524165,-0.00010876251852659502,181,284
7255,0.3919333839693201,0.4293255045843748,-0.0373921206150547,181,308
7256,0.39270417192054785,0.47642614024663094,-0.08372196832608308,181,322
7257,0.4427657452443188,0.4427096774193548,5.6067824963978996e-05,181,340
7258,0.4943001293405606,0.5036833901529242,-0.00938326081236357,181,328
7259,0.43666511649998185,0.4177290304913157,0.018936086008666142,181,329
7260,0.513650615297134,0.4715813342786937,0.04206928101844026,181,323
7261,0.33893966133461934,0.4882967747384886,-0.14935711340386926,181,305
7262,0.4945199870731786,0.49399018709061043,0.0005297999825681909,181,285
7263,0.4418488094712603,0.5246933256301454,-0.08284451615888505,181,315
7264,0.3975566266744117,0.49509875231557154,-0.09754212564115983,181,311
7265,0.4030919457691645,0.4926736133239861,-0.08958166755482161,181,289
7266,0.43625795541051665,0.4891027435512827,-0.05284478814076604,181,322
7267,0.4835808715894032,0.418557237669262,0.06502363392014121,181,331
7268,0.4888931993997464,0.4756880516937951,0.013205147705951326,181,327
7269,0.4444312425494739,0.48659417422640466,-0.04216293167693075,181,313
7270,0.4735685222639298,0.4560978030022718,0.017470719261657996,181,295
7271,0.5100940162272092,0.5163109944427033,-0.006216978215494162,181,309
7272,0.4343153711061198,0.5010925402630472,-0.06677716915692739,181,307
7273,0.47293355488844213,0.47831843147646264,-0.005384876588020504,181,303
7274,0.4974402009272651,0.5252007103262784,-0.027760509399013256,181,273
7275,0.36042594582151866,0.4597832907799363,-0.09935734495841764,181,357
7276,0.4899388415265887,0.4623036049862983,0.027635236540290375,181,315
7277,0.4876476702866834,0.49271956026691827,-0.005071889980234889,181,301
7278,0.46360464972926974,0.5359067497548481,-0.07230210002557835,181,305
7279,0.45838243638078485,0.5097177624437309,-0.05133532606294605,181,282
7280,0.4177185550325126,0.5029098367994388,-0.0851912817669262,181,291
7281,0.4408191149737828,0.47615416705293406,-0.035335052079151275,181,306
7282,0.476190767089526,0.5286829321540185,-0.0524921650644925,181,293
7283,0.38358059548755996,0.42417194737970715,-0.04059135189214719,181,344
7284,0.4356426826964928,0.4513612459104786,-0.015718563213985792,181,320
7285,0.4125579165625212,0.4236540311085453,-0.011096114546024105,181,381
7286,0.410110531207784,0.3939104328603206,0.016200098347463388,181,360
7287,0.4397837663205112,0.46087923538085224,-0.021095469060341043,181,354
7288,0.4302314202057302,0.48106215361436305,-0.05083073340863287,181,304
7289,0.427176035840308,0.4430113507969146,-0.015835314956606616,181,336
7290,0.4730090918298003,0.4219356253135877,0.051073466516212584,181,330
7291,0.36496127433763853,0.431148475402327,-0.06618720106468845,181,343
7292,0.4103199491854954,0.4738159204964356,-0.0634959713109402,181,318
7293,0.3750014342465987,0.4554254342780311,-0.08042400003143241,181,322
7294,0.3855458449418242,0.4840678898312704,-0.09852204488944621,181,317
7295,0.48103574435926394,0.504872747466474,-0.023837003107210097,181,306
7296,0.4943543326877025,0.47498797997709674,0.019366352710605772,181,286
7297,0.43390817144234406,0.4707057664163563,-0.03679759497401225,181,301
7298,0.470754270855441,0.43618490617090516,0.034569364684535864,181,300
7299,0.4822716551350386,0.48849617841910214,-0.006224523284063532,181,297
7300,0.454510571350015,0.471354343165502,-0.01684377181548702,181,322
7301,0.4349214988321267,0.44032342211181014,-0.005401923279683418,181,340
7302,0.5223451392635391,0.5145886574823367,0.007756481781202362,181,287
7303,0.4493833270656067,0.50980805467727,-0.06042472761166329,181,287
7304,0.47137094888837006,0.47699474077254267,-0.005623791884172613,181,334
7305,0.43229658701143076,0.49932993444566826,-0.0670333474342375,181,322
7306,0.3349235793185648,0.4474288594929713,-0.11250528017440647,181,331
7307,0.4231950795925951,0.4959279057037331,-0.07273282611113796,181,298
7308,0.40179020840020524,0.39693267071066807,0.0048575376895371725,181,394
7309,0.46579751501099814,0.4534200863769708,0.012377428634027354,181,303
7310,0.4375483573029431,0.42838627338589547,0.009162083917047648,181,328
7311,0.5088776043992174,0.5038957506201466,0.004981853779070788,181,311
7312,0.3622535134803401,0.43596825806015327,-0.0737147445798132,181,335
7313,0.41479373013669046,0.47983947216158046,-0.06504574202489,181,316
7314,0.3777315358941917,0.48111407265296563,-0.10338253675877396,181,282
7315,0.45233337972156556,0.4625611316787787,-0.01022775195721315,181,332
7316,0.4174188607630602,0.43154239919144305,-0.014123538428382876,181,380
7317,0.49246603706653425,0.45996681690112357,0.03249922016541068,181,318
7318,0.43251597380844603,0.4408797210640529,-0.008363747255606846,181,327
7319,0.528756386327922,0.5533874413881463,-0.02463105506022434,181,295
7320,0.40093034287029383,0.43315914445746767,-0.03222880158717384,181,329
7321,0.4163484822056251,0.49399144464608163,-0.07764296244045654,181,313
7322,0.5136342082035067,0.5020046102965358,0.011629597906970934,181,285
7323,0.48649465364946537,0.5056285665216428,-0.019133912872177417,181,316
7324,0.3834570283205239,0.49232253015132466,-0.10886550183080074,181,335
7325,0.4793297325395357,0.44469130148269376,0.034638431056841945,181,319
7326,0.4840172778823663,0.48413371800284255,-0.00011644012047623553,181,337
7327,0.4595978862662899,0.5650585317019431,-0.1054606454356532,181,288
7328,0.44023806280166317,0.46048193494374867,-0.020243872142085506,181,315
7329,0.44478187269982683,0.47094291976150193,-0.026161047061675102,181,306
7330,0.4359961358581204,0.4693768796921363,-0.0333807438340159,181,310
7331,0.41644330842133037,0.53137984696377,-0.11493653854243968,181,322
7332,0.5320532749389849,0.5207529159096196,0.011300359029365326,181,296
7333,0.5238342884673655,0.4719246525041348,0.05190963596323067,181,292
7334,0.41111524270725236,0.41524920981035013,-0.004133967103097769,181,318
7335,0.46761468606875695,0.47417872126935595,-0.0065640352005990055,181,308
7336,0.45670970582590403,0.4650993534771811,-0.008389647651277088,181,304
7337,0.454446983631533,0.507086978723143,-0.05263999509160999,181,317
7338,0.40584466957488124,0.4284570420024764,-0.022612372427595173,181,319
7339,0.48703935350202177,0.4523298752035493,0.034709478298472485,181,345
7340,0.40720894672809976,0.457037190700456,-0.049828243972356245,181,318
7341,0.5176609139628274,0.5604365933919657,-0.04277567942913829,181,284
7342,0.4567309548310398,0.5006626603210454,-0.043931705490005635,181,320
7343,0.460326752042105,0.45417155367894274,0.006155198363162251,181,315
7344,0.48244447028544213,0.5083512512064072,-0.0259067809209651,181,300
7345,0.4443872268887991,0.4897666567646219,-0.045379429875822774,181,330
7346,0.4860425542151553,0.4254538046512373,0.06058874956391802,181,345
7347,0.4367066381368441,0.46634777619958845,-0.02964113806274432,181,289
7348,0.4411597823765319,0.4539032254557106,-0.012743443079178685,181,315
7349,0.44884270781483326,0.42629232635547726,0.022550381459356006,181,338
7350,0.5157945043283388,0.4320081141528987,0.08378639017544015,181,314
7351,0.44546010472293623,0.4762352980063352,-0.03077519328339895,181,315
7352,0.3725391534130022,0.5080646641087166,-0.13552551069571445,181,306
7353,0.3866343455044293,0.4266693687655429,-0.04003502326111358,181,352
7354,0.4677395512746602,0.45462335736432025,0.013116193910339968,181,344
7355,0.49488494226830937,0.47974419982111927,0.015140742447190103,181,315
7356,0.4907527985612231,0.460901714436536,0.02985108412468712,181,334
7357,0.5128454882379807,0.5089486999099625,0.003896788328018208,181,305
7358,0.40837399563362814,0.4642435689955583,-0.05586957336193016,181,319
7359,0.4456769142124834,0.4890549898271767,-0.04337807561469331,181,327
7360,0.48015320822353985,0.508200376245423,-0.028047168021883173,181,309
7361,0.40693174723302455,0.44334249866410247,-0.036410751431077915,181,344
7362,0.4626388410110239,0.4454740185136566,0.017164822497367338,181,302
7363,0.537979152610489,0.44941014193861023,0.08856901067187878,181,307
7364,0.46753296293013163,0.4035185105718874,0.06401445235824421,181,319
7365,0.4955585945154611,0.4724429497251584,0.023115644790302703,181,306
7366,0.49454683206945077,0.5125462465688029,-0.017999414499352107,181,278
7367,0.45515852788915,0.44264311324042704,0.012515414648722967,181,334
7368,0.48619390079235814,0.5231719500212441,-0.03697804922888592,181,318
7369,0.49276283668122395,0.5177453390705399,-0.02498250238931593,181,301
7370,0.48622787619566266,0.4827718065785234,0.0034560696171392347,181,307
7371,0.5326031432215944,0.4620263592916717,0.07057678392992273,181,342
7372,0.49147952484817015,0.4381403460470755,0.05333917880109462,181,316
7373,0.44698432383161446,0.4105570314548191,0.03642729237679537,181,340
7374,0.47588944700823255,0.4797203521384872,-0.003830905130254636,181,323
7375,0.5027736488439053,0.4667158700441295,0.036057778799775786,181,317
7376,0.4552565199063431,0.477484903791524,-0.02222838388518089,181,329
7377,0.35501985099247513,0.4382498496567022,-0.08322999866422709,181,346
7378,0.46520061002692153,0.4476684417404487,0.01753216828647286,181,320
7379,0.46563681655209244,0.4723994535444005,-0.006762636992308058,181,309
7380,0.4955526462784527,0.562619046215518,-0.06706639993706526,181,285
7381,0.35609220256094315,0.44035766112587804,-0.08426545856493489,181,328
7382,0.4487341376890295,0.4666081134430606,-0.0178739757540311,181,333
7383,0.46792371247759557,0.4416097694868496,0.026313942990745964,181,322
7384,0.4676491133145223,0.4902690390358494,-0.022619925721327094,181,320
7385,0.4511358807904249,0.44171529322660014,0.009420587563824745,181,335
7386,0.37321696277593813,0.4743540533433717,-0.10113709056743359,181,303
7387,0.4228161294033225,0.421128362306948,0.0016877670963745262,181,311
7388,0.4329885832731347,0.46315760889673935,-0.03016902562360463,181,321
7389,0.45480821145403333,0.5196135101795479,-0.0648052987255146,181,300
7390,0.4456266075390757,0.4407912321749078,0.004835375364167893,181,316
7391,0.5046798838469386,0.3832507904678789,0.12142909337905972,181,325
7392,0.448379127662126,0.4427708043950651,0.0056083232670608996,181,339
7393,0.42267778592454647,0.4715535357660097,-0.048875749841463256,181,296
7394,0.492963692317645,0.42623766670276614,0.06672602561487884,181,338
7395,0.4667594762597482,0.4100461598456787,0.05671331641406946,181,355
7396,0.47657381548452055,0.47394086252254636,0.0026329529619741887,181,339
7397,0.46805940240025723,0.4849021708725889,-0.01684276847233168,181,312
7398,0.45647611717130665,0.4871254425628165,-0.03064932539150983,181,307
7399,0.47039935832944085,0.4211118369510934,0.049287521378347465,181,348
7400,0.49639643492407093,0.4905464708453819,0.0058499640786890406,181,297
7401,0.37827539096000506,0.3962503021392562,-0.017974911179251152,181,367
7402,0.4821387524835784,0.5407272323243476,-0.0585884798407692,181,307
7403,0.48302477587567794,0.4450595843784698,0.03796519149720812,181,324
7404,0.373106908740006,0.4032289286026501,-0.030122019862644067,181,308
7405,0.4748847504339527,0.4792055749659844,-0.004320824532031753,181,303
7406,0.44890708517588285,0.5213334603039506,-0.07242637512806771,181,314
7407,0.49024409570404565,0.49952100385368664,-0.009276908149640994,181,298
7408,0.35163143176045436,0.49428381590642295,-0.1426523841459686,181,308
7409,0.46136377683175717,0.48285174488780874,-0.021487968056051576,181,329
7410,0.43020393820469854,0.47630228271826713,-0.04609834451356859,181,326
7411,0.4878398742906511,0.4405359019774283,0.04730397231322281,181,324
7412,0.4449022740796715,0.42493753776643056,0.019964736313240916,181,359
7413,0.46546493104507364,0.44932973840154145,0.016135192643532192,181,318
7414,0.47605964392171574,0.4834489662458751,-0.007389322324159342,181,319
7415,0.44992246543839487,0.4634577428389486,-0.013535277400553714,181,334
7416,0.4304242830201909,0.45688957963282345,-0.026465296612632527,181,324
7417,0.4067227718245781,0.4923826048108742,-0.08565983298629609,181,301
7418,0.44209397403514045,0.4743123670873031,-0.032218393052162675,181,321
7419,0.4554154758758247,0.4618832666302544,-0.006467790754429714,181,325
7420,0.4321724671608514,0.4712413572251847,-0.039068890064333284,181,309
7421,0.4638496094405228,0.5120632527541517,-0.04821364331362887,181,294
7422,0.5018925465738034,0.4842562915667249,0.01763625500707855,181,318
7423,0.34834460145087676,0.4296423942906496,-0.08129779283977284,181,350
7424,0.37339240140500646,0.5146806754938796,-0.14128827408887318,181,315
7425,0.45111991285729597,0.46849427309038955,-0.017374360233093578,181,328
7426,0.47885957725391454,0.39798678091926426,0.08087279633465028,181,362
7427,0.4893424036281178,0.4981835348220311,-0.008841131193913276,181,296
7428,0.4697357695539749,0.43971788683140867,0.030017882722566225,181,312
7429,0.4335588858345801,0.48126179625553306,-0.04770291042095298,181,317
7430,0.4860458992299095,0.5123751056602973,-0.02632920643038783,181,315
7431,0.46742533216105964,0.45266375359953764,0.014761578561521993,181,333
7432,0.4576399118260818,0.5020269127371917,-0.044387000911109864,181,297
7433,0.5478598598203577,0.5271927235063871,0.020667136313970547,181,280
7434,0.4402689656566635,0.43258877510659904,0.00768019055006447,181,310
7435,0.46807785378565775,0.537715256143402,-0.06963740235774424,181,308
7436,0.4945071647159285,0.4803731525843225,0.014134012131605977,181,322
7437,0.4536075838634237,0.4864057684586242,-0.03279818459520051,181,303
7438,0.4877040263127061,0.4695542104491946,0.018149815863511498,181,315
7439,0.5012899732327952,0.500644298143512,0.0006456750892832597,181,296
7440,0.4635829623580818,0.4360091446388619,0.02757381771921985,181,314
7441,0.4610121915511177,0.5585644988754057,-0.09755230732428799,181,290
7442,0.43476797344738793,0.4995296211543351,-0.06476164770694715,181,306
7443,0.501400816531391,0.3956320262432729,0.10576879028811809,181,321
7444,0.40091884013312695,0.4838799973645979,-0.08296115723147096,181,323
7445,0.4362083599520739,0.4701422878641873,-0.033933927912113415,181,314
7446,0.43399816875347125,0.5123398757518534,-0.07834170699838211,181,324
7447,0.420762213930597,0.5078435422514199,-0.08708132832082294,181,320
7448,0.3740157527015646,0.4199694849385965,-0.045953732237031863,181,353
7449,0.45114492455949545,0.47759087473373185,-0.0264459501742364,181,324
7450,0.35624918037956654,0.451057863601059,-0.09480868322149244,181,311
7451,0.4929778715080384,0.47884513049840044,0.014132741009637961,181,290
7452,0.4430718764038912,0.42597595117572346,0.01709592522816772,181,329
7453,0.43673229791650847,0.45389188940994213,-0.017159591493433657,181,333
7454,0.5091961388357338,0.4753635816584052,0.03383255717732858,181,316
7455,0.4808078138308258,0.4491238067284212,0.0316840071024046,181,299
7456,0.49743482704970543,0.5277565682101015,-0.0303217411603961,181,305
7457,0.48931828132516764,0.5187826537096594,-0.029464372384491733,181,305
7458,0.3791994389046395,0.47581659887333316,-0.09661715996869369,181,349
7459,0.4905477669357966,0.45574903887551915,0.03479872806027745,181,327
7460,0.49274081939147957,0.47665837132815775,0.01608244806332182,181,312
7461,0.48659479911616804,0.4251664462495383,0.06142835286662973,181,303
7462,0.47984246325143143,0.4888536725013486,-0.009011209249917163,181,289
7463,0.36944125618068885,0.45747287175858603,-0.08803161557789718,181,313
7464,0.4370408800549839,0.4252709678175517,0.011769912237432234,181,372
7465,0.4298323285909493,0.4588469964256889,-0.029014667834739605,181,315
7466,0.3341055125926036,0.44099332273735853,-0.1068878101447549,181,333
7467,0.5277028156655782,0.5432625496164314,-0.015559733950853194,181,281
7468,0.4091049911127667,0.4678916722900489,-0.058786681177282196,181,310
7469,0.42746266025232876,0.4894934197995625,-0.06203075954723375,181,294
7470,0.45373962571211546,0.46891345290360065,-0.01517382719148519,181,310
7471,0.481788908679665,0.4763986685524736,0.005390240127191415,181,319
7472,0.44567790961807824,0.5076958012933785,-0.06201789167530031,181,324
7473,0.4200708394641798,0.41066342620964474,0.009407413254535035,181,341
7474,0.4538734225829407,0.47931560711935256,-0.025442184536411838,181,308
7475,0.4477691104868805,0.4838719683713943,-0.036102857884513784,181,306
7476,0.47304310417207746,0.43419058726645876,0.038852516905618695,181,333
7477,0.44259646834536437,0.4319662123633937,0.010630255981970649,181,344
7478,0.46896721544942677,0.4797627235941663,-0.010795508144739507,181,309
7479,0.43242176206095534,0.48987877764473503,-0.05745701558377969,181,300
7480,0.4644374538909601,0.449108991422656,0.015328462468304105,181,309
7481,0.37945544761570066,0.4792056016545812,-0.09975015403888055,181,316
7482,0.42602653655643635,0.42431033037345334,0.0017162061829830155,181,302
7483,0.39507415034876275,0.565213530811404,-0.17013938046264127,181,304
7484,0.46149334398108655,0.4642900590012369,-0.002796715020150331,181,344
7485,0.4366674165574577,0.49254990533762916,-0.055882488780171435,181,337
7486,0.45001832593437036,0.49743905416991213,-0.047420728235541776,181,322
7487,0.43829691865988785,0.433733726001256,0.004563192658631865,181,345
7488,0.4370348186864642,0.42536029523240443,0.011674523454059782,181,350
7489,0.35706685604644794,0.45100483442669914,-0.0939379783802512,181,342
7490,0.4196955107139166,0.4089041562725773,0.010791354441339274,181,326
7491,0.48015468117870547,0.42022727441339935,0.05992740676530611,181,304
7492,0.39390772855176265,0.4163196847633559,-0.022411956211593254,181,330
7493,0.4668796433690477,0.46339410094997435,0.0034855424190733397,181,325
7494,0.4357805505814989,0.4884989290732425,-0.0527183784917436,181,318
7495,0.4873580794934191,0.42980635631172287,0.05755172318169621,181,313
7496,0.5059913372854214,0.5233771904050543,-0.01738585311963281,181,269
7497,0.44819761694761695,0.48207516482988044,-0.03387754788226349,181,303
7498,0.4874770961015985,0.49200380642021374,-0.004526710318615235,181,277
7499,0.45845162537998824,0.45698416654797513,0.0014674588320131021,181,307
7500,0.44590868144448365,0.49609089678386054,-0.05018221533937689,181,322
7501,0.4511003647464736,0.5801388742937128,-0.12903850954723922,181,295
7502,0.3694158248012776,0.4943767977684807,-0.1249609729672031,181,303
7503,0.4197382915344164,0.414125747523017,0.0056125440113993785,181,333
7504,0.3982649674760543,0.4300584057067242,-0.031793438230669935,181,335
7505,0.42268997070161296,0.4593256195202334,-0.036635648818620414,181,326
7506,0.4439725764315928,0.41732212125787055,0.026650455173722276,181,339
7507,0.42945892332120056,0.3916782743791986,0.03778064894200195,181,339
7508,0.4875932585182937,0.46333128323945383,0.024261975278839887,181,283
7509,0.5356094865869302,0.5157631234311906,0.01984636315573962,181,314
7510,0.4508742797818428,0.44456375252444774,0.00631052725739506,181,339
7511,0.4287890390642684,0.4555604992692294,-0.026771460204961017,181,327
7512,0.39271393565934265,0.5258709406793105,-0.13315700501996786,181,283
7513,0.33981627758452554,0.4291075636383197,-0.08929128605379416,181,369
7514,0.4571258826755639,0.4339484028986987,0.02317747977686524,181,337
7515,0.4355772509947079,0.41658467730698756,0.018992573687720338,181,346
7516,0.46942283368457216,0.5768730491604109,-0.10745021547583877,181,279
7517,0.4541472102066474,0.4567838044308633,-0.0026365942242159157,181,305
7518,0.44197496770091027,0.4025144201603508,0.03946054754055944,181,331
7519,0.4818864781458812,0.48778256432675476,-0.005896086180873561,181,309
7520,0.4173271941952237,0.45092851221801633,-0.03360131802279265,181,317
7521,0.44154566628562675,0.48902634020927555,-0.0474806739236488,181,333
7522,0.45662467127468137,0.47027258455829885,-0.013647913283617474,181,333
7523,0.4331027093435106,0.47717778665933935,-0.04407507731582877,181,290
7524,0.5004554120293295,0.4750187490027226,0.02543666302660691,181,325
7525,0.43907238050206976,0.45689483110317297,-0.017822450601103212,181,298
7526,0.4837877857399543,0.4516621745674095,0.03212561117254481,181,303
7527,0.4603303713830029,0.4525408387148712,0.0077895326681317045,181,329
7528,0.5150356789041217,0.5184261610617288,-0.0033904821576070665,181,285
7529,0.4833550788809555,0.5162437102719771,-0.032888631391021605,181,293
7530,0.513392636229055,0.5220844784727677,-0.008691842243712777,181,319
7531,0.4501003801820879,0.502267509645684,-0.052167129463596085,181,295
7532,0.4676195608039637,0.5188009285866639,-0.051181367782700216,181,308
7533,0.48906608617734043,0.48585447782452873,0.003211608352811701,181,313
7534,0.40302862071824436,0.4366974831725747,-0.03366886245433032,181,318
7535,0.42551916287765346,0.5223249500018945,-0.09680578712424104,181,299
7536,0.468590947749789,0.4601783050000367,0.008412642749752286,181,323
7537,0.3391460511872902,0.4426726291500075,-0.1035265779627173,181,336
7538,0.44006613021170693,0.4299728989470025,0.010093231264704405,181,304
7539,0.48298509498894177,0.4576515501118042,0.02533354487713757,181,317
7540,0.34941741455674113,0.4483973760506567,-0.09897996149391558,181,326
7541,0.40696117712508356,0.4097403857096275,-0.0027792085845439463,181,351
7542,0.3708344505313185,0.4507428230062917,-0.07990837247497318,181,337
7543,0.5090036014405762,0.45454528272467837,0.05445831871589785,181,338
7544,0.4963488457924176,0.4311035525321239,0.06524529326029371,181,312
7545,0.4156265580780854,0.5159746176438534,-0.10034805956576803,181,311
7546,0.4341258515991612,0.5712293667466987,-0.13710351514753744,181,295
7547,0.4399991303512286,0.3627892850281321,0.0772098453230965,181,376
7548,0.4252798244394883,0.4895993091596863,-0.064319484720198,181,324
7549,0.46575597452095596,0.46806240789616743,-0.0023064333752114696,181,316
7550,0.4573008276151203,0.454205747297009,0.0030950803181112874,181,333
7551,0.44668050654628605,0.5061386474337964,-0.05945814088751039,181,308
7552,0.46808181551991745,0.3911742141830637,0.07690760133685376,181,307
7553,0.46970038916516094,0.4600843638610386,0.009616025304122311,181,324
7554,0.49861305940389766,0.4757156673545155,0.02289739204938218,181,328
7555,0.463450867938073,0.472270077938242,-0.008819210000168998,181,297
7556,0.4794512941688232,0.46621427727418513,0.013237016894638076,181,307
7557,0.40539628325342614,0.45255918116714605,-0.047162897913719914,181,325
7558,0.5058376628050043,0.45055660353221827,0.05528105927278604,181,320
7559,0.4240694323646446,0.4961954423650247,-0.0721260100003801,181,306
7560,0.3974912336180247,0.4889642597888589,-0.09147302617083419,181,300
7561,0.49434676767646496,0.518615906452397,-0.02426913877593201,181,309
7562,0.3936728047150667,0.41551831162533637,-0.021845506910269652,181,362
7563,0.4379034547961155,0.402088655158446,0.03581479963766948,181,371
7564,0.42270102679076754,0.4624496278262083,-0.039748601035440756,181,323
7565,0.36303418448010866,0.4250397681624447,-0.06200558368233605,181,346
7566,0.4468751843304686,0.457441340815725,-0.01056615648525644,181,306
7567,0.4436125999321202,0.4077215440033776,0.03589105592874259,181,341
7568,0.4198552218737248,0.49443548932270737,-0.07458026744898255,181,293
7569,0.4744937174917232,0.5006389059871875,-0.026145188495464322,181,290
7570,0.5105720805737894,0.4799264915612148,0.030645589012574637,181,282
7571,0.4584977291040258,0.42217203854980256,0.036325690554223244,181,359
7572,0.4561734277201929,0.48872945374616517,-0.03255602602597224,181,318
7573,0.5115081319884276,0.44872274511945726,0.06278538686897034,181,306
7574,0.4377160013668965,0.3862916502279368,0.051424351138959656,181,347
7575,0.430842609626501,0.4992278222500532,-0.06838521262355218,181,318
7576,0.4468163170889453,0.4640860167051065,-0.017269699616161205,181,319
7577,0.42216679626559467,0.48959450022857204,-0.06742770396297737,181,331
7578,0.3742171023109437,0.4608437810564617,-0.086626678745518,181,324
7579,0.4675592172786886,0.4317962113074895,0.03576300597119908,181,316
7580,0.4394198192373994,0.43915488961613375,0.0002649296212656749,181,323
7581,0.46805559519845236,0.4945848095037689,-0.026529214305316517,181,310
7582,0.47775678686318707,0.44222089811450277,0.0355358887486843,181,319
7583,0.46630900223337196,0.49005143934860323,-0.023742437115231274,181,310
7584,0.44679279439334085,0.47469444634735564,-0.027901651954014783,181,339
7585,0.4042143785359036,0.516073660372255,-0.11185928183635141,181,304
7586,0.44138060603577844,0.4906993924677881,-0.049318786432009654,181,299
7587,0.48198422347563524,0.466064752766256,0.01591947070937927,181,321
7588,0.479351119603555,0.43382013562902594,0.04553098397452904,181,317
7589,0.5100212075851747,0.44282786113772027,0.0671933464474544,181,319
7590,0.4904703185817737,0.43732049269121587,0.053149825890557834,181,316
7591,0.42125282946592607,0.5256511111621323,-0.10439828169620619,181,291
7592,0.5120773674147439,0.4530319309749792,0.059045436439764676,181,339
7593,0.4616133457920501,0.42407277519298675,0.03754057059906335,181,352
7594,0.41869284745462176,0.4234141901648683,-0.0047213427102465455,181,311
7595,0.4476085263834452,0.43548052873864557,0.01212799764479966,181,325
7596,0.48964553102751857,0.4752634791062502,0.014382051921268346,181,332
7597,0.3760046358166244,0.43764094601051123,-0.06163631019388682,181,327
7598,0.4296697687860605,0.4505708591416892,-0.020901090355628704,181,325
7599,0.44718728212110825,0.4352731852167744,0.01191409690433387,181,307
7600,0.43844813530626403,0.5094413790842363,-0.07099324377797223,181,289
7601,0.43166869612263364,0.49063685709395,-0.05896816097131635,181,301
7602,0.41686503219281174,0.488746542076295,-0.07188150988348324,181,330
7603,0.47372190801154596,0.44026954299504933,0.03345236501649662,181,317
7604,0.4431990451918542,0.4182625725589348,0.024936472632919426,181,348
7605,0.43158210131153535,0.4929525885822316,-0.06137048727069627,181,310
7606,0.37836222997102487,0.41101380493106315,-0.03265157496003829,181,359
7607,0.47854665235659477,0.4844854953475643,-0.005938842990969528,181,311
7608,0.4608823608494781,0.527878319683364,-0.06699595883388587,181,315
7609,0.4904794808720246,0.5416971256685452,-0.051217644796520634,181,310
7610,0.4706612331149328,0.4728976787394944,-0.0022364456245616005,181,333
7611,0.45369353709761173,0.4693274793692183,-0.015633942271606582,181,317
7612,0.4836606788818836,0.5215575375787287,-0.037896858696845115,181,278
7613,0.4695315135342889,0.4308895054918147,0.038642008042474196,181,314
7614,0.5004959100765853,0.5268853421152774,-0.02638943203869204,181,302
7615,0.5092606758640571,0.3934726332780428,0.11578804258601427,181,325
7616,0.4962986811658875,0.523972249704568,-0.027673568538680526,181,310
7617,0.4791279529734777,0.4714705886305018,0.007657364342975925,181,326
7618,0.46352877351657507,0.47477014532887674,-0.01124137181230167,181,307
7619,0.43625317539603253,0.45902466040246725,-0.022771485006434722,181,317
7620,0.485193901839474,0.49691593487641156,-0.011722033036937585,181,302
7621,0.4686315924971387,0.4631064919042435,0.005525100592895182,181,326
7622,0.49309446388824807,0.49194021955807893,0.0011542443301691407,181,294
7623,0.43112944106145284,0.4660825862949613,-0.034953145233508454,181,310
7624,0.48074361259604165,0.46699665241414307,0.013746960181898582,181,330
7625,0.429219705425043,0.4332841952227858,-0.004064489797742765,181,332
7626,0.36382330812367897,0.49339978485983066,-0.1295764767361517,181,307
7627,0.49969771510057054,0.4943804157045483,0.005317299396022213,181,307
7628,0.37067007242274685,0.40034728049064977,-0.029677208067902916,181,363
7629,0.3921820372592424,0.44002311919987463,-0.047841081940632246,181,333
7630,0.4453238189750559,0.5171594261686429,-0.07183560719358695,181,288
7631,0.4412881795285077,0.46099485948225444,-0.019706679953746753,181,320
7632,0.3863812792384221,0.42581812919591144,-0.03943684995748936,181,315
7633,0.5144574404201733,0.48794229933336936,0.026515141086803917,181,307
7634,0.45617911841301784,0.4058283137039226,0.050350804709095254,181,345
7635,0.4005270979068973,0.44265120437996947,-0.04212410647307219,181,397
7636,0.43527178909771785,0.4354872189976499,-0.00021542989993206252,181,336
7637,0.41521593121415096,0.47024186093775305,-0.055025929723602096,181,314
7638,0.4562979008837696,0.4663707098270881,-0.010072808943318523,181,319
7639,0.356305828778753,0.4351104997165218,-0.07880467093776883,181,325
7640,0.4518265239561668,0.47467950620214844,-0.022852982245981646,181,319
7641,0.42311668710078837,0.42120971853236044,0.0019069685684279247,181,348
7642,0.46074808914153803,0.5332574372729726,-0.07250934813143456,181,308
7643,0.4372027274856012,0.47838942419587577,-0.041186696710274584,181,332
7644,0.4005911204895276,0.4682007647524889,-0.06760964426296129,181,325
7645,0.4414805909071355,0.4065114292162363,0.0349691616908992,181,352
7646,0.480070482307359,0.49540614336880295,-0.015335661061443961,181,327
7647,0.43790364434327284,0.44363456786801736,-0.0057309235247445245,181,322
7648,0.47625719152475626,0.4616327854144217,0.014624406110334554,181,329
7649,0.46772436486213337,0.480227441836064,-0.012503076973930605,181,315
7650,0.5343721372723281,0.5227949103618698,0.011577226910458371,181,287
7651,0.36523403609869776,0.3859629599574991,-0.020728923858801318,181,382
7652,0.44199927693853486,0.4875022757987419,-0.04550299886020703,181,306
7653,0.47369490797309577,0.4391864329767134,0.03450847499638238,181,363
7654,0.48450625267121916,0.4728951092430355,0.011611143428183646,181,286
7655,0.3771824854838917,0.47652436092423756,-0.09934187544034584,181,320
7656,0.4310025932092187,0.4736083072785668,-0.0426057140693481,181,281
7657,0.41374926145161417,0.49754185309609794,-0.08379259164448377,181,307
7658,0.5192218350754937,0.4445117716076804,0.07471006346781328,181,301
7659,0.4336732812934008,0.49504163830440845,-0.061368357011007624,181,305
7660,0.4744244025926264,0.5851667547499355,-0.1107423521573091,181,276
7661,0.4916815410374676,0.4430644979638851,0.0486170430735825,181,311
7662,0.3788331218215573,0.5481855184311207,-0.16935239660956342,181,300
7663,0.4777827848737072,0.4662630418071992,0.011519743066507993,181,339
7664,0.5315353604355397,0.450036103744193,0.08149925669134672,181,288
7665,0.45385048611534934,0.4643802338000352,-0.010529747684685842,181,325
7666,0.4989474417203201,0.5244506488033506,-0.0255032070830305,181,298
7667,0.4785791748428851,0.47241834434696844,0.006160830495916647,181,302
7668,0.5189256403826901,0.44497081078479184,0.07395482959789823,181,319
7669,0.5026945118694768,0.44410336129776995,0.05859115057170683,181,319
7670,0.44617556634434763,0.41097101256187013,0.0352045537824775,181,356
7671,0.4741070766790867,0.5096605616605617,-0.035553484981475036,181,310
7672,0.41486063075165713,0.4978871521004772,-0.08302652134882005,181,317
7673,0.39878606628740426,0.44737436476566916,-0.0485882984782649,181,348
7674,0.44782230115999394,0.4538221241232932,-0.005999822963299262,181,347
7675,0.43511150631635254,0.5070632572643444,-0.07195175094799189,181,304
7676,0.4545883681151693,0.507823194691136,-0.05323482657596673,181,293
7677,0.4240455849286472,0.4514092333074936,-0.027363648378846417,181,303
7678,0.4991438563629564,0.506134817563389,-0.006990961200432577,181,297
7679,0.4684648500475436,0.44962576193131387,0.018839088116229752,181,300
7680,0.46899963046215704,0.5217925932749802,-0.05279296281282314,181,314
7681,0.4910647195044763,0.4570096341661909,0.034055085338285385,181,332
7682,0.43922113697392556,0.4436207026723632,-0.004399565698437635,181,335
7683,0.4394792146543277,0.508341244525455,-0.06886202987112733,181,317
7684,0.4768340773592875,0.5523331614580516,-0.07549908409876405,181,289
7685,0.43634901283093147,0.4829203674659155,-0.04657135463498402,181,316
7686,0.4663463519136489,0.49577188153389395,-0.029425529620245028,181,331
7687,0.4660800435744121,0.49555646327154185,-0.029476419697129774,181,323
7688,0.3778903834109703,0.40880916043996807,-0.030918777028997757,181,362
7689,0.3426365577343921,0.4563281410646441,-0.11369158333025198,181,318
7690,0.448535753320246,0.4593219471698867,-0.010786193849640746,181,342
7691,0.4715150060296371,0.4864702052483906,-0.01495519921875349,181,297
7692,0.5285902576589454,0.4517364965782024,0.07685376108074299,181,309
7693,0.5040745059756466,0.5083495328682603,-0.00427502689261372,181,284
7694,0.4022685593379634,0.4093006433402353,-0.007032084002271899,181,360
7695,0.3814910400715486,0.4779000893496691,-0.0964090492781205,181,327
7696,0.39492298440731843,0.46832460100548406,-0.07340161659816563,181,328
7697,0.5006667629977012,0.5131482450511115,-0.012481482053410264,181,310
7698,0.4052805767498096,0.4244832219844589,-0.019202645234649318,181,317
7699,0.4966000024316454,0.5319541581174461,-0.03535415568580064,181,272
7700,0.48457184197239705,0.5232401872436807,-0.038668345271283655,181,267
7701,0.4995080236921955,0.4660987743114866,0.03340924938070888,181,307
7702,0.46544408600081905,0.4656337778658348,-0.00018969186501577306,181,315
7703,0.4059136509980862,0.4740482929993847,-0.06813464200129854,181,319
7704,0.41709200048381334,0.5128681005372251,-0.09577610005341175,181,278
7705,0.4680716910810587,0.5318374841416317,-0.06376579306057295,181,304
7706,0.4554995656120524,0.43670206728872163,0.018797498323330775,181,328
7707,0.5070120456814587,0.4697942774165341,0.03721776826492462,181,315
7708,0.43371473782974934,0.4630213205684722,-0.029306582738722886,181,341
7709,0.46782738783209893,0.42928641704848713,0.038540970783611794,181,356
7710,0.4208088106034556,0.48537404381028787,-0.06456523320683227,181,297
7711,0.45748067776517437,0.5335190602659349,-0.0760383825007605,181,310
7712,0.47728462434595603,0.470437049553359,0.006847574792597011,181,317
7713,0.39625312342752356,0.48603336935783004,-0.08978024593030648,181,298
7714,0.5192480566641919,0.520566802772889,-0.0013187461086970886,181,311
7715,0.4283648910514582,0.4295051979099274,-0.00114030685846922,181,320
7716,0.49448092967075635,0.47033064868613994,0.024150280984616412,181,311
7717,0.4648148135886526,0.45364270861272854,0.01117210497592408,181,356
7718,0.43898754730961054,0.5504859072068002,-0.1114983598971897,181,300
7719,0.4426318971340372,0.5150725069092416,-0.07244060977520433,181,328
7720,0.46935947797493915,0.4685934238195834,0.0007660541553557443,181,333
7721,0.4553708512301805,0.4811566695643775,-0.02578581833419702,181,307
7722,0.47614057930380754,0.47535663169609504,0.0007839476077124985,181,312
7723,0.4547445956055897,0.5396912000240178,-0.0849466044184281,181,299
7724,0.46472258874372185,0.5654594014372941,-0.10073681269357226,181,288
7725,0.3642503755126443,0.5124334472235107,-0.14818307171086642,181,299
7726,0.3833177225829134,0.4688501689901915,-0.08553244640727808,181,327
7727,0.3605911975388798,0.4352924696397702,-0.07470127210089039,181,343
7728,0.49376813662527946,0.4602130190807768,0.03355511754450269,181,301
7729,0.41611976148292407,0.49548177566908486,-0.07936201418616079,181,328
7730,0.38575177082277545,0.4541406344388375,-0.06838886361606206,181,306
7731,0.4281415450184318,0.4691178888011224,-0.04097634378269055,181,302
7732,0.49321142065624685,0.4651980917882807,0.028013328867966147,181,301
7733,0.5376347039601592,0.519401007953861,0.018233696006298206,181,293
7734,0.40357469460586526,0.5168839909179297,-0.11330929631206443,181,318
7735,0.45377587178820766,0.45369288138628555,8.299040192211171e-05,181,318
7736,0.41496142100398414,0.45773188598967424,-0.04277046498569009,181,292
7737,0.48421146487956646,0.4329012513280452,0.051310213551521267,181,331
7738,0.42091456396938737,0.44363019609798765,-0.022715632128600283,181,317
7739,0.4522586503608305,0.46604609514652084,-0.013787444785690328,181,344
7740,0.5080314603337761,0.5031697879514325,0.004861672382343585,181,278
7741,0.5820167838424465,0.5432012811019734,0.038815502740473073,181,300
7742,0.46956771139604175,0.5251106417588645,-0.05554293036282271,181,307
7743,0.44389486932924643,0.3999909606837191,0.043903908645527345,181,357
7744,0.448189317950163,0.42906126851864074,0.019128049431522243,181,348
7745,0.47612360608885085,0.47352566211748953,0.002597943971361316,181,309
7746,0.4137643008238813,0.42732153956530256,-0.01355723874142123,181,317
7747,0.478830904015836,0.42203333809012966,0.05679756592570634,181,341
7748,0.46605871739622895,0.4870505724603836,-0.02099185506415463,181,296
7749,0.4609263775116338,0.5316521879956005,-0.07072581048396676,181,302
7750,0.4639488021108023,0.5165136158776633,-0.05256481376686101,181,308
7751,0.4803883478032739,0.5038341179279691,-0.023445770124695176,181,324
7752,0.48352445748771,0.4691975107528272,0.014326946734882828,181,310
7753,0.38671481834530874,0.47460136089021976,-0.08788654254491102,181,330
7754,0.46442813922923915,0.44081030990782516,0.023617829321413986,181,332
7755,0.4703566841905257,0.4378964737259668,0.03246021046455888,181,331
7756,0.4300509762885368,0.4339869204107635,-0.003935944122226698,181,322
7757,0.48841098981398584,0.5071683017253675,-0.01875731191138169,181,307
7758,0.37648714235567177,0.4773510527726198,-0.10086391041694803,181,316
7759,0.44931794217268806,0.4874714416437514,-0.038153499471063335,181,315
7760,0.4146744642510759,0.4192992548976252,-0.004624790646549304,181,348
7761,0.43101921952384376,0.4803344722843416,-0.04931525276049786,181,332
7762,0.4620496263723375,0.49944520553611643,-0.03739557916377895,181,316
7763,0.5208728793786436,0.5478648154659538,-0.02699193608731021,181,298
7764,0.4748548335430617,0.4688977103423914,0.005957123200670267,181,296
7765,0.40341868774727363,0.5299906641184532,-0.12657197637117956,181,320
7766,0.4521315239416938,0.5352172614673825,-0.08308573752568865,181,306
7767,0.4575002583800045,0.4617111514718384,-0.004210893091833867,181,316
7768,0.3971513605442177,0.44082219070211953,-0.04367083015790185,181,328
7769,0.43886871386438936,0.4513209050489762,-0.012452191184586847,181,322
7770,0.5141388633229939,0.4910898888782714,0.02304897444472248,181,315
7771,0.4419911321171826,0.4336675366697967,0.008323595447385923,181,358
7772,0.4689591074357338,0.4795696234987442,-0.010610516063010389,181,324
7773,0.4234200310364265,0.4862289855621535,-0.06280895452572699,181,315
7774,0.416291037780906,0.46558557194966843,-0.04929453416876245,181,321
7775,0.4637804578223182,0.4875705191494665,-0.023790061327148282,181,311
7776,0.4567969547160566,0.3951648248232099,0.061632129892846665,181,318
7777,0.3931903232858605,0.4734391869206961,-0.08024886363483558,181,328
7778,0.3774975475330149,0.4212176207386006,-0.043720073205585686,181,326
7779,0.5051928760109917,0.45745941324419165,0.04773346276680007,181,331
7780,0.4949533643867857,0.4868356697578176,0.008117694628968108,181,306
7781,0.499592310742334,0.4858519877263791,0.013740323015954903,181,310
7782,0.4494332787775151,0.49008536886688153,-0.04065209008936643,181,306
7783,0.49254495093392386,0.4625083998435137,0.030036551090410146,181,316
7784,0.36965853313442665,0.43163914823012706,-0.06198061509570041,181,309
7785,0.4529114682314562,0.454961863533292,-0.0020503953018357612,181,298
7786,0.4226111864154447,0.4869905742617413,-0.0643793878462966,181,316
7787,0.48234509190671576,0.47179843465533183,0.010546657251383929,181,301
7788,0.40548253483163377,0.46472526009163484,-0.05924272526000107,181,336
7789,0.5103432125356478,0.42495608930595136,0.0853871232296965,181,317
7790,0.4294469114355747,0.4771692398401643,-0.04772232840458962,181,307
7791,0.4937789959480198,0.47858785347921023,0.015191142468809593,181,310
7792,0.34342067969939566,0.3741716732424787,-0.030750993543083027,181,380
7793,0.434243239552974,0.46159383443027335,-0.02735059487729935,181,331
7794,0.4702351444805921,0.47149134158819395,-0.0012561971076018308,181,352
7795,0.48997557997558,0.49083380073393107,-0.0008582207583510693,181,326
7796,0.45832051264190216,0.4529836690116799,0.005336843630222243,181,331
7797,0.4055422423069482,0.4177585475410227,-0.01221630523407452,181,374
7798,0.44533041366676746,0.45897193026569516,-0.013641516598927705,181,311
7799,0.5337662842265292,0.4780591819232872,0.05570710230324194,181,327
7800,0.4930188526935411,0.5409551287400152,-0.04793627604647405,181,295
7801,0.47743183820572416,0.5043493701262047,-0.026917531920480575,181,292
7802,0.493758401705836,0.5431250568015102,-0.04936665509567423,181,285
7803,0.4671594789611522,0.49248472202321736,-0.025325243062065184,181,287
7804,0.47388647276297075,0.3885660270430617,0.08532044571990904,181,363
7805,0.4856169879092219,0.44756863698772414,0.038048350921497776,181,325
7806,0.47449834872535485,0.4866822254724165,-0.012183876747061673,181,331
7807,0.48289828577733174,0.4427711641007387,0.04012712167659305,181,333
7808,0.4791757973030482,0.4967485671361532,-0.017572769833104962,181,338
7809,0.4918199010164312,0.5032027239124379,-0.011382822896006728,181,294
7810,0.44608772329496293,0.39397938372839875,0.05210833956656419,181,350
7811,0.4697957625056679,0.43423277232511415,0.035562990180553755,181,355
7812,0.47744374072029006,0.4746956882692071,0.0027480524510829496,181,283
7813,0.5361849119104838,0.5186031491961428,0.017581762714340976,181,288
7814,0.48704089222561553,0.5168922337318872,-0.029851341506271667,181,304
7815,0.49508606945814787,0.5215782304535562,-0.026492160995408354,181,309
7816,0.39073318716132593,0.4501466705973213,-0.05941348343599534,181,298
7817,0.48131206100227625,0.47226521334397037,0.009046847658305879,181,314
7818,0.5052703055985118,0.5388095481043964,-0.03353924250588458,181,297
7819,0.4309560732159663,0.4638800045131896,-0.03292393129722332,181,307
7820,0.41312871271143464,0.4501112422447414,-0.036982529533306774,181,340
7821,0.5272478397076014,0.5252922268795285,0.0019556128280728835,181,298
7822,0.4687580534606187,0.45214794746136544,0.016610105999253277,181,321
7823,0.44796787629158413,0.5272262437809087,-0.07925836748932452,181,281
7824,0.4510952592382661,0.4567066881664198,-0.005611428928153694,181,334
7825,0.45495286058059553,0.5000101435755953,-0.045057282994999726,181,290
7826,0.439117199391172,0.46438788492407757,-0.025270685532905568,181,313
7827,0.4588794726196574,0.5193341813616498,-0.06045470874199238,181,323
7828,0.4194217508032296,0.44154360457603864,-0.022121853772809064,181,333
7829,0.49221862954581846,0.48708898099038084,0.005129648555437627,181,292
7830,0.4917274184006433,0.49390273788632205,-0.0021753194856787283,181,306
7831,0.39046584836795933,0.5013493994214263,-0.11088355105346698,181,307
7832,0.46261070576729696,0.4888078386105078,-0.026197132843210846,181,336
7833,0.44123321749127814,0.4744563396402826,-0.03322312214900447,181,313
7834,0.4321413613609621,0.3969381330440694,0.03520322831689271,181,329
7835,0.4610512248397059,0.4669598405781615,-0.00590861573845558,181,302
7836,0.4620058485607005,0.5243932225663135,-0.062387374005613006,181,304
7837,0.5127472703211441,0.4665578492154387,0.0461894211057054,181,319
7838,0.44517452190717677,0.42740026423546895,0.017774257671707816,181,347
7839,0.46053521930620445,0.4813435275874636,-0.02080830828125918,181,288
7840,0.46703462936944135,0.40815406906019636,0.05888056030924499,181,353
7841,0.5180404046000289,0.46252848664808793,0.05551191795194094,181,327
7842,0.4456181473134807,0.5079989373519852,-0.0623807900385045,181,317
7843,0.4820637241783229,0.5308309433838285,-0.04876721920550564,181,294
7844,0.510477247909262,0.48799586567267295,0.02248138223658902,181,296
7845,0.46203148235293895,0.5110749723568876,-0.04904349000394864,181,287
7846,0.48216525809022936,0.48960525640367536,-0.007439998313445995,181,308
7847,0.43799074488729656,0.5000310018488708,-0.06204025696157428,181,300
7848,0.47081988430458377,0.43322686922591586,0.03759301507866791,181,320
7849,0.506279978307893,0.5341120032849356,-0.027832024977042624,181,299
7850,0.4064358718474952,0.4537405197857081,-0.04730464793821293,181,343
7851,0.48379704694619263,0.469356592611116,0.014440454335076625,181,325
7852,0.47750396082274094,0.5041165987397169,-0.02661263791697599,181,320
7853,0.519581991343452,0.45029029926989106,0.0692916920735609,181,311
7854,0.44558936411147115,0.42818332468667986,0.017406039424791298,181,369
7855,0.4411709112454564,0.43361544572812843,0.007555465517327942,181,339
7856,0.45143655786924697,0.45288417275527904,-0.001447614886032067,181,307
7857,0.48047344812050696,0.4357314028249989,0.04474204529550807,181,318
7858,0.3854840604530046,0.5135021183113774,-0.12801805785837278,181,292
7859,0.49033960514896224,0.4543155842528355,0.03602402089612672,181,312
7860,0.44977086020193285,0.490777087590014,-0.04100622738808113,181,324
7861,0.4574473637638822,0.5374833516633156,-0.08003598789943345,181,294
7862,0.4516445195363089,0.46761999311603347,-0.015975473579724564,181,298
7863,0.48731975997541827,0.42887241337627896,0.058447346599139305,181,334
7864,0.35947084673465646,0.4535116248225334,-0.09404077808787692,181,301
7865,0.4935555365516455,0.5155902052628061,-0.022034668711160554,181,309
7866,0.41857190428618996,0.4724713269851563,-0.05389942269896636,181,305
7867,0.4499918323972946,0.47836445074726736,-0.028372618349972734,181,303
7868,0.5163512614728784,0.4264491732844993,0.08990208818837903,181,349
7869,0.4793672521273318,0.44332173282656673,0.03604551930076505,181,334
7870,0.4936027302074706,0.5352136163364521,-0.04161088612898156,181,288
7871,0.4653628650132167,0.5243000712539526,-0.058937206240735895,181,300
7872,0.42855618770923604,0.45835677379456186,-0.02980058608532582,181,323
7873,0.4190151833815779,0.4227777143755547,-0.0037625309939768314,181,362
7874,0.3763068119480737,0.5559566717415402,-0.17964985979346648,181,293
7875,0.36431404551705304,0.4520815924020453,-0.08776754688499228,181,315
7876,0.48914100483869555,0.46983380913266654,0.019307195706029012,181,318
7877,0.4826830781210247,0.4606924507673001,0.02199062735372459,181,288
7878,0.4282717816772389,0.48115783726698025,-0.052886055589741354,181,318
7879,0.4028401953995195,0.40200199186374297,0.0008382035357765161,181,352
7880,0.48095335425474034,0.510417574641255,-0.029464220386514695,181,297
7881,0.40827176621770495,0.3749677934789461,0.03330397273875885,181,380
7882,0.42090359764024815,0.4457442731518214,-0.024840675511573262,181,302
7883,0.4765524125891278,0.49320176756922784,-0.016649354980100062,181,338
7884,0.43979736342279674,0.5038355167286427,-0.06403815330584595,181,292
7885,0.4398575997049145,0.5716487504838612,-0.1317911507789467,181,299
7886,0.4828822449511358,0.5356623289592713,-0.05278008400813555,181,281
7887,0.5076799131620428,0.578376098483707,-0.07069618532166422,181,275
7888,0.48027683442920227,0.4947578233364625,-0.01448098890726024,181,305
7889,0.48894039986757265,0.4466385588718246,0.042301840995748075,181,321
7890,0.46152390808763805,0.4786076899645694,-0.01708378187693138,181,296
7891,0.45480938477009414,0.5115380849735292,-0.05672870020343501,181,299
7892,0.46207792207792203,0.4985049383364237,-0.03642701625850164,181,311
7893,0.4019595717074709,0.4849554195822852,-0.08299584787481434,181,293
7894,0.4419492929971253,0.5231766523294683,-0.08122735933234299,181,303
7895,0.4459670258664869,0.4119369037741259,0.034030122092361004,181,320
7896,0.4684251444938878,0.4472698390508477,0.021155305443040062,181,307
7897,0.5044413112601511,0.4608669454708168,0.043574365789334324,181,306
7898,0.44712932743947775,0.4536371432032701,-0.006507815763792335,181,329
7899,0.44912103873288617,0.4538293568390733,-0.004708318106187104,181,298
7900,0.39790123570983627,0.48342535793584995,-0.08552412222601369,181,317
7901,0.4504967964219542,0.38082045516619345,0.06967634125576078,181,337
7902,0.4256940450421827,0.5292662828860256,-0.1035722378438429,181,312
7903,0.4662239915672383,0.4978960187885137,-0.03167202722127538,181,325
7904,0.4457630324857216,0.48334358355771156,-0.03758055107198999,181,331
7905,0.49674466042247195,0.5176279338813699,-0.0208832734588979,181,282
7906,0.4791342104060413,0.40510494487922155,0.07402926552681977,181,316
7907,0.5182435726327846,0.4799759417602109,0.03826763087257373,181,316
7908,0.44157187639364565,0.4750878601685053,-0.03351598377485965,181,337
7909,0.4456361562751882,0.5103934129777281,-0.0647572567025399,181,298
7910,0.5056328157852725,0.5238749612021502,-0.01824214541687763,181,293
7911,0.38596793002915447,0.4668356905155754,-0.08086776048642091,181,302
7912,0.49306275727966514,0.5263385397819306,-0.03327578250226543,181,283
7913,0.5059331728326224,0.44644052900586617,0.05949264382675623,181,328
7914,0.44093464972195767,0.5155652085875692,-0.07463055886561148,181,307
7915,0.44211800010655644,0.39604158668496264,0.0460764134215938,181,359
7916,0.4819314996141278,0.48933871937277607,-0.007407219758648276,181,293
7917,0.5226341454153964,0.5228929985920867,-0.00025885317669027685,181,301
7918,0.4446805648742274,0.5047229686401986,-0.0600424037659712,181,324
7919,0.5248035925098624,0.434993202033105,0.08981039047675743,181,308
7920,0.4519319454196848,0.40204815802603877,0.04988378739364602,181,324
7921,0.41184693789348675,0.4474793665673897,-0.03563242867390293,181,316
7922,0.43525967376197794,0.4631392805242288,-0.027879606762250875,181,340
7923,0.4811714999006678,0.5294783179196447,-0.048306818018976905,181,312
7924,0.483328587248853,0.5063109350064268,-0.02298234775757374,181,306
7925,0.46519862778168425,0.45948834291122126,0.005710284870462989,181,304
7926,0.49340714320039386,0.47687679309591235,0.016530350104481506,181,311
7927,0.4909295547513775,0.46380474158750823,0.027124813163869277,181,298
7928,0.43536215833247693,0.5494044715664391,-0.11404231323396219,181,301
7929,0.4826744375688191,0.5304138020988152,-0.04773936452999605,181,313
7930,0.46289297594853146,0.5234770903328981,-0.06058411438436667,181,288
7931,0.4286159963088362,0.5078020404926045,-0.07918604418376829,181,288
7932,0.35180608600556246,0.44166906491806257,-0.08986297891250011,181,333
7933,0.36528900868523506,0.4692387666294599,-0.10394975794422484,181,297
7934,0.45423875157413635,0.44857613967572846,0.005662611898407888,181,319
7935,0.4505301419146993,0.4477682564253772,0.0027618854893221023,181,329
7936,0.4476786238971112,0.45522823238583193,-0.007549608488720716,181,324
7937,0.42148417175911285,0.49889756179248934,-0.0774133900333765,181,300
7938,0.43538388755392626,0.4131906545772282,0.022193232976698063,181,355
7939,0.4916906337172117,0.48694183432468596,0.00474879939252576,181,325
7940,0.4533353822541195,0.4458392332767399,0.007496148977379602,181,361
7941,0.4436036743177431,0.42534781508885094,0.01825585922889217,181,346
7942,0.4403764078448146,0.4711969384804811,-0.030820530635666532,181,317
7943,0.475566050549686,0.4896368832197709,-0.01407083267008491,181,316
7944,0.5039761321582908,0.4797189823268197,0.024257149831471148,181,304
7945,0.42094724238176956,0.49377834506577234,-0.07283110268400278,181,313
7946,0.435420616998677,0.47574684607954637,-0.04032622908086936,181,314
7947,0.46949936278056686,0.4795319127302359,-0.010032549949669012,181,327
7948,0.43991195491873486,0.4605527901557183,-0.020640835236983457,181,325
7949,0.4543789724326455,0.5208863764945169,-0.06650740406187133,181,300
7950,0.4609880795073667,0.43712731094702933,0.023860768560337364,181,302
7951,0.5327856161222463,0.47786189018048925,0.05492372594175704,181,317
7952,0.38676135363882524,0.4200326398839958,-0.03327128624517056,181,359
7953,0.4328895395859186,0.3985773934142759,0.03431214617164269,181,352
7954,0.4753199491998009,0.47026571938403944,0.0050542298157614796,181,324
7955,0.46322251002913334,0.4304017040359745,0.03282080599315884,181,315
7956,0.3614079434010618,0.4397586871773593,-0.07835074377629747,181,341
7957,0.4550437055647021,0.4709891029897813,-0.015945397425079222,181,326
7958,0.4095537855790018,0.48719756597330965,-0.07764378039430786,181,316
7959,0.41729529789083386,0.4237190522208691,-0.006423754330035225,181,333
7960,0.46664494170978404,0.46747228264237,-0.0008273409325859626,181,320
7961,0.47820174933382475,0.4899191868657864,-0.011717437531961639,181,285
7962,0.42923798630827814,0.4588144821134127,-0.02957649580513455,181,330
7963,0.4657975355242136,0.44383962058549137,0.021957914938722234,181,311
7964,0.5294715823530174,0.5073348113293786,0.022136771023638757,181,301
7965,0.44340450256070374,0.44867908760912006,-0.005274585048416325,181,355
7966,0.47245296138957527,0.49282499904454896,-0.020372037654973696,181,289
7967,0.39502827104867927,0.40371982857470473,-0.008691557526025462,181,346
7968,0.47794959916203983,0.560051263407339,-0.08210166424529919,181,287
7969,0.43660951095975903,0.41351749133514026,0.023092019624618765,181,343
7970,0.44120837219906733,0.5145702187186904,-0.07336184651962302,181,310
7971,0.4346740752664851,0.4674586363932701,-0.03278456112678502,181,318
7972,0.3607079812535519,0.41408469965953165,-0.05337671840597974,181,293
7973,0.4929365725022205,0.4924179906531626,0.0005185818490578975,181,303
7974,0.46857330246943335,0.46693829186616403,0.0016350106032693157,181,325
7975,0.4115998564929293,0.47676921275572975,-0.06516935626280046,181,317
7976,0.4609166138194564,0.49652525774477524,-0.03560864392531882,181,299
7977,0.48859816176586357,0.503672708506424,-0.015074546740560413,181,297
7978,0.45829671674495037,0.47698695887141185,-0.018690242126461476,181,314
7979,0.44439147559532793,0.47410417959365503,-0.029712703998327095,181,311
7980,0.4026777193727867,0.406486764220384,-0.0038090448475973093,181,345
7981,0.3981685668737059,0.45666442541515917,-0.05849585854145328,181,343
7982,0.4187944672153994,0.4823420968741166,-0.06354762965871719,181,310
7983,0.5250930723257878,0.5225276777377618,0.002565394588026071,181,299
7984,0.4390603441329855,0.3907125688285135,0.048347775304471985,181,335
7985,0.4298905452591014,0.39769539546721394,0.03219514979188748,181,338
7986,0.495873336175221,0.4963737115424248,-0.0005003753672038203,181,302
7987,0.4397500919465637,0.45325539458957786,-0.013505302643014139,181,326
7988,0.48291750374161835,0.47024221809936095,0.012675285642257395,181,344
7989,0.4489387164996164,0.49859541101939925,-0.04965669451978283,181,321
7990,0.4066347932173796,0.42637191343408104,-0.01973712021670143,181,334
7991,0.5135275370085969,0.4796469205274124,0.033880616481184456,181,293
7992,0.4855498521198683,0.43993149707435425,0.045618355045514036,181,355
7993,0.4483283124776914,0.47350075908069644,-0.02517244660300505,181,316
7994,0.4883310873217145,0.4895138478570242,-0.0011827605353096904,181,291
7995,0.4280738808586587,0.4325147959405577,-0.004440915081898977,181,342
7996,0.4480884426620421,0.44582928524444615,0.0022591574175959694,181,311
7997,0.4733517187604527,0.5264827050938282,-0.05313098633337554,181,315
7998,0.44891099185910466,0.44956799918390844,-0.0006570073248037822,181,323
7999,0.4614756584452953,0.48415323832999374,-0.02267757988469843,181,308
8000,0.4593368295510681,0.46618471966826497,-0.0068478901171968865,181,330
8001,0.4463194613805928,0.44693811992811333,-0.0006186585475205231,181,349
8002,0.4501884847363052,0.4891144995714257,-0.03892601483512054,181,311
8003,0.4682435207897485,0.501523522720951,-0.03328000193120251,181,296
8004,0.4448621818030469,0.5294457405885723,-0.08458355878552543,181,287
8005,0.4574473269982103,0.4150487739579309,0.042398553040279396,181,374
8006,0.4648901935521398,0.5287711037544429,-0.06388091020230313,181,300
8007,0.45406465108372235,0.4982664357609072,-0.04420178467718483,181,319
8008,0.42583426051937917,0.48236820813783504,-0.05653394761845587,181,328
8009,0.4910646068156212,0.4872465788895109,0.003818027926110301,181,326
8010,0.465700546246152,0.4944724905513544,-0.028771944305202413,181,305
8011,0.32463711377291127,0.3932155210979735,-0.06857840732506221,181,351
8012,0.4735602379366751,0.5315298887831342,-0.05796965084645911,181,280
8013,0.4722776813267832,0.5364293544202414,-0.0641516730934582,181,287
8014,0.3925410774213628,0.3813492458461106,0.01119183157525222,181,342
8015,0.46942652963061127,0.4860424168299429,-0.016615887199331658,181,316
8016,0.4470968217719302,0.48274978382990025,-0.03565296205797003,181,296
8017,0.4928035340949473,0.45880386284517943,0.03399967124976788,181,332
8018,0.49676940803384045,0.4863247483937139,0.01044465964012653,181,308
8019,0.3428940530268804,0.4997096547430244,-0.156815601716144,181,313
8020,0.3569105129057859,0.45702986057511513,-0.10011934766932923,181,306
8021,0.4796131534145515,0.46516186537443033,0.01445128804012119,181,323
8022,0.40242705573723564,0.41355866627470383,-0.011131610537468195,181,345
8023,0.422800232695864,0.5314122566898469,-0.10861202399398295,181,320
8024,0.4371148880701451,0.4551929239328339,-0.0180780358626888,181,346
8025,0.457346044286441,0.5163855427868584,-0.05903949850041745,181,331
8026,0.45270167913373666,0.4423273889618092,0.01037429017192748,181,324
8027,0.47053723761798294,0.44141421477839193,0.029123022839591006,181,319
8028,0.41416971846888045,0.4001549081924976,0.01401481027638285,181,366
8029,0.4001488923183964,0.47714816257189147,-0.07699927025349507,181,317
8030,0.4415340898981452,0.47082210021614934,-0.029288010318004154,181,333
8031,0.4234643056121478,0.47204604957474416,-0.04858174396259635,181,311
8032,0.5113899801761074,0.5321329234372713,-0.020742943261163882,181,296
8033,0.45570716526890537,0.42967653807624623,0.02603062719265914,181,344
8034,0.46967165587484,0.4368215273086988,0.03285012856614122,181,334
8035,0.469405656999642,0.4790958835637265,-0.009690226564084525,181,319
8036,0.49544968002944956,0.5119409623018284,-0.016491282272378838,181,330
8037,0.4142724157304913,0.44817424977959314,-0.03390183404910185,181,306
8038,0.5566524452609085,0.5175608101517973,0.03909163510911118,181,278
8039,0.4306287653552799,0.4879946140815706,-0.05736584872629069,181,313
8040,0.3769133070649574,0.4175482820189252,-0.040634974953967784,181,329
8041,0.4470601917316098,0.4824590211160084,-0.03539882938439859,181,333
8042,0.41301642195429783,0.4834617131835901,-0.07044529122929227,181,307
8043,0.453976456741882,0.5025531974312397,-0.048576740689357745,181,334
8044,0.5116598442243634,0.49758945040100055,0.014070393823362837,181,301
8045,0.5362570265121213,0.4909193814234789,0.04533764508864235,181,314
8046,0.38426792358770573,0.44997301523005273,-0.065705091642347,181,323
8047,0.44667265751009594,0.47265933788905995,-0.02598668037896401,181,330
8048,0.465101767070271,0.44394834071525796,0.02115342635501305,181,283
8049,0.468374061724017,0.45560678150989015,0.012767280214126875,181,322
8050,0.4575627271760419,0.45405195954333244,0.003510767632709466,181,311
8051,0.48962899694679496,0.44395112750260557,0.04567786944418939,181,332
8052,0.5308175217509303,0.5006972360419034,0.030120285709026917,181,319
8053,0.4696414158883892,0.43540482859810586,0.03423658729028334,181,318
8054,0.4072422534235796,0.438179632031982,-0.0309373786084024,181,329
8055,0.4620435686452991,0.48405650892237145,-0.022012940277072346,181,304
8056,0.41608255564747487,0.47966665563394917,-0.0635840999864743,181,308
8057,0.4617522185293063,0.4932606488162044,-0.03150843028689809,181,316
8058,0.5261137274795965,0.5818404564196434,-0.05572672894004693,181,281
8059,0.46235910380111006,0.49824121075390104,-0.03588210695279098,181,285
8060,0.49016543794769607,0.514115180548073,-0.023949742600376966,181,292
8061,0.4619213941496594,0.4861239959761833,-0.024202601826523895,181,318
8062,0.4949842390023808,0.4620372697119249,0.03294696929045593,181,324
8063,0.4480063240710902,0.5482493335226286,-0.10024300945153841,181,288
8064,0.44239041023330156,0.47320213301380043,-0.030811722780498874,181,303
8065,0.429448733685,0.45151690552633955,-0.02206817184133958,181,322
8066,0.44747052397707693,0.4870426396177484,-0.03957211564067148,181,318
8067,0.4491288486601728,0.500363824603456,-0.05123497594328319,181,310
8068,0.44448470247976263,0.4937139599191739,-0.049229257439411256,181,314
8069,0.4545024897040678,0.45891406235395216,-0.004411572649884343,181,320
8070,0.3824732175501847,0.4975634382715608,-0.11509022072137609,181,312
8071,0.4597715886504768,0.46888972312705424,-0.009118134476577444,181,343
8072,0.42681812367588085,0.4628270105034495,-0.03600888682756864,181,328
8073,0.3906823795193418,0.4424494528994393,-0.051767073380097506,181,334
8074,0.5079444298475898,0.49399944393787276,0.013944985909717045,181,313
8075,0.4996791540249928,0.5046646451481995,-0.004985491123206731,181,280
8076,0.5416103921632448,0.565230084791683,-0.023619692628438216,181,270
8077,0.44564217613036844,0.45389629567791945,-0.008254119547551009,181,325
8078,0.4623780719762204,0.40869805448840657,0.053680017487813814,181,303
8079,0.46939635753398623,0.4852673623720629,-0.015871004838076685,181,278
8080,0.46628964655530114,0.39757077134405766,0.06871887521124348,181,340
8081,0.4255742890988793,0.4645883466638184,-0.039014057564939086,181,301
8082,0.41054075180063376,0.4762705451729842,-0.06572979337235046,181,320
8083,0.4735535577253844,0.5126845413958546,-0.03913098367047024,181,311
8084,0.45265066854531905,0.47898088196898886,-0.026330213423669813,181,321
8085,0.43591224962582015,0.44086880517661814,-0.004956555550797992,181,342
8086,0.48224356983975397,0.5352666838919354,-0.053023114052181464,181,298
8087,0.519005081003903,0.4707321873720276,0.04827289363187537,181,328
8088,0.5129594534902628,0.5084614651627354,0.004497988327527458,181,297
8089,0.4798985941701144,0.5164206130986911,-0.03652201892857676,181,309
8090,0.47941358957050356,0.4603324688732737,0.019081120697229836,181,305
8091,0.43680512480138706,0.46480944086451387,-0.02800431606312681,181,321
8092,0.44656085080950675,0.5283109539799006,-0.08175010317039383,181,301
8093,0.4369185682807974,0.5243180053327307,-0.08739943705193326,181,315
8094,0.49569733556562584,0.41326829883299215,0.08242903673263369,181,324
8095,0.5023912922022737,0.5159592254884597,-0.013567933286185996,181,291
8096,0.453772320960666,0.4598691636825465,-0.006096842721880491,181,322
8097,0.47787792308266447,0.432026999733257,0.04585092334940749,181,328
8098,0.43653167998865766,0.5024913883956447,-0.065959708406987,181,309
8099,0.46125493156777264,0.4867246065021371,-0.025469674934364472,181,318
8100,0.4700072972404548,0.3949342792402363,0.07507301800021854,181,318
8101,0.4878786381359996,0.48059147082754666,0.007287167308452913,181,304
8102,0.3481402668296096,0.491718589627185,-0.14357832279757543,181,335
8103,0.41906360984916347,0.5311673044597249,-0.11210369461056147,181,309
8104,0.4097171841618998,0.41524443708507114,-0.005527252923171355,181,331
8105,0.45076040063203093,0.5540934084935019,-0.10333300786147093,181,284
8106,0.4325344659780926,0.44527217156778237,-0.012737705589689785,181,321
8107,0.3945435499375845,0.4491382141010488,-0.05459466416346431,181,318
8108,0.47763002978963137,0.4668816293633009,0.010748400426330462,181,352
8109,0.4792818582734549,0.4384874345432621,0.040794423730192764,181,335
8110,0.40011350410625873,0.4353948036773887,-0.035281299571129965,181,346
8111,0.4560473591578235,0.45883682321295344,-0.00278946405512992,181,335
8112,0.5094823315726067,0.5377751300767141,-0.028292798504107375,181,285
8113,0.43834222316815624,0.43126615681866287,0.007076066349493371,181,346
8114,0.4464034448344232,0.4925436759053058,-0.04614023107088261,181,305
8115,0.4764001132039873,0.5427348617920903,-0.06633474858810301,181,329
8116,0.48897003048870114,0.5070827839451907,-0.01811275345648955,181,306
8117,0.37539528440937303,0.44466307338257804,-0.06926778897320501,181,312
8118,0.47496982621467054,0.42892634604271657,0.04604348017195398,181,311
8119,0.4463540702446781,0.4826886457324779,-0.03633457548779978,181,303
8120,0.4570235449545795,0.5247942849596414,-0.06777074000506195,181,298
8121,0.4568773201625116,0.43118296405397655,0.025694356108535044,181,316
8122,0.43808593420016934,0.4961867586157477,-0.058100824415578345,181,321
8123,0.4392660535256942,0.4723152795046219,-0.03304922597892768,181,327
8124,0.4521554757975078,0.4862043118474673,-0.03404883604995951,181,305
8125,0.44271780072007605,0.45472289728394594,-0.012005096563869888,181,313
8126,0.5088305079144774,0.5380681200484811,-0.029237612134003776,181,289
8127,0.4780048232000956,0.4601489619709729,0.017855861229122694,181,319
8128,0.45877376591662306,0.5352192836340118,-0.07644551771738878,181,286
8129,0.4624658148324932,0.4685975267510995,-0.006131711918606286,181,324
8130,0.47832291953973705,0.46179152244376004,0.016531397095977007,181,313
8131,0.47182429674636184,0.45662254091650756,0.01520175582985428,181,316
8132,0.43209554974823217,0.4243289424132432,0.007766607334988962,181,372
8133,0.44563487365893156,0.5062488647558092,-0.06061399109687765,181,324
8134,0.47459556721955026,0.529194734561295,-0.05459916734174469,181,294
8135,0.45746621785316294,0.46115315857239914,-0.003686940719236198,181,359
8136,0.42900878655137975,0.4816617437455028,-0.05265295719412305,181,299
8137,0.4401584858677346,0.4658459764739245,-0.02568749060618991,181,345
8138,0.4398121232029345,0.5090973121266489,-0.06928518892371438,181,307
8139,0.4190541341841278,0.41877845576724554,0.00027567841688225236,181,320
8140,0.43396684344880454,0.5209866308347562,-0.08701978738595162,181,305
8141,0.46154147318261357,0.4505618742004098,0.010979598982203798,181,316
8142,0.4918488862677494,0.44851920558707986,0.04332968068066956,181,322
8143,0.4281816527158142,0.48950620513400894,-0.06132455241819473,181,334
8144,0.44083096677164385,0.4731128668584604,-0.03228190008681653,181,313
8145,0.47671063226280364,0.4545599640297358,0.022150668233067827,181,324
8146,0.4451969125607712,0.42705341034204736,0.01814350221872385,181,357
8147,0.43353823801820823,0.42086852595462,0.012669712063588245,181,326
8148,0.4434396531799129,0.4528418646665822,-0.00940221148666931,181,321
8149,0.4523229153540953,0.4670407229451038,-0.014717807591008492,181,313
8150,0.39819808561419184,0.4271293469068183,-0.028931261292626465,181,303
8151,0.42924043525954714,0.5239778072564958,-0.09473737199694865,181,301
8152,0.47529098964992744,0.5037795634900794,-0.02848857384015191,181,282
8153,0.41190879567794403,0.4412211236415938,-0.029312327963649798,181,344
8154,0.5218352544733263,0.5579553532055478,-0.03612009873222144,181,294
8155,0.4479610882928666,0.46580606845912964,-0.017844980166263014,181,305
8156,0.4476726067634117,0.5042563675211122,-0.05658376075770055,181,280
8157,0.38627552383254343,0.4964004987987357,-0.11012497496619228,181,298
8158,0.4053711485405126,0.5164895422038279,-0.11111839366331533,181,298
8159,0.4842281109576033,0.484721674982008,-0.0004935640244047024,181,306
8160,0.48416634490553395,0.46461400704666145,0.019552337858872504,181,328
8161,0.408077328035823,0.48136615388861115,-0.07328882585278818,181,302
8162,0.4591492736654027,0.49178491091951504,-0.03263563725411234,181,294
8163,0.4388176637573113,0.4313026174591853,0.0075150462981259936,181,353
8164,0.4988156591654696,0.46450719418202063,0.03430846498344897,181,309
8165,0.43720909985174444,0.5017797672735923,-0.06457066742184786,181,323
8166,0.482584885000248,0.5160694175308717,-0.03348453253062367,181,318
8167,0.491331932531653,0.4855360059441692,0.005795926587483846,181,306
8168,0.44681703846103055,0.4380855104395684,0.008731528021462154,181,300
8169,0.44807681828690005,0.44598624075200854,0.0020905775348915023,181,339
8170,0.4565795546302341,0.4638242421497517,-0.007244687519517623,181,352
8171,0.46132836434853625,0.4791730275789371,-0.017844663230400848,181,296
8172,0.43844799403480683,0.4816828452086811,-0.04323485117387427,181,315
8173,0.4077487637101478,0.4584950950502845,-0.05074633134013673,181,311
8174,0.4385774016199337,0.46248763708310137,-0.023910235463167673,181,343
8175,0.46323291460712174,0.45192602455535474,0.011306890051766993,181,348
8176,0.47298808271301723,0.4582693905376991,0.014718692175318127,181,312
8177,0.4765714360240536,0.41684643695530027,0.05972499906875334,181,321
8178,0.47953796571470925,0.48356296014171984,-0.0040249944270105975,181,304
8179,0.5227378945070689,0.5405694588603134,-0.01783156435324451,181,274
8180,0.45706807929941246,0.43150621231595554,0.025561866983456916,181,330
8181,0.4518449306500993,0.5200204119153943,-0.06817548126529499,181,293
8182,0.4741154431592996,0.4946669597183525,-0.020551516559052907,181,272
8183,0.4169413536776423,0.5107960108634063,-0.09385465718576402,181,328
8184,0.4893340917339001,0.546407514194861,-0.05707342246096092,181,284
8185,0.49803498468553287,0.4789066173663775,0.01912836731915535,181,306
8186,0.45303442425418233,0.4619739930388293,-0.008939568784646967,181,307
8187,0.45325448015939945,0.4337341218773182,0.019520358282081263,181,314
8188,0.46511001076218467,0.43796307490306946,0.027146935859115207,181,349
8189,0.4643518986619233,0.5353771832355766,-0.07102528457365331,181,301
8190,0.39843415842991864,0.4392665396105763,-0.040832381180657684,181,353
8191,0.4533387641667381,0.4874796522531377,-0.034140888086399646,181,309
8192,0.45632573982381425,0.5384956961836471,-0.08216995635983287,181,295
8193,0.3742051484287509,0.4781434113564453,-0.10393826292769437,181,310
8194,0.4893468728689894,0.484008591578924,0.005338281290065416,181,328
8195,0.44073092332972824,0.4368281301227892,0.003902793206939037,181,316
8196,0.48075277277314626,0.4351315400724985,0.045621232700647774,181,346
8197,0.47935242343236795,0.49178472903510206,-0.012432305602734117,181,293
8198,0.42818114633198234,0.5008111876849987,-0.07263004135301632,181,305
8199,0.5584263686873152,0.5204675688729425,0.03795879981437267,181,262
8200,0.46662866948581233,0.47941131530310416,-0.012782645817291827,181,284
8201,0.4784205847958884,0.43430873917510937,0.04411184562077902,181,342
8202,0.5252968162412432,0.5060526311950837,0.019244185046159545,181,265
8203,0.4545983126462579,0.426015406162465,0.028582906483792858,181,339
8204,0.4944293645273228,0.48616119287696263,0.008268171650360145,181,325
8205,0.42711320241217615,0.4732531841108653,-0.04613998169868916,181,319
8206,0.45087663644364673,0.48568336944876694,-0.034806733005120216,181,302
8207,0.47749823650136014,0.4697506499547316,0.007747586546628549,181,290
8208,0.4720972954048829,0.4407875991127087,0.03130969629217417,181,320
8209,0.4620063505676713,0.36023204558149674,0.10177430498617457,181,329
8210,0.5045222138825735,0.6012058275489031,-0.0966836136663296,181,275
8211,0.42126207402797705,0.4359548832778476,-0.014692809249870542,181,310
8212,0.4584819223886568,0.43620840829244706,0.022273514096209757,181,309
8213,0.474847790673091,0.5051238631193056,-0.030276072446214553,181,326
8214,0.44202935508254504,0.5102512104489839,-0.06822185536643888,181,325
8215,0.4391031732495147,0.5503552769070011,-0.11125210365748645,181,260
8216,0.47737905602625813,0.5018121263246806,-0.02443307029842251,181,302
8217,0.4361040745038996,0.5833012176615691,-0.14719714315766946,181,277
8218,0.3311186058102509,0.4326051434944002,-0.10148653768414934,181,324
8219,0.41848485483324177,0.4789878932342168,-0.06050303840097504,181,320
8220,0.49149581671749154,0.46640286631245037,0.02509295040504117,181,296
8221,0.489910740414481,0.45800963524827265,0.031901105166208366,181,311
8222,0.4538866056706635,0.40483145371028556,0.04905515196037796,181,348
8223,0.37713236469255734,0.4491925092616997,-0.07206014456914234,181,343
8224,0.46062448701488573,0.4563828621188985,0.004241624895987228,181,338
8225,0.4634663674082073,0.43923766469006686,0.024228702718140427,181,324
8226,0.5565862708719852,0.49433689424920707,0.06224937662277813,181,272
8227,0.4109174664686779,0.4524246595636535,-0.041507193094975636,181,324
8228,0.4451046957371639,0.45214203717983187,-0.007037341442667988,181,330
8229,0.5211142460228817,0.4815421768429147,0.03957206917996697,181,287
8230,0.45011343297653134,0.511399908307662,-0.061286475331130685,181,334
8231,0.45260246258018233,0.4438861049449264,0.008716357635255911,181,325
8232,0.44396424895218584,0.4197506411997472,0.024213607752438637,181,332
8233,0.47207912779309213,0.49398610248292113,-0.021906974689828995,181,301
8234,0.504706567540134,0.5148916063298794,-0.010185038789745415,181,329
8235,0.5123067099180098,0.4574594228223296,0.05484728709568015,181,289
8236,0.4198955460497769,0.4687470208879188,-0.048851474838141895,181,314
8237,0.471861977272014,0.46394994943089324,0.007912027841120772,181,296
8238,0.4550379660186927,0.463243049056033,-0.0082050830373403,181,351
8239,0.4677306820163963,0.5029149741332306,-0.035184292116834326,181,304
8240,0.4339573451236941,0.40880959887138374,0.025147746252310366,181,343
8241,0.5434078400378344,0.47782336780159024,0.06558447223624414,181,310
8242,0.4539530257595061,0.5029524397171456,-0.04899941395763957,181,296
8243,0.38602382818012504,0.4169420872433284,-0.030918259063203335,181,336
8244,0.43712622411602,0.49250886335686417,-0.05538263924084419,181,293
8245,0.45187298640446155,0.4661602612881079,-0.01428727488364634,181,321
8246,0.45836143718802325,0.4608863185839162,-0.002524881395892964,181,343
8247,0.35674222366406083,0.44308951957476256,-0.08634729591070173,181,333
8248,0.4484389640535819,0.4767729717642791,-0.028334007710697162,181,311
8249,0.4683139839502283,0.4227474761011346,0.04556650784909366,181,330
8250,0.40509749306114556,0.4685875408653204,-0.06349004780417483,181,358
8251,0.38030298690884096,0.4353093133637376,-0.05500632645489667,181,342
8252,0.4214694904642551,0.5314340740358615,-0.10996458357160643,181,280
8253,0.3681782802950947,0.5065363444014531,-0.13835806410635842,181,319
8254,0.4265420205784617,0.4527626097601192,-0.026220589181657483,181,352
8255,0.4627668657856046,0.4487684725983598,0.013998393187244829,181,317
8256,0.47180733417307,0.48132279545123574,-0.009515461278165716,181,302
8257,0.46171882194916153,0.4108740465883322,0.05084477536082932,181,328
8258,0.3864444985191529,0.4737465433117607,-0.08730204479260778,181,306
8259,0.436473622774157,0.5121510402972026,-0.07567741752304558,181,315
8260,0.499463382427879,0.5084467533888435,-0.008983370960964465,181,315
8261,0.4397788749684393,0.4844444359429027,-0.04466556097446339,181,332
8262,0.49191237850760183,0.46595757656304565,0.025954801944556183,181,302
8263,0.5050107030857331,0.5261589667684257,-0.021148263682692514,181,299
8264,0.5166216732026696,0.4890104257477721,0.027611247454897514,181,277
8265,0.4933574501433363,0.5407334382919149,-0.047375988148578574,181,292
8266,0.3977370274693569,0.4560672670980032,-0.05833023962864631,181,354
8267,0.44480060791248016,0.5224900983468831,-0.07768949043440293,181,273
8268,0.43580039610781013,0.4256416383515109,0.010158757756299208,181,334
8269,0.4813715573112847,0.45064394013773185,0.03072761717355288,181,338
8270,0.4684249632767153,0.4845880827247287,-0.016163119448013408,181,306
8271,0.5188571517214151,0.4401596967049996,0.07869745501641551,181,340
8272,0.4927806946071601,0.5687315495725088,-0.0759508549653487,181,280
8273,0.46342937977523746,0.46636779566176223,-0.00293841588652477,181,336
8274,0.46845588621904416,0.48725600165394056,-0.018800115434896403,181,311
8275,0.45775647274657805,0.457969116306868,-0.00021264356028993792,181,319
8276,0.43233161586564767,0.4699910072605723,-0.037659391394924635,181,360
8277,0.49702117223865466,0.47421602601614116,0.022805146222513506,181,318
8278,0.3862453830301535,0.4488295036515731,-0.0625841206214196,181,332
8279,0.44836354163659137,0.5106187783419108,-0.06225523670531946,181,293
8280,0.43328477669954657,0.43128325205638296,0.0020015246431636102,181,351
8281,0.42232676216314186,0.46254145307496886,-0.040214690911827,181,319
8282,0.4751558500865059,0.4485819236949236,0.026573926391582292,181,340
8283,0.4760770081875768,0.4085168563066572,0.06756015188091963,181,320
8284,0.40300943607233475,0.43443100914828164,-0.031421573075946896,181,340
8285,0.45578621692579474,0.48357356713466054,-0.027787350208865802,181,311
8286,0.4494100645550644,0.4884179568936919,-0.0390078923386275,181,300
8287,0.41124537468445865,0.4408543661751159,-0.029608991490657266,181,341
8288,0.4906659047671958,0.5471024283565346,-0.05643652358933876,181,311
8289,0.4603291476719469,0.4629506615011684,-0.0026215138292215445,181,317
8290,0.5127589774138965,0.5013930000781551,0.011365977335741406,181,285
8291,0.4325720763693012,0.45526646030107326,-0.02269438393177209,181,336
8292,0.49160451574764236,0.4692012279277275,0.022403287819914852,181,319
8293,0.4402874107249416,0.45456172114891996,-0.014274310423978365,181,344
8294,0.4807637916404302,0.5014186541280138,-0.02065486248758358,181,311
8295,0.4017359415855656,0.4819392247963677,-0.08020328321080211,181,289
8296,0.5021282524332752,0.49594957693084835,0.006178675502426845,181,298
8297,0.4992541164972849,0.5142373265436138,-0.014983210046328854,181,299
8298,0.4319006015831199,0.4315813543134805,0.0003192472696393889,181,335
8299,0.46453387287146874,0.4523891745571918,0.012144698314276947,181,319
8300,0.47847501389025066,0.4762127601847449,0.0022622537055057568,181,299
8301,0.4703244602431766,0.44070831231043134,0.02961614793274525,181,343
8302,0.41403460536565806,0.4699803236909684,-0.05594571832531037,181,322
8303,0.47022787676615285,0.5212702199709223,-0.051042343204769414,181,280
8304,0.5253531951723975,0.5182871120004394,0.007066083171958115,181,281
8305,0.39430544532414,0.41838746515483766,-0.024082019830697632,181,364
8306,0.4840594622339148,0.5416514128757272,-0.057591950641812384,181,283
8307,0.4904483782090986,0.5289109685652534,-0.03846259035615485,181,292
8308,0.4241949505965628,0.44492079091350323,-0.020725840316940414,181,345
8309,0.459536834255967,0.4872464248787103,-0.027709590622743308,181,326
8310,0.473822954045579,0.4847073834073353,-0.01088442936175632,181,303
8311,0.45971064608767115,0.41909451153383614,0.040616134553835004,181,340
8312,0.4577775935341292,0.55689696297365,-0.09911936943952077,181,282
8313,0.4066555804771578,0.5001839074570783,-0.09352832697992053,181,316
8314,0.4509523384878901,0.5393435637335687,-0.0883912252456786,181,279
8315,0.44870608001258355,0.45478052388779117,-0.0060744438752076135,181,309
8316,0.4677408446089362,0.45160572313308794,0.01613512147584828,181,324
8317,0.4622248899559823,0.39722868725557553,0.06499620270040679,181,338
8318,0.43106696966631103,0.4335623957654175,-0.002495426099106468,181,303
8319,0.43987214120695767,0.4499417206002824,-0.010069579393324757,181,334
8320,0.4382336581350164,0.5049199228176258,-0.06668626468260935,181,312
8321,0.5691554029438392,0.4823983040053904,0.08675709893844874,181,276
8322,0.4550013262453012,0.4974308308619239,-0.042429504616622704,181,320
8323,0.44122350932090315,0.4575031134502651,-0.01627960412936197,181,314
8324,0.44887788422480596,0.45542590712427666,-0.006548022899470707,181,333
8325,0.4681702191931826,0.46846930475347814,-0.00029908556029556443,181,320
8326,0.429484654326847,0.4686246097461665,-0.03913995541931947,181,297
8327,0.46745573827617165,0.49197353699134955,-0.024517798715177896,181,303
8328,0.41923263613986894,0.496434990748286,-0.07720235460841707,181,313
8329,0.48222591237119083,0.46999218972903173,0.012233722642159106,181,320
8330,0.47005163186661403,0.4822543511102833,-0.01220271924366928,181,301
8331,0.4523957231075099,0.49400178379848525,-0.04160606069097533,181,309
8332,0.45681606349193954,0.45758255291189076,-0.0007664894199512218,181,330
8333,0.5020346973346809,0.49110115109772856,0.010933546236952307,181,301
8334,0.5053831105184938,0.5137200063670652,-0.008336895848571335,181,316
8335,0.48463136746756513,0.39219473493506973,0.0924366325324954,181,341
8336,0.4628328069078324,0.5605902744199831,-0.0977574675121507,181,301
8337,0.4377489478115283,0.4616479475465651,-0.023898999735036786,181,304
8338,0.45604795789025904,0.5056567204886796,-0.049608762598420564,181,296
8339,0.4331191583095349,0.4306125547678435,0.00250660354169141,181,330
8340,0.4363409847237834,0.4610657090391799,-0.024724724315396518,181,324
8341,0.42790154015401544,0.449483600830246,-0.021582060676230586,181,330
8342,0.5103197834493212,0.4829786927900939,0.02734109065922724,181,329
8343,0.43372033966174584,0.4639118805416903,-0.030191540879944467,181,310
8344,0.4297588301538268,0.5461192883938073,-0.11636045823998048,181,304
8345,0.5255202988056131,0.4972392238269475,0.02828107497866561,181,293
8346,0.5078471307611231,0.4719386925142394,0.03590843824688367,181,283
8347,0.48965021607413345,0.4634134140814511,0.026236801992682357,181,324
8348,0.49415945222622365,0.48395997092872634,0.010199481297497315,181,297
8349,0.43718456994413485,0.48335354686332543,-0.046168976919190585,181,323
8350,0.43412826177959346,0.4601339151045033,-0.02600565332490984,181,331
8351,0.5736709006153421,0.546622467449957,0.027048433165385077,181,274
8352,0.4478627923985504,0.4939064653172875,-0.046043672918737066,181,304
8353,0.43328720667405873,0.4363311720478623,-0.003043965373803581,181,336
8354,0.4220628437496943,0.4653659457615216,-0.0433031020118273,181,309
8355,0.4961616354049017,0.5307105399259504,-0.034548904521048696,181,295
8356,0.4807709180597734,0.5625391804318981,-0.0817682623721247,181,282
8357,0.4684039854490577,0.5005444409037512,-0.03214045545469346,181,301
8358,0.48461020134447236,0.5033609116414807,-0.01875071029700831,181,277
8359,0.46712131977432536,0.4886079083768428,-0.021486588602517454,181,309
8360,0.4134586295552563,0.529706342876182,-0.1162477133209257,181,310
8361,0.48572773661146257,0.45978848009428114,0.02593925651718143,181,312
8362,0.412477354210687,0.5058039255189719,-0.09332657130828492,181,315
8363,0.4527717920441869,0.4496306414673762,0.0031411505768106918,181,364
8364,0.43469107938699164,0.46416584358248386,-0.02947476419549222,181,316
8365,0.47492139751431095,0.4623346601798614,0.012586737334449538,181,340
8366,0.46419243067035454,0.4948294412560776,-0.030637010585723046,181,309
8367,0.48935503958927723,0.48324060856965584,0.006114431019621391,181,300
8368,0.5206852078020794,0.5426689918372475,-0.021983784035168097,181,291
8369,0.45623645623645626,0.4202202286932385,0.03601622754321776,181,365
8370,0.4395559203689737,0.5358064582944965,-0.0962505379255228,181,293
8371,0.41369715457151784,0.4593304340759924,-0.045633279504474544,181,366
8372,0.4542054119119771,0.42477649512988663,0.029428916782090475,181,333
8373,0.4741223854490035,0.5272456191911543,-0.05312323374215083,181,285
8374,0.46993372340446854,0.49211783013739924,-0.022184106732930697,181,309
8375,0.4810853180888025,0.4761552232203849,0.004930094868417612,181,298
8376,0.37297834617262576,0.5102528277864626,-0.13727448161383687,181,314
8377,0.4580976103935287,0.5306411876301039,-0.07254357723657523,181,306
8378,0.5222870696923433,0.4157644599399761,0.10652260975236716,181,325
8379,0.4766776634550851,0.5190239798095656,-0.042346316354480495,181,313
8380,0.4808314108119906,0.47632569946605274,0.004505711345937857,181,302
8381,0.47102864841909736,0.44369710454859074,0.027331543870506625,181,329
8382,0.40285194762384974,0.504348616900341,-0.10149666927649131,181,287
8383,0.4190966700989742,0.4440261504383876,-0.02492948033941339,181,348
8384,0.4523794676657807,0.43956120152664074,0.012818266139139944,181,359
8385,0.4832273572343259,0.4262513543583288,0.056976002875997134,181,354
8386,0.4396971691902567,0.4163534446461495,0.023343724544107214,181,338
8387,0.369423123640041,0.48229930737870363,-0.11287618373866265,181,296
8388,0.5053099067062548,0.5621796772678973,-0.05686977056164255,181,286
8389,0.43581587758905316,0.45500596207373734,-0.019190084484684178,181,321
8390,0.49447227110796604,0.43907609364781114,0.055396177460154905,181,302
8391,0.505091692827488,0.49568912813272764,0.009402564694760362,181,300
8392,0.4608199683868935,0.5103929736072035,-0.049573005220309996,181,307
8393,0.4491772760749781,0.4777515249462981,-0.028574248871319985,181,337
8394,0.4705520137419416,0.4371984813157175,0.03335353242622413,181,327
8395,0.4422671016304749,0.41901407756108744,0.02325302406938745,181,371
8396,0.43437380644827595,0.5151733199016073,-0.08079951345333136,181,303
8397,0.4351700785583844,0.45383895924894596,-0.01866888069056155,181,327
8398,0.4776139435103131,0.43238579059451315,0.04522815291579996,181,333
8399,0.4407431660098021,0.46040056434793275,-0.019657398338130627,181,271
8400,0.4288880919035841,0.46702583131154557,-0.038137739407961446,181,323
8401,0.47053434533635247,0.45012226725765797,0.020412078078694496,181,319
8402,0.5024892729185481,0.44502688381194655,0.05746238910660151,181,303
8403,0.470411972003071,0.4790141811855241,-0.00860220918245308,181,324
8404,0.48588893954695755,0.46659337530573924,0.01929556424121831,181,317
8405,0.4116419007794505,0.4718786445854843,-0.06023674380603378,181,309
8406,0.4366831657090349,0.5218167088463033,-0.08513354313726834,181,303
8407,0.3810565934499836,0.4424207308437596,-0.061364137393776,181,321
8408,0.44554743115276196,0.4517141152702791,-0.0061666841175171405,181,302
8409,0.4502728683179811,0.4610399897250596,-0.010767121407078528,181,307
8410,0.4778600898319208,0.48994331085023546,-0.01208322101831466,181,312
8411,0.32993383758655587,0.43420613058773405,-0.10427229300117818,181,306
8412,0.42850922079441617,0.43783931160982686,-0.009330090815410697,181,336
8413,0.4358423894900967,0.47299304178942225,-0.03715065229932557,181,314
8414,0.470211312904467,0.49112775771320105,-0.020916444808734058,181,315
8415,0.5123676592646945,0.4975266661558324,0.01484099310886211,181,281
8416,0.49672225250550056,0.4367422289810459,0.05998002352445464,181,282
8417,0.49837451317153,0.5104447839741958,-0.012070270802665817,181,302
8418,0.43620788951467077,0.47190899423426586,-0.03570110471959509,181,337
8419,0.4631236469770893,0.4857229059266398,-0.022599258949550505,181,315
8420,0.4231048050459174,0.4713315101715575,-0.04822670512564009,181,329
8421,0.45067327475133734,0.49747903431489177,-0.04680575956355443,181,317
8422,0.4737939228351156,0.5045169459962032,-0.030723023161087604,181,311
8423,0.4959168894710982,0.49557144946241205,0.00034544000868613756,181,335
8424,0.407733955912002,0.4747565202264742,-0.06702256431447218,181,343
8425,0.4627920005329417,0.4888322680000642,-0.026040267467122458,181,327
8426,0.478155281395403,0.4308109549630078,0.04734432643239517,181,362
8427,0.4364771185747756,0.46679239736556066,-0.03031527879078505,181,327
8428,0.4197788828563499,0.5182676110209794,-0.0984887281646295,181,302
8429,0.5276933460709083,0.5470481581147179,-0.01935481204380951,181,306
8430,0.4394228518537274,0.5015730172178575,-0.062150165364130094,181,319
8431,0.43293786126298445,0.46211414534395906,-0.029176284080974613,181,322
8432,0.4666588024483091,0.5364778094961415,-0.06981900704783245,181,313
8433,0.4392629579955091,0.5199692725225696,-0.08070631452706056,181,283
8434,0.41901686990585707,0.45249316827832164,-0.033476298372464575,181,304
8435,0.5054652221534395,0.547323316218665,-0.04185809406522556,181,289
8436,0.4873433668361997,0.5371439518047785,-0.049800584968578754,181,300
8437,0.47406751055824065,0.45607876275654835,0.017988747801692295,181,326
8438,0.5012129859679522,0.45131795567655886,0.049895030291393305,181,315
8439,0.4326261694254888,0.4440088087457092,-0.011382639320220378,181,319
8440,0.4421158792075222,0.49558426209795303,-0.05346838289043082,181,290
8441,0.4841575660678642,0.46907523068132384,0.015082335386540358,181,322
8442,0.46692487994209525,0.4314302596779115,0.03549462026418376,181,342
8443,0.5077088382086684,0.4538790101276104,0.05382982808105802,181,312
8444,0.4360385587410727,0.4979186821887901,-0.06188012344771737,181,324
8445,0.4183688098569497,0.5105018794734042,-0.09213306961645451,181,279
8446,0.44481945791795313,0.4781636960352262,-0.03334423811727305,181,330
8447,0.4382123642372734,0.4801435507576132,-0.041931186520339836,181,315
8448,0.46884953565842835,0.40761806052403327,0.061231475134395086,181,337
8449,0.39778646671943746,0.5060685069864306,-0.10828204026699312,181,285
8450,0.5006664746298427,0.5144275258764266,-0.013761051246583889,181,317
8451,0.46355075726722283,0.4860091203927087,-0.02245836312548588,181,321
8452,0.43277330482381815,0.43876260837861275,-0.0059893035547946005,181,305
8453,0.362211721734968,0.3984059934531351,-0.03619427171816708,181,320
8454,0.4748074712836671,0.3871683871683872,0.08763908411527993,181,386
8455,0.47910826465932793,0.42506542680673565,0.054042837852592285,181,343
8456,0.47501769123787163,0.46581545457082135,0.009202236667050279,181,297
8457,0.468727402080742,0.4962944993026843,-0.027567097221942338,181,296
8458,0.37666031647229076,0.5077574942653266,-0.1310971777930358,181,309
8459,0.49767544405280256,0.5167731931304775,-0.019097749077674975,181,288
8460,0.4318441637383312,0.43210592159647004,-0.00026175785813886687,181,324
8461,0.44912315342843717,0.43741496598639457,0.011708187442042606,181,311
8462,0.48074287140004984,0.5028980748823335,-0.02215520348228367,181,309
8463,0.4324384580004225,0.48690380208019074,-0.05446534407976822,181,347
8464,0.46602664566190405,0.4903562090872034,-0.02432956342529935,181,321
8465,0.4458406110191825,0.45100178736186564,-0.005161176342683149,181,343
8466,0.4267379297364305,0.5079014049602285,-0.08116347522379802,181,311
8467,0.5040589287301879,0.5445494062689223,-0.04049047753873447,181,305
8468,0.4210281482411811,0.3991711701515622,0.021856978089618895,181,389
8469,0.5159438386835584,0.5255047649035773,-0.009560926220018917,181,289
8470,0.4491569712104475,0.408490252623037,0.0406667185874105,181,322
8471,0.44561514781666334,0.4620566029125426,-0.016441455095879243,181,343
8472,0.47720058791322123,0.4586683232549523,0.018532264658268904,181,333
8473,0.44172406867927666,0.46689947625703826,-0.0251754075777616,181,306
8474,0.49954673813958556,0.5215103875543289,-0.021963649414743325,181,272
8475,0.4170277820259552,0.4973582847432949,-0.08033050271733971,181,297
8476,0.4564344948212225,0.546491963311739,-0.09005746849051649,181,279
8477,0.42461182845808415,0.42369803049910953,0.0009137979589746159,181,326
8478,0.5105341804514318,0.48397551697344904,0.026558663477982802,181,303
8479,0.4428590792070262,0.4156647742854639,0.02719430492156233,181,325
8480,0.48357839097754746,0.4840932254725358,-0.0005148344949883477,181,324
8481,0.48528822004854166,0.5135546716913176,-0.02826645164277597,181,313
8482,0.40639037359965446,0.489473167339507,-0.08308279373985256,181,304
8483,0.4570766009834112,0.5394206051257496,-0.08234400414233845,181,292
8484,0.4650634122019514,0.50875900973411,-0.043695597532158625,181,290
8485,0.35148998502071194,0.4457791279894775,-0.09428914296876556,181,314
8486,0.46886138513376363,0.4547757257182573,0.014085659415506324,181,307
8487,0.4590515845228445,0.5382546670782788,-0.07920308255543435,181,293
8488,0.4915136136642389,0.5385352959952788,-0.04702168233103993,181,292
8489,0.4939829853358107,0.5614291103087784,-0.0674461249729677,181,292
8490,0.459115854870491,0.5178071770436633,-0.0586913221731723,181,297
8491,0.45150313881954235,0.4718454802501872,-0.02034234143064484,181,320
8492,0.47840883801474926,0.43425601287185167,0.04415282514289759,181,309
8493,0.49411222601844795,0.48391954308188007,0.010192682936567887,181,325
8494,0.4919853167884614,0.49488415428579013,-0.002898837497328721,181,307
8495,0.47162089571972843,0.514366316280815,-0.042745420561086545,181,329
8496,0.3999742888896831,0.44725188217401957,-0.04727759328433645,181,361
8497,0.4544949111481119,0.44884311639430413,0.005651794753807782,181,343
8498,0.5136003831377945,0.4987397787333851,0.01486060440440945,181,287
8499,0.4958501578711326,0.4427299328436422,0.05312022502749042,181,315
8500,0.4360027928136022,0.47516057308036974,-0.03915778026676753,181,331
8501,0.4577564174691398,0.4949027710111454,-0.03714635354200557,181,310
8502,0.4528463702196422,0.41043799184741275,0.04240837837222944,181,340
8503,0.45567748315662737,0.45812704471101423,-0.0024495615543868587,181,299
8504,0.5275570780487383,0.5340192633577858,-0.006462185309047519,181,286
8505,0.44083184878466736,0.505883977593351,-0.06505212880868366,181,290
8506,0.4877755463025603,0.5211212385046323,-0.03334569220207201,181,288
8507,0.4231063797899658,0.4923371353830198,-0.06923075559305403,181,303
8508,0.49677729677729676,0.46744188893966204,0.02933540783763472,181,335
8509,0.367988065825387,0.43699522372088745,-0.06900715789550044,181,308
8510,0.48455168020385414,0.5016878344112686,-0.01713615420741449,181,283
8511,0.4515090496775504,0.45298532395414304,-0.0014762742765926373,181,318
8512,0.4059421842411656,0.44758287754868203,-0.04164069330751641,181,330
8513,0.4305119963818434,0.4564113841699195,-0.0258993877880761,181,333
8514,0.491040942138184,0.4215440524119055,0.06949688972627849,181,339
8515,0.4240081888868698,0.4648952736454309,-0.040887084758561065,181,329
8516,0.44303285923883323,0.4758223797849555,-0.032789520546122275,181,300
8517,0.47420370024883257,0.4720289875442085,0.002174712704624049,181,325
8518,0.4036532234805721,0.4266882239734636,-0.023035000492891533,181,331
8519,0.4053575917170387,0.4565490130478421,-0.0511914213308034,181,309
8520,0.44821250708242216,0.46428823246065526,-0.016075725378233097,181,301
8521,0.4697478449876687,0.42986048826464257,0.039887356723026124,181,303
8522,0.4337820281483951,0.4978113125466712,-0.0640292843982761,181,338
8523,0.44003023768289,0.47767026295335124,-0.03764002527046123,181,325
8524,0.4383243248441856,0.4350503794361313,0.003273945408054313,181,343
8525,0.45036486469857134,0.5283351682076363,-0.07797030350906492,181,284
8526,0.44211550564644136,0.4756840525544653,-0.03356854690802391,181,314
8527,0.45619733451300865,0.4353060093592958,0.020891325153712836,181,333
8528,0.4521321578615325,0.4808978197852846,-0.02876566192375213,181,330
8529,0.4328101975568182,0.4629829653950953,-0.030172767838277104,181,320
8530,0.4396366918106049,0.501385113376167,-0.061748421565562095,181,290
8531,0.45010935252761675,0.4753130538751749,-0.02520370134755817,181,308
8532,0.45817790118426005,0.42104276514269257,0.037135136041567485,181,335
8533,0.41306233795754876,0.4621880271303877,-0.04912568917283894,181,314
8534,0.4631215758239341,0.41641997632184824,0.046701599502085855,181,345
8535,0.4074653579023687,0.4356172494652508,-0.028151891562882114,181,325
8536,0.43940989139921044,0.4660577718012399,-0.026647880402029478,181,289
8537,0.4631215301664124,0.48370189580126327,-0.020580365634850883,181,316
8538,0.4865525193766852,0.4911114030707197,-0.00455888369403451,181,314
8539,0.4470138828322469,0.47265073025257526,-0.025636847420328346,181,330
8540,0.46677634227726317,0.47090640928186367,-0.004130067004600502,181,330
8541,0.4247323625837973,0.47622649653544163,-0.051494133951644316,181,313
8542,0.46695438639658426,0.5150879454688334,-0.048133559072249144,181,302
8543,0.48617647228257216,0.43387699557369014,0.05229947670888202,181,348
8544,0.37880630353725486,0.4975737689098433,-0.11876746537258842,181,300
8545,0.4374006815798705,0.4906151155673974,-0.0532144339875269,181,336
8546,0.45599242453218186,0.538264581504514,-0.08227215697233209,181,305
8547,0.4323393874094303,0.4367952928297756,-0.004455905420345296,181,331
8548,0.5133983222173578,0.4885164094561162,0.02488191276124163,181,312
8549,0.5101553235423029,0.4298915198115674,0.08026380373073544,181,314
8550,0.4536971146898234,0.519744056200744,-0.06604694151092066,181,299
8551,0.47752273416694274,0.497037421088054,-0.019514686921111246,181,329
8552,0.4254974957015773,0.41234899024001503,0.013148505461562265,181,340
8553,0.44856203413079004,0.5246661435461468,-0.07610410941535678,181,304
8554,0.48144496547200405,0.4807240581899298,0.0007209072820742457,181,290
8555,0.42992552908947346,0.49215421971992684,-0.06222869063045339,181,327
8556,0.35102038050344003,0.5058373763189774,-0.15481699581553737,181,308
8557,0.4019096685843206,0.48495445655163694,-0.08304478796731635,181,327
8558,0.39130010978750474,0.5359355332693055,-0.1446354234818008,181,289
8559,0.463343367352614,0.4505299124569074,0.012813454895706622,181,325
8560,0.47624614141434407,0.4750558196702383,0.0011903217441057712,181,314
8561,0.4900327186041472,0.5182304434151443,-0.028197724810997138,181,336
8562,0.395211541897102,0.4653526432502826,-0.07014110135318058,181,303
8563,0.49484807036940176,0.47260629436830875,0.022241776001093005,181,318
8564,0.41924960864515476,0.4315046663145698,-0.012255057669415037,181,303
8565,0.4409296325001928,0.40781907222792585,0.03311056027226694,181,365
8566,0.514398968421957,0.494007375854701,0.02039159256725598,181,310
8567,0.4925978739953331,0.4533422913242631,0.03925558267106999,181,330
8568,0.4861142547039128,0.5799827055819486,-0.09386845087803586,181,272
8569,0.4740639094928844,0.4322510972736537,0.04181281221923072,181,321
8570,0.30750690948408094,0.48200806966084836,-0.17450116017676742,181,301
8571,0.511818002439181,0.517487648811023,-0.005669646371842085,181,301
8572,0.3870118668271251,0.47576089950752026,-0.08874903268039519,181,333
8573,0.5136683176550286,0.366222932043768,0.14744538561126064,181,332
8574,0.4572150448476151,0.48430704327035795,-0.027091998422742847,181,285
8575,0.46487988684883097,0.5066846268344589,-0.04180473998562795,181,297
8576,0.46796831567674896,0.4898654721355583,-0.021897156458809353,181,301
8577,0.46692524647070105,0.42971387159373814,0.03721137487696291,181,323
8578,0.44111187436659133,0.4467282354211717,-0.005616361054580354,181,330
8579,0.38582645912703484,0.4101216317381731,-0.024295172611138283,181,368
8580,0.517565348501074,0.5055492851367608,0.012016063364313267,181,298
8581,0.4681248909820338,0.49992394903798815,-0.03179905805595434,181,278
8582,0.4767943772302548,0.5357678036249464,-0.05897342639469155,181,312
8583,0.41231385897646355,0.48819732497995094,-0.07588346600348739,181,311
8584,0.4726648618787753,0.47858749564864217,-0.005922633769866847,181,327
8585,0.44507018433126816,0.5271480007674089,-0.0820778164361407,181,294
8586,0.45562082641914575,0.45589357569657146,-0.0002727492774257101,181,332
8587,0.48429723914899114,0.5392027477166796,-0.0549055085676885,181,277
8588,0.46342627344625764,0.4446826407955756,0.01874363265068202,181,315
8589,0.5069400439642412,0.4529415530366358,0.05399849092760539,181,324
8590,0.4346004213256841,0.4578665909245028,-0.02326616959881872,181,359
8591,0.46563135677808953,0.42193785958088015,0.043693497197209386,181,297
8592,0.46629627523591716,0.48472609333974664,-0.018429818103829487,181,313
8593,0.4821296058211083,0.45840185686394985,0.023727748957158457,181,330
8594,0.49737868317050565,0.5542513466161874,-0.056872663445681704,181,296
8595,0.45634764962496055,0.45438136568167525,0.0019662839432852963,181,297
8596,0.4276244401439612,0.42262227731940966,0.00500216282455157,181,342
8597,0.43506080579269835,0.500136749611476,-0.06507594381877768,181,333
8598,0.4112686122924932,0.4817986627742726,-0.0705300504817794,181,316
8599,0.4410022943526643,0.44020627999030953,0.0007960143623547689,181,338
8600,0.503568120206287,0.45658930536924774,0.04697881483703931,181,334
8601,0.4576767673242484,0.439468710187059,0.01820805713718937,181,355
8602,0.4711063512758428,0.40440982934857234,0.06669652192727049,181,323
8603,0.47770812129103446,0.43300131723777036,0.044706804053264104,181,323
8604,0.4351966938567952,0.4505167058571975,-0.015320012000402283,181,326
8605,0.5070975398706491,0.48670504099075523,0.02039249887989386,181,315
8606,0.47508852667487317,0.5468278438250372,-0.07173931715016407,181,293
8607,0.38174238919802395,0.5063038358719422,-0.12456144667391822,181,292
8608,0.45691178197138216,0.5056442944701314,-0.048732512498749214,181,291
8609,0.47982229962343087,0.4624570603071354,0.017365239316295467,181,304
8610,0.4305214061564419,0.4298405700455345,0.0006808361109074124,181,343
8611,0.48335049560273996,0.47538630510528707,0.007964190497452894,181,288
8612,0.43843011266521703,0.4372226898530663,0.001207422812150749,181,336
8613,0.3739153703360461,0.497481747888532,-0.1235663775524859,181,322
8614,0.4840994124012991,0.5192299549040137,-0.03513054250271458,181,304
8615,0.4313257994079767,0.46299826372712616,-0.03167246431914944,181,299
8616,0.3970808867925819,0.535662424758291,-0.13858153796570905,181,287
8617,0.4468579862202774,0.46297483587562827,-0.016116849655350873,181,328
8618,0.4007183738579459,0.4561536441822714,-0.05543527032432549,181,328
8619,0.42905595439756933,0.4158416675433171,0.013214286854252244,181,362
8620,0.4559995401642401,0.40839070129859206,0.04760883886564804,181,323
8621,0.47280442355047786,0.47674013754583777,-0.003935713995359913,181,324
8622,0.4545051950548526,0.513812405257475,-0.05930721020262236,181,284
8623,0.46504086939893524,0.46143839380676493,0.0036024755921703067,181,324
8624,0.43155374219204007,0.4464981873673032,-0.01494444517526311,181,341
8625,0.4505642896582251,0.3994620082899882,0.05110228136823691,181,329
8626,0.37283681206765035,0.49874739903383997,-0.12591058696618962,181,316
8627,0.4421944633452786,0.49884367045088146,-0.05664920710560284,181,280
8628,0.46535797350422364,0.49758669505439534,-0.0322287215501717,181,306
8629,0.40670844151042856,0.5281931716845305,-0.12148473017410194,181,302
8630,0.4778606189589188,0.5091864029642357,-0.03132578400531688,181,291
8631,0.4093338822490415,0.43838331339350917,-0.029049431144467674,181,340
8632,0.39706464985697865,0.4781293092916788,-0.08106465943470015,181,327
8633,0.43882669311240746,0.5153582774533035,-0.07653158434089607,181,310
8634,0.4705714105190949,0.512348016461807,-0.04177660594271215,181,301
8635,0.4482143240604068,0.5253742177119906,-0.07715989365158377,181,308
8636,0.4784026218327712,0.5256550491882168,-0.0472524273554456,181,309
8637,0.4093332952830301,0.43178494400431294,-0.022451648721282857,181,331
8638,0.4572699136431347,0.49258096400953544,-0.035311050366400754,181,315
8639,0.33925027536664576,0.397091553517583,-0.05784127815093726,181,367
8640,0.46070293690020225,0.4932001887687826,-0.032497251868580324,181,325
8641,0.3564650789607074,0.4492581141033488,-0.09279303514264142,181,320
8642,0.4604445853448304,0.48393037804802513,-0.02348579270319473,181,344
8643,0.4106976383110562,0.5241166792617562,-0.11341904095069999,181,286
8644,0.4373677234424537,0.4452303915974697,-0.007862668155015962,181,352
8645,0.46494617716179054,0.5369650319392326,-0.07201885477744208,181,292
8646,0.4483606074491334,0.41015899441967124,0.03820161302946218,181,336
8647,0.4363332599899593,0.4865782650249683,-0.050245005035009005,181,332
8648,0.425890001041568,0.4280861656679698,-0.0021961646264018198,181,314
8649,0.4307015088778328,0.5229421827210416,-0.09224067384320883,181,291
8650,0.41108277266281684,0.4684445448806996,-0.057361772217882745,181,320
8651,0.4229924363795628,0.46653371399463067,-0.043541277615067875,181,322
8652,0.48196243760109253,0.5197742652057254,-0.03781182760463292,181,302
8653,0.45166905989799344,0.48452253621511104,-0.0328534763171176,181,330
8654,0.43658451155535216,0.4313503440444618,0.005234167510890342,181,308
8655,0.40344725826476396,0.4515026411004564,-0.04805538283569244,181,325
8656,0.4942962787308723,0.5158591291813883,-0.021562850450516036,181,276
8657,0.4628105723530455,0.45744308254846894,0.005367489804576575,181,335
8658,0.5040908975928529,0.4555478402818289,0.048543057311023985,181,326
8659,0.446450361165823,0.4244318897348606,0.02201847143096236,181,283
8660,0.46636454495047464,0.5140691402419091,-0.04770459529143445,181,288
8661,0.44719943798891165,0.4903252070260919,-0.04312576903718024,181,308
8662,0.4416760867067557,0.5171139369790138,-0.07543785027225808,181,319
8663,0.4904758249980398,0.5159416114637734,-0.025465786465733553,181,286
8664,0.4543510502529226,0.4787458659723384,-0.02439481571941582,181,310
8665,0.44861149632039116,0.43485341484678275,0.013758081473608408,181,305
8666,0.48068248365291416,0.40531338018194857,0.07536910347096559,181,310
8667,0.4921046132315782,0.4443361613815129,0.04776845185006534,181,327
8668,0.44869626614705044,0.4859750982199961,-0.03727883207294569,181,334
8669,0.46813088603745256,0.5063904318124776,-0.038259545775024995,181,285
8670,0.4574644391658889,0.5217872628721179,-0.06432282370622894,181,305
8671,0.46973642753671097,0.46448380044381504,0.005252627092895923,181,339
8672,0.5270284486229745,0.5360586810760994,-0.009030232453124953,181,281
8673,0.4358440205494593,0.43096544603000847,0.00487857451945084,181,330
8674,0.5121917835029215,0.47131637527795994,0.04087540822496155,181,293
8675,0.47050199508321827,0.4769903241706098,-0.006488329087391553,181,302
8676,0.46801898602098463,0.5438593193505391,-0.07584033332955448,181,307
8677,0.48287756971084633,0.5060093102386335,-0.02313174052778716,181,312
8678,0.45968445076604464,0.46282369522888495,-0.003139244462840307,181,326
8679,0.47591382833427637,0.47591924362405064,-5.41528977426875e-06,181,307
8680,0.554357659592281,0.515173846460886,0.03918381313139496,181,298
8681,0.41863470667144653,0.47097615231553214,-0.052341445644085605,181,321
8682,0.4896998821139077,0.429564348575389,0.06013553353851869,181,316
8683,0.4365887274753034,0.44551728157603315,-0.008928554100729735,181,346
8684,0.48911928470491023,0.4748263155400885,0.014292969164821756,181,285
8685,0.39048062549562923,0.4509715310525872,-0.06049090555695796,181,336
8686,0.37853810132885707,0.4932051960653551,-0.11466709473649805,181,306
8687,0.45990140367427806,0.43975987517241333,0.020141528501864736,181,331
8688,0.47676386397336845,0.5100097490390153,-0.03324588506564685,181,316
8689,0.4742572080701847,0.4063273730247109,0.06792983504547379,181,353
8690,0.4695059521272323,0.43844349913983327,0.031062452987399014,181,355
8691,0.38731968737517664,0.43993391192917614,-0.0526142245539995,181,325
8692,0.5048757038523446,0.5136613563881957,-0.008785652535851063,181,283
8693,0.4577061042039961,0.4669481289935585,-0.009242024789562375,181,297
8694,0.45488117559551766,0.46534548716674795,-0.01046431157123029,181,324
8695,0.47098811007310326,0.462554126736298,0.008433983336805284,181,320
8696,0.5230337957991121,0.4887828519382368,0.03425094386087535,181,307
8697,0.4443683966341317,0.48859888126592604,-0.04423048463179435,181,320
8698,0.46263580362664264,0.5009413711153148,-0.03830556748867214,181,320
8699,0.4469399621842268,0.47803579985664435,-0.031095837672417526,181,305
8700,0.4213737935050799,0.46215178554142816,-0.04077799203634824,181,307
8701,0.44118655194960976,0.4261762047476333,0.01501034720197647,181,340
8702,0.4571763832491237,0.4813620377644683,-0.0241856545153446,181,337
8703,0.41060454730464524,0.4944262455890363,-0.08382169828439107,181,310
8704,0.49921379534273874,0.5150452279397848,-0.015831432597046058,181,274
8705,0.4308193890930953,0.42757237163732115,0.0032470174557741593,181,328
8706,0.4502415310037814,0.43918833209388797,0.011053198909893425,181,302
8707,0.4642067809422448,0.4918717142766858,-0.027664933334440978,181,302
8708,0.4684390222018662,0.46645243558432326,0.001986586617542918,181,297
8709,0.4606899192068758,0.49200477631160255,-0.03131485710472676,181,297
8710,0.5284103047094514,0.4933521996456483,0.03505810506380308,181,301
8711,0.4474110015498224,0.4689291245772179,-0.02151812302739553,181,294
8712,0.4752944632643881,0.5048871796253995,-0.029592716361011406,181,288
8713,0.40103448440400236,0.4903711779651629,-0.08933669356116053,181,291
8714,0.45004630821015235,0.4754602453673085,-0.025413937157156175,181,309
8715,0.4653838314304957,0.49532195794168804,-0.02993812651119232,181,299
8716,0.368246641948532,0.45768451406749283,-0.08943787211896082,181,323
8717,0.47283007191977194,0.4191147807723598,0.053715291147412136,181,332
8718,0.474931931304555,0.5815439812288551,-0.10661204992430007,181,279
8719,0.4405793543782521,0.48084085719409764,-0.04026150281584556,181,308
8720,0.38168114707374734,0.42475387590933805,-0.04307272883559071,181,312
8721,0.39316611110849375,0.49757910398304483,-0.10441299287455108,181,308
8722,0.4556659289162869,0.3858269559549097,0.0698389729613772,181,322
8723,0.47044672037531715,0.416480692457506,0.05396602791781113,181,344
8724,0.44760575848284384,0.5345481595617534,-0.08694240107890955,181,299
8725,0.46714017488950105,0.45227060548017456,0.014869569409326489,181,333
8726,0.40027452350556786,0.47331978920984824,-0.07304526570428038,181,321
8727,0.45489697612373015,0.48251690023163935,-0.0276199241079092,181,316
8728,0.44307306880773295,0.46122238140493726,-0.018149312597204315,181,328
8729,0.46661599140882803,0.5477084113735985,-0.08109241996477046,181,287
8730,0.4246964639793524,0.5228296342200566,-0.09813317024070417,181,319
8731,0.5014211278917161,0.4715984028215037,0.029822725070212386,181,298
8732,0.5127128719233982,0.52426536285953,-0.011552490936131754,181,278
8733,0.45837699536400206,0.4476405526326279,0.01073644273137414,181,343
8734,0.43147685054375856,0.46227427921615744,-0.030797428672398874,181,308
8735,0.48356937481031137,0.4851134506263989,-0.001544075816087509,181,308
8736,0.5042237303334148,0.4824485720238206,0.021775158309594256,181,303
8737,0.4754949290663576,0.4849109121931824,-0.00941598312682479,181,309
8738,0.46287767079783515,0.4883409743977383,-0.025463303599903175,181,325
8739,0.43909608130285177,0.49014416296855323,-0.05104808166570146,181,295
8740,0.4352513246573002,0.40152893773263115,0.03372238692466906,181,319
8741,0.43072726442918174,0.45365872949261055,-0.022931465063428802,181,314
8742,0.44832456479205623,0.503677966913261,-0.05535340212120482,181,327
8743,0.47933509603779356,0.458468593816698,0.02086650222109554,181,318
8744,0.45446403016120335,0.4586229125923265,-0.004158882431123168,181,316
8745,0.41426732105642344,0.48033280578363874,-0.0660654847272153,181,333
8746,0.4677138582891337,0.43790904666721214,0.029804811621921556,181,320
8747,0.3852957791303656,0.503060144947516,-0.11776436581715044,181,310
8748,0.41558113253601253,0.47667748732225784,-0.06109635478624531,181,297
8749,0.40579899888080145,0.4632673169006571,-0.057468318019855635,181,334
8750,0.42448399852491925,0.5250703586694665,-0.10058636014454725,181,280
8751,0.4780892506953317,0.48271578784786906,-0.004626537152537358,181,300
8752,0.5110838573494306,0.41977172700916293,0.0913121303402677,181,320
8753,0.48959614238539084,0.4788504018709473,0.010745740514443547,181,314
8754,0.5012691696477185,0.4710102273232145,0.03025894232450399,181,312
8755,0.4706002651230997,0.4889348605662717,-0.018334595443172008,181,321
8756,0.41445781023293965,0.45405211401397433,-0.03959430378103468,181,326
8757,0.4307367767337949,0.4573079238636493,-0.026571147129854422,181,331
8758,0.45254016758218435,0.525404897589074,-0.0728647300068897,181,291
8759,0.4780260624766394,0.4817147960586894,-0.0036887335820499634,181,292
8760,0.5079421351558111,0.4823769507803121,0.025565184375498984,181,311
8761,0.35374384290050226,0.4181079922042641,-0.06436414930376183,181,348
8762,0.466604176223051,0.4085464980311357,0.05805767819191532,181,318
8763,0.3690318578879844,0.45606335670441206,-0.08703149881642763,181,307
8764,0.4215756062828663,0.4956594122339922,-0.0740838059511259,181,310
8765,0.41623354017406367,0.4668568752744796,-0.050623335100415945,181,315
8766,0.4819609550182914,0.4421778185324983,0.03978313648579307,181,342
8767,0.43961219839756316,0.5042046524989585,-0.06459245410139536,181,326
8768,0.413044800582675,0.4725911482992854,-0.05954634771661038,181,324
8769,0.4222049397162292,0.4698276565008581,-0.04762271678462893,181,329
8770,0.4145931945716976,0.40558332725432683,0.009009867317370746,181,342
8771,0.4801501244361446,0.532726576933613,-0.05257645249746845,181,287
8772,0.43895614051191284,0.44364640840662284,-0.0046902678947099985,181,328
8773,0.4858957042252661,0.41334360707676066,0.07255209714850547,181,347
8774,0.43787189487857214,0.501169847604553,-0.06329795272598082,181,305
8775,0.434999959752752,0.41196405014863435,0.023035909604117666,181,354
8776,0.45267162730808874,0.3898929217189274,0.06277870558916132,181,359
8777,0.4776313504536501,0.43858249500000934,0.039048855453640785,181,324
8778,0.447739462556944,0.49560701277730346,-0.047867550220359434,181,290
8779,0.451781783672989,0.5149461888591159,-0.06316440518612693,181,303
8780,0.44080251405581544,0.451399665112576,-0.010597151056760568,181,337
8781,0.37274003762401786,0.43405931955857824,-0.06131928193456038,181,329
8782,0.49482443592334713,0.4505592969431502,0.044265138980196905,181,322
8783,0.4406036492197455,0.49320003304965715,-0.052596383829911664,181,338
8784,0.3906050314133473,0.48052098715196984,-0.08991595573862254,181,341
8785,0.42090951031589074,0.4597349491401973,-0.03882543882430656,181,319
8786,0.4133977037623951,0.474644899536029,-0.06124719577363391,181,336
8787,0.473551624818546,0.5364272169940009,-0.06287559217545485,181,284
8788,0.4316136388473114,0.4165001585099509,0.015113480337360485,181,358
8789,0.5129401737688558,0.5215346655922886,-0.008594491823432748,181,282
8790,0.4832355441277051,0.507897831991286,-0.024662287863580934,181,292
8791,0.4839441944701929,0.48969240452086343,-0.005748210050670555,181,293
8792,0.4323795492823171,0.4994597643788355,-0.0670802150965184,181,315
8793,0.4317023724700073,0.4643303622783484,-0.032627989808341085,181,304
8794,0.45760399021268583,0.4788078915090213,-0.02120390129633548,181,308
8795,0.48419808692668254,0.48025911976943353,0.003938967157249007,181,311
8796,0.43730994252832456,0.4852940049048998,-0.047984062376575265,181,316
8797,0.43183934666221635,0.4402577565815894,-0.008418409919373038,181,343
8798,0.4336995701884803,0.46225416389260204,-0.028554593704121722,181,328
8799,0.5125731317238943,0.4893532844923369,0.0232198472315574,181,323
8800,0.4212418872223597,0.45897070804025464,-0.037728820817894915,181,322
8801,0.42600431395015487,0.38522744548980353,0.040776868460351334,181,345
8802,0.47606992848899665,0.4443993786716967,0.03167054981729994,181,321
8803,0.4943647756607567,0.5126667058549002,-0.018301930194143445,181,283
8804,0.44427362326479525,0.45096020802640074,-0.006686584761605496,181,325
8805,0.45649371839367153,0.4769762046373431,-0.02048248624367155,181,339
8806,0.4410151575166391,0.41849692257855525,0.02251823493808386,181,319
8807,0.4440480733015642,0.49942400418205707,-0.05537593088049286,181,287
8808,0.44242689984655686,0.5016690723047271,-0.05924217245817026,181,315
8809,0.4563432011168856,0.47063075410901506,-0.01428755299212947,181,327
8810,0.4587256182131863,0.49878603922135495,-0.040060421008168645,181,309
8811,0.35619714585342166,0.45906202937587354,-0.10286488352245188,181,308
8812,0.45279248679368894,0.4346900691390524,0.01810241765463655,181,308
8813,0.5141671272939699,0.4534856465697925,0.06068148072417734,181,327
8814,0.47244993975787325,0.40756516021042566,0.06488477954744759,181,349
8815,0.49324882434638534,0.45448109516125207,0.03876772918513327,181,305
8816,0.4675465848916023,0.4658146289556602,0.0017319559359420533,181,316
8817,0.4920933906917192,0.5442279489068512,-0.05213455821513202,181,292
8818,0.47223096244865326,0.5120224883768567,-0.03979152592820345,181,317
8819,0.44845337626144605,0.5052636663718527,-0.05681029011040667,181,305
8820,0.5383902930436567,0.4844985161389984,0.053891776904658295,181,309
8821,0.4703365800674289,0.43122086886518,0.03911571120224888,181,338
8822,0.408117224014945,0.5169511333751065,-0.10883390936016146,181,290
8823,0.49516727569745017,0.5506187512672936,-0.05545147556984348,181,283
8824,0.3625662466801985,0.38127246831631645,-0.01870622163611796,181,357
8825,0.49652968295486916,0.574366044933126,-0.07783636197825688,181,290
8826,0.47555774144528534,0.49824776332444193,-0.022690021879156586,181,324
8827,0.4846202136822563,0.4123394595860967,0.07228075409615958,181,303
8828,0.4542303137479669,0.4513201090136464,0.0029102047343205206,181,323
8829,0.4776433175521433,0.4849100619213655,-0.0072667443692222,181,309
8830,0.5250327255310602,0.5019933295702319,0.02303939596082827,181,302
8831,0.39759860074975156,0.42130089131889853,-0.023702290569146967,181,344
8832,0.4536160196120135,0.4811969297999936,-0.027580910187980145,181,327
8833,0.4694028136132056,0.47186049336637786,-0.002457679753172237,181,296
8834,0.5188993504782978,0.47246533035513544,0.04643402012316239,181,302
8835,0.45834214402870127,0.48910479659936673,-0.03076265257066546,181,317
8836,0.40395590477340143,0.42166763243824334,-0.017711727664841914,181,366
8837,0.5042987115480619,0.43393638157017195,0.07036232997788999,181,332
8838,0.4678027370578075,0.4478961800390372,0.01990655701877031,181,325
8839,0.4994095637458341,0.5433122148578822,-0.04390265111204805,181,281
8840,0.35698965682359757,0.38503266399870384,-0.02804300717510627,181,351
8841,0.43996031163191257,0.5204929759459805,-0.08053266431406797,181,289
8842,0.4788154571882898,0.4265468922611779,0.05226856492711185,181,335
8843,0.4711183986591174,0.41842669106584995,0.05269170759326747,181,314
8844,0.5125715086593604,0.4432597483798188,0.06931176027954161,181,317
8845,0.4048544720542552,0.5256728609669786,-0.12081838891272345,181,309
8846,0.46595792484523313,0.46314236537988684,0.0028155594653462845,181,364
8847,0.39847116323673026,0.4585138746249381,-0.060042711388207826,181,347
8848,0.4890624628706511,0.4789210024291092,0.010141460441541905,181,325
8849,0.5044823411529593,0.5403681971357233,-0.03588585598276395,181,301
8850,0.4047345834885678,0.4194221976087346,-0.014687614120166836,181,344
8851,0.5266017697938895,0.4695525541607973,0.05704921563309223,181,316
8852,0.4616529315823197,0.535789536733087,-0.07413660515076737,181,285
8853,0.42045760560965834,0.40593916992634377,0.014518435683314568,181,364
8854,0.4548654792753556,0.5099335964163749,-0.055068117141019335,181,289
8855,0.46728953294449543,0.4079373330644027,0.059352199880092715,181,325
8856,0.528970426835115,0.4246321311950156,0.10433829564009939,181,329
8857,0.5008247906250328,0.4954495263190915,0.0053752643059413185,181,279
8858,0.46720484855386496,0.5232415452213344,-0.05603669666746941,181,339
8859,0.5049088460891694,0.41923987438763305,0.08566897170153637,181,314
8860,0.45331390142298134,0.4774260629430535,-0.024112161520072173,181,319
8861,0.4622439120575766,0.4515288934342753,0.010715018623301265,181,323
8862,0.451029924222946,0.4445768192802747,0.006453104942671317,181,339
8863,0.4304845749552089,0.4077928747347392,0.022691700220469735,181,376
8864,0.4081899734034632,0.45267298670235984,-0.044483013298896645,181,309
8865,0.47334271913968745,0.48907559304792053,-0.01573287390823308,181,302
8866,0.459741897060132,0.4546323391052103,0.00510955795492174,181,340
8867,0.43946348461597257,0.5251374887974151,-0.0856740041814425,181,279
8868,0.468455466680843,0.4508347200228377,0.017620746658005282,181,320
8869,0.48984834647727193,0.4926980541808648,-0.0028497077035928853,181,315
8870,0.5254697344684996,0.480375075452372,0.045094659016127636,181,308
8871,0.4562498972308918,0.4645301719673318,-0.008280274736439996,181,324
8872,0.5035830797552264,0.42992570326658835,0.07365737648863807,181,310
8873,0.48032863023059374,0.4651334283439638,0.015195201886629928,181,331
8874,0.4383580199342611,0.4149240555914174,0.023433964342843727,181,368
8875,0.45761642344154657,0.43435882420231015,0.023257599239236426,181,356
8876,0.4946407972522591,0.4584371362897068,0.03620366096255234,181,335
8877,0.4980998343513735,0.4934518711262897,0.004647963225083818,181,323
8878,0.4647629990497203,0.4908415590076264,-0.02607855995790609,181,301
8879,0.47630501145538734,0.45627654446913185,0.02002846698625549,181,311
8880,0.476426153482322,0.48533562633366356,-0.008909472851341582,181,327
8881,0.44304594757732957,0.5246432217727526,-0.08159727419542301,181,301
8882,0.46007501238735643,0.4232487574922016,0.03682625489515484,181,377
8883,0.487888222268931,0.5082915424057398,-0.02040332013680879,181,296
8884,0.4359955537345979,0.41915320323933775,0.016842350495260172,181,350
8885,0.433786594859491,0.4935315365456435,-0.05974494168615252,181,303
8886,0.5200423177149057,0.4881346665899334,0.03190765112497235,181,311
8887,0.3542818374462703,0.44376800366095476,-0.08948616621468447,181,300
8888,0.4437343425530504,0.5087367001397032,-0.06500235758665279,181,308
8889,0.4537369934808315,0.43594890891538635,0.017788084565445172,181,326
8890,0.4799856583754009,0.4361192290043731,0.043866429371027804,181,318
8891,0.4427631935085915,0.48448708156555736,-0.04172388805696586,181,319
8892,0.5305803509561536,0.5770272692294733,-0.046446918273319704,181,277
8893,0.3323893902822216,0.39179632827075656,-0.05940693798853497,181,356
8894,0.4550322819143906,0.49049310409054414,-0.03546082217615354,181,324
8895,0.40886109224832,0.4817041418152191,-0.07284304956689908,181,315
8896,0.4728891947785957,0.4734000056753427,-0.0005108108967469827,181,317
8897,0.41939424776594525,0.4275797427499054,-0.008185494983960151,181,343
8898,0.4433977240597801,0.4903181656309189,-0.04692044157113878,181,288
8899,0.42944745620848324,0.5033763646262019,-0.07392890841771871,181,296
8900,0.48902303500709393,0.39047164320273564,0.09855139180435829,181,338
8901,0.4767669315044177,0.5498409485251591,-0.0730740170207414,181,294
8902,0.44891729752739096,0.4673873920833373,-0.018470094555946337,181,343
8903,0.47183287410339375,0.4558813506456012,0.01595152345779255,181,297
8904,0.4668589875154496,0.47657561966135986,-0.009716632145910287,181,324
8905,0.44407777687103334,0.5109323512308587,-0.06685457435982534,181,334
8906,0.4674969172922449,0.4236645005846459,0.04383241670759902,181,332
8907,0.4692510826227263,0.46817536843775887,0.0010757141849674356,181,307
8908,0.466192469605878,0.4815377683540949,-0.015345298748216885,181,325
8909,0.4501405838910134,0.44888796605538284,0.0012526178356305762,181,313
8910,0.49189581220035467,0.46852324729129713,0.023372564909057536,181,313
8911,0.4108844078920369,0.4655165040164246,-0.054632096124387686,181,323
8912,0.43728143423601423,0.48281885283480175,-0.045537418598787516,181,325
8913,0.39980419250260635,0.43853159059865077,-0.03872739809604442,181,355
8914,0.4299270709272737,0.5544370099905779,-0.12450993906330415,181,306
8915,0.43573685162716785,0.5297728143771653,-0.09403596274999743,181,300
8916,0.4435988446023919,0.4342709369922961,0.009327907610095831,181,346
8917,0.4587613422752742,0.4866546907102589,-0.0278933484349847,181,287
8918,0.42476404630987397,0.4669624376201261,-0.04219839131025216,181,319
8919,0.3628521071853169,0.4617225763427934,-0.09887046915747649,181,329
8920,0.42649032492476724,0.4984793947275455,-0.07198906980277825,181,337
8921,0.4147315893674789,0.5118640704920806,-0.09713248112460171,181,323
8922,0.47069567073464824,0.3851646896417474,0.08553098109290086,181,352
8923,0.48808961261647305,0.4377730291168951,0.05031658349957796,181,350
8924,0.46351450570836994,0.48023846279845006,-0.01672395709008012,181,316
8925,0.48349744174312004,0.41066571637509747,0.07283172536802257,181,343
8926,0.44083496031441244,0.5048461693933577,-0.06401120907894525,181,316
8927,0.4582090666808275,0.4805816821897249,-0.02237261550889741,181,322
8928,0.5039593146348437,0.46907184561995763,0.03488746901488604,181,322
8929,0.43524434721034294,0.47781882650279534,-0.042574479292452394,181,306
8930,0.4905870421379465,0.4030332458958413,0.08755379624210524,181,350
8931,0.40939190731010244,0.4785934869983602,-0.06920157968825774,181,315
8932,0.48823237429167926,0.43644646279534716,0.051785911496332104,181,342
8933,0.43547710030711373,0.5025635114459701,-0.06708641113885638,181,314
8934,0.4843959439620278,0.48662162391618785,-0.0022256799541600647,181,347
8935,0.49252336891999476,0.5226468368066689,-0.030123467886674138,181,286
8936,0.47745541696673843,0.4860551641246581,-0.008599747157919668,181,297
8937,0.502648731230407,0.47452913219503606,0.028119599035370924,181,316
8938,0.4669949927074006,0.494009697305393,-0.027014704597992434,181,310
8939,0.4261628713898012,0.4081780338144134,0.01798483757538777,181,347
8940,0.3231519977702559,0.44692930813586784,-0.12377731036561196,181,341
8941,0.4562784273847647,0.4346896522584189,0.021588775126345827,181,313
8942,0.42542627462056914,0.4428893239609379,-0.01746304934036874,181,324
8943,0.5053423824764985,0.5403694123679833,-0.03502702989148476,181,279
8944,0.4449644825008348,0.4405832525169296,0.0043812299839052216,181,336
8945,0.4955792267767058,0.5317237535349734,-0.03614452675826757,181,282
8946,0.4884845890365127,0.4570515116217296,0.03143307741478313,181,329
8947,0.42753483713218365,0.4395368008792854,-0.012001963747101774,181,329
8948,0.47494484655811736,0.48980286078497065,-0.014858014226853289,181,310
8949,0.453933542032497,0.5109103737043637,-0.05697683167186668,181,294
8950,0.4689337975939242,0.477015543059329,-0.0080817454654048,181,329
8951,0.46959306774610127,0.5393100384381371,-0.0697169706920358,181,331
8952,0.468604329076416,0.41081561863521626,0.057788710441199764,181,338
8953,0.5006072855608142,0.5026241068043696,-0.0020168212435554,181,302
8954,0.47316421377977574,0.4258925716313957,0.04727164214838003,181,322
8955,0.46326954559347827,0.49388558756379514,-0.030616041970316865,181,297
8956,0.47289582063987173,0.4603232448657266,0.012572575774145112,181,346
8957,0.45993625450472564,0.4296570145432948,0.030279239961430837,181,387
8958,0.4466586731436458,0.47796412356540546,-0.03130545042175964,181,305
8959,0.42561834865075904,0.44672591007750506,-0.021107561426746024,181,322
8960,0.48969921301854086,0.538835876320216,-0.049136663301675154,181,288
8961,0.48789973841628426,0.5096414277941026,-0.02174168937781834,181,310
8962,0.4459986321136123,0.5529159779767683,-0.10691734586315599,181,299
8963,0.42179012691917983,0.5544494509277741,-0.13265932400859426,181,276
8964,0.44555165447718437,0.44160450395231166,0.003947150524872711,181,316
8965,0.46056799205470295,0.5073045129719415,-0.04673652091723851,181,298
8966,0.47934367081169665,0.5064902769423046,-0.027146606130607986,181,345
8967,0.4930898827427451,0.4870244034143876,0.006065479328357548,181,292
8968,0.36951470397619657,0.467945779382071,-0.09843107540587442,181,316
8969,0.3946030280476722,0.4179003243656373,-0.023297296317965066,181,338
8970,0.4512917658028452,0.4808813648128719,-0.029589599010026724,181,312
8971,0.5014324126274983,0.4285475000972126,0.07288491253028567,181,335
8972,0.4715767044767646,0.487083849085562,-0.01550714460879743,181,312
8973,0.45974064881891624,0.4714428600411558,-0.011702211222239578,181,322
8974,0.4136811946903332,0.4844322632609036,-0.0707510685705704,181,297
8975,0.4658674481549533,0.44328837961403533,0.022579068540917957,181,327
8976,0.49985547344477926,0.4970268386471307,0.002828634797648555,181,301
8977,0.422228559851552,0.41176475383962974,0.010463806011922261,181,344
8978,0.4471016920979868,0.5062077185784896,-0.05910602648050278,181,309
8979,0.42244897959183675,0.4489251565589726,-0.026476176967135834,181,351
8980,0.4149369785915867,0.4837803692905733,-0.0688433906989866,181,307
8981,0.42490165568752525,0.4679069840132196,-0.04300532832569437,181,324
8982,0.5073715914108756,0.5335591541410052,-0.026187562730129565,181,295
8983,0.43660268280690306,0.48302627362866385,-0.046423590821760785,181,315
8984,0.466959003233513,0.4281896815655966,0.03876932166791641,181,337
8985,0.439316470860165,0.501464235754063,-0.06214776489389795,181,320
8986,0.49418700638309726,0.47088501754379364,0.023301988839303622,181,304
8987,0.4688659574509183,0.5043687048881854,-0.03550274743726711,181,303
8988,0.42978119932572706,0.41497607699866207,0.01480512232706499,181,356
8989,0.41364297958834734,0.4143834029488111,-0.00074042336046376,181,358
8990,0.48684515656167576,0.47935551391772585,0.007489642643949912,181,334
8991,0.4293578154701892,0.4210702551588577,0.008287560311331488,181,342
8992,0.4128583548681722,0.4711126132596529,-0.05825425839148074,181,339
8993,0.4553236690381025,0.4743182116156497,-0.01899454257754718,181,346
8994,0.46554259310697554,0.4107093384061623,0.05483325470081324,181,345
8995,0.44347498003382163,0.47545692141297613,-0.0319819413791545,181,298
8996,0.42087841287831923,0.4161387547218013,0.004739658156517945,181,315
8997,0.46518744603984874,0.4822474212796794,-0.01705997523983066,181,316
8998,0.4166098551294433,0.4728333682521809,-0.0562235131227376,181,308
8999,0.46265102718340134,0.5023434599512683,-0.039692432767866936,181,312
9000,0.48300427952122366,0.5001088980738501,-0.017104618552626405,181,309
9001,0.4354597007064606,0.44584653919047745,-0.010386838484016836,181,351
9002,0.46851039221758073,0.48658731858560517,-0.018076926368024437,181,318
9003,0.41527018218747536,0.485397234317269,-0.07012705212979364,181,287
9004,0.48653517403872065,0.44627457369383616,0.04026060034488449,181,315
9005,0.42024441445494076,0.4810221824437049,-0.060777767988764164,181,301
9006,0.42139583802869807,0.4896459691846039,-0.06825013115590584,181,302
9007,0.4409142260761132,0.4317918549407341,0.009122371135379115,181,324
9008,0.4669347361076684,0.4706931647158736,-0.0037584286082051888,181,319
9009,0.45288642068476836,0.4559584870904846,-0.003072066405716223,181,303
9010,0.46475576007281916,0.46666833569113103,-0.0019125756183118736,181,325
9011,0.3692672463385712,0.41070859713175983,-0.041441350793188614,181,342
9012,0.4684305346866923,0.5365955388431287,-0.06816500415643639,181,295
9013,0.45159142193610713,0.44559536793439086,0.005996054001716267,181,337
9014,0.4114292719539297,0.5251337838003198,-0.11370451184639013,181,265
9015,0.37940663910058425,0.544043759149818,-0.1646371200492337,181,292
9016,0.45213841396832005,0.5133384972877624,-0.06120008331944232,181,274
9017,0.46676640937312935,0.5224283096546964,-0.05566190028156709,181,268
9018,0.46521428079309857,0.48245416588053586,-0.01723988508743729,181,300
9019,0.46728050680955385,0.5284349385002053,-0.061154431690651434,181,299
9020,0.46351204739097057,0.46825612742830003,-0.004744080037329457,181,329
9021,0.34689182081443226,0.4028159025783606,-0.055924081763928324,181,361
9022,0.4256393999057576,0.4786332040617371,-0.052993804155979485,181,323
9023,0.39863770435710516,0.4444995823646912,-0.045861878007586065,181,313
9024,0.4361772377266217,0.4679526948257723,-0.031775457099150584,181,330
9025,0.4155578516685087,0.4711849199437147,-0.05562706827520597,181,310
9026,0.47650764895048825,0.46559650621672244,0.01091114273376581,181,318
9027,0.3971219901092491,0.483917974138949,-0.0867959840296999,181,329
9028,0.43747211692431354,0.3854491648804947,0.05202295204381885,181,311
9029,0.45037037037037037,0.45077841434941074,-0.00040804397904037337,181,329
9030,0.5099180969259903,0.5281714545874793,-0.018253357661488945,181,293
9031,0.4392452361908205,0.49371028930192823,-0.05446505311110772,181,328
9032,0.46005952868004135,0.4886172053849987,-0.028557676704957347,181,312
9033,0.4266838650353758,0.480734833143512,-0.0540509681081362,181,328
9034,0.41970600917755935,0.4487803416081668,-0.029074332430607475,181,325
9035,0.4754279877456944,0.509132293978658,-0.03370430623296361,181,283
9036,0.4594912849134469,0.4256490423888634,0.033842242524583455,181,329
9037,0.5015298478717897,0.49139337122225374,0.01013647664953593,181,286
9038,0.5142819016830976,0.4742729756056176,0.04000892607748002,181,300
9039,0.4694953701357423,0.481621463609662,-0.012126093473919741,181,312
9040,0.48171312761301405,0.48513880163481826,-0.0034256740218042148,181,298
9041,0.4463047424247394,0.5048576379353263,-0.058552895510586955,181,318
9042,0.4792822578578321,0.47475442026708287,0.004527837590749206,181,290
9043,0.43842869509699595,0.47416972334612545,-0.0357410282491295,181,313
9044,0.42321755515175014,0.49138559136882737,-0.06816803621707723,181,316
9045,0.4375870393802253,0.519927264620012,-0.08234022523978674,181,280
9046,0.46020129513732233,0.5039703326715043,-0.04376903753418193,181,296
9047,0.4434086655559826,0.49501725730164475,-0.05160859174566218,181,290
9048,0.4587499391993774,0.44910172688720223,0.009648212312175164,181,315
9049,0.4808048082188035,0.43359970288014577,0.04720510533865774,181,301
9050,0.4590408935134635,0.45938601271649027,-0.0003451192030267669,181,308
9051,0.456026055501045,0.44994358730328277,0.0060824681977622586,181,345
9052,0.45582942052527015,0.4351720318945226,0.020657388630747564,181,367
9053,0.4917341298343512,0.5553682411711225,-0.06363411133677127,181,273
9054,0.41216964790469773,0.47217373480911384,-0.06000408690441611,181,324
9055,0.49507302073927256,0.4500659763276615,0.045007044411611075,181,328
9056,0.46518323814519746,0.5119939535923372,-0.04681071544713977,181,314
9057,0.45877142170817536,0.48310926524989944,-0.02433784354172408,181,298
9058,0.39412306109009865,0.4883820445523978,-0.09425898346229916,181,324
9059,0.44115482049757393,0.44332224181243013,-0.0021674213148561994,181,294
9060,0.3589719559066581,0.40978425645973754,-0.05081230055307945,181,379
9061,0.5087990241051465,0.38865765588721846,0.12014136821792809,181,345
9062,0.41200570080583104,0.5002461057932303,-0.08824040498739921,181,281
9063,0.4352138765295021,0.48552530263990706,-0.050311426110404955,181,315
9064,0.4153561146366055,0.44571814388324926,-0.030362029246643774,181,304
9065,0.45139603619346624,0.48497418989067936,-0.03357815369721312,181,321
9066,0.48284273653731785,0.4487825473370209,0.034060189200296964,181,329
9067,0.3726717956761524,0.41843018018018013,-0.04575838450402775,181,317
9068,0.4797249138786523,0.5192474372630851,-0.039522523384432795,181,306
9069,0.3741510090491741,0.5085310437539071,-0.13438003470473303,181,297
9070,0.4316467359751065,0.43919419974722856,-0.007547463772122065,181,301
9071,0.35619353492599004,0.4665907063498499,-0.11039717142385985,181,307
9072,0.436578201976404,0.4551658016943288,-0.018587599717924785,181,319
9073,0.39883950384961553,0.5348889318266756,-0.1360494279770601,181,295
9074,0.41519500702433076,0.4132299733615462,0.0019650336627845544,181,328
9075,0.46438270263461423,0.4949779531314626,-0.03059525049684836,181,329
9076,0.40016536339835185,0.42254383919200783,-0.022378475793655983,181,307
9077,0.4679126932717792,0.475483314973827,-0.007570621702047808,181,335
9078,0.44636393127208784,0.4503833818839005,-0.004019450611812636,181,328
9079,0.40951355577558385,0.43368636714165515,-0.0241728113660713,181,339
9080,0.4210267165839362,0.479920311833275,-0.05889359524933879,181,301
9081,0.47097998089407495,0.48317936040441506,-0.012199379510340114,181,319
9082,0.47314473047433886,0.44594484270043777,0.027199887773901088,181,306
9083,0.5116528277704895,0.4819927971188475,0.029660030651641967,181,329
9084,0.4389437097602637,0.3957332235549584,0.04321048620530532,181,359
9085,0.46008344828566833,0.3882365029238777,0.07184694536179065,181,345
9086,0.4442567457605051,0.48557322153667665,-0.041316475776171535,181,288
9087,0.43932581973683565,0.44988109629241374,-0.010555276555578086,181,321
9088,0.4726208362363969,0.5328556525410403,-0.06023481630464339,181,318
9089,0.4179428031682241,0.4949608774635286,-0.07701807429530455,181,320
9090,0.4624662450616775,0.4638626057390359,-0.0013963606773584325,181,308
9091,0.42276345667699816,0.4444614300935055,-0.021697973416507366,181,340
9092,0.5078622227118468,0.5113210917893957,-0.0034588690775488873,181,298
9093,0.4980577039591668,0.5056283565175494,-0.007570652558382629,181,317
9094,0.42363372986882986,0.39728727360035254,0.026346456268477314,181,362
9095,0.5229822156026065,0.47979848258593905,0.04318373301666745,181,281
9096,0.4853533543764499,0.4968944099378882,-0.011541055561438307,181,328
9097,0.4281208624908341,0.41179142503396343,0.016329437456870655,181,309
9098,0.5071148543202401,0.5212647014516752,-0.01414984713143519,181,276
9099,0.4764928193499621,0.42860478331449314,0.047888036035468984,181,350
9100,0.4725963589042617,0.5276707046729611,-0.05507434576869935,181,297
9101,0.43248963375171684,0.43446177585267537,-0.0019721421009585294,181,346
9102,0.42898459678929524,0.44376594850212736,-0.014781351712832125,181,343
9103,0.5018678031300285,0.4592488686871193,0.04261893444290926,181,318
9104,0.5222322967006602,0.555739251527874,-0.033506954827213775,181,271
9105,0.423788043801777,0.47390180525778625,-0.050113761456009265,181,321
9106,0.3880746595214618,0.40037454690951285,-0.012299887388051045,181,361
9107,0.464926507460378,0.42527965455597033,0.03964685290440767,181,340
9108,0.48874442741812774,0.49918871945745746,-0.010444292039329728,181,298
9109,0.5114804824601193,0.5232197792806403,-0.011739296820520995,181,295
9110,0.41623123052858596,0.43170182621329073,-0.015470595684704769,181,388
9111,0.41833971621939997,0.41886974167571805,-0.000530025456318084,181,338
9112,0.47416347491377503,0.44112919894629604,0.03303427596747899,181,305
9113,0.48824352952012523,0.5594561589024983,-0.0712126293823731,181,291
9114,0.38775979155126067,0.5645673580451102,-0.1768075664938495,181,285
9115,0.542774385350213,0.5196629566026948,0.02311142874751826,181,285
9116,0.5667515281325267,0.46690473864049054,0.09984678949203618,181,295
9117,0.43416479467583413,0.41816319823158316,0.016001596444250976,181,318
9118,0.47953792239506526,0.5076322971048884,-0.028094374709823178,181,323
9119,0.4862610366025612,0.519335291373095,-0.03307425477053377,181,307
9120,0.49288093638539926,0.441787965726217,0.05109297065918228,181,331
9121,0.39725466807167675,0.44133151892393524,-0.04407685085225849,181,299
9122,0.4439549687134013,0.4446325614030165,-0.0006775926896152029,181,317
9123,0.4592154634171441,0.49966106715461767,-0.04044560373747358,181,314
9124,0.4865294309669675,0.5125109911772378,-0.02598156021027026,181,295
9125,0.479183540473863,0.49767824151568324,-0.018494701041820216,181,320
9126,0.4655664394064102,0.4467114469869604,0.018854992419449768,181,324
9127,0.46997110672225884,0.4515182801803638,0.018452826541895062,181,281
9128,0.4617126619717212,0.47652615947751703,-0.014813497505795803,181,317
9129,0.43617264373313075,0.47583804460078893,-0.039665400867658185,181,326
9130,0.5028707703548019,0.466487868313621,0.03638290204118089,181,307
9131,0.4740663234440782,0.4907095191642375,-0.01664319572015932,181,304
9132,0.45096449932208127,0.46674107015805383,-0.01577657083597256,181,322
9133,0.388842179532593,0.4420604040691472,-0.053218224536554226,181,322
9134,0.47706604172769584,0.46705291692736556,0.010013124800330286,181,311
9135,0.49054071089659435,0.49071583860055573,-0.00017512770396138633,181,315
9136,0.42635436611085203,0.46430218006981494,-0.037947813958962906,181,318
9137,0.4356951481141639,0.491773328441725,-0.05607818032756112,181,306
9138,0.4467421311959127,0.4864033430535893,-0.03966121185767657,181,283
9139,0.4621850826464748,0.5297085522935745,-0.06752346964709971,181,307
9140,0.48256679203195746,0.4621997781931259,0.02036701383883155,181,329
9141,0.48042715130307406,0.5022161540165998,-0.02178900271352574,181,301
9142,0.4533452204819431,0.48932357833659884,-0.03597835785465575,181,318
9143,0.463583210300855,0.5157513646484235,-0.05216815434756855,181,278
9144,0.44798556397691564,0.49706207311731754,-0.0490765091404019,181,315
9145,0.40962651097951497,0.4472876719287467,-0.03766116094923172,181,349
9146,0.47282402841780197,0.5281549372613202,-0.05533090884351827,181,292
9147,0.43283489441584294,0.4461780162042867,-0.013343121788443768,181,335
9148,0.36626099833850956,0.4574757149228955,-0.09121471658438596,181,323
9149,0.44686030815063077,0.4505858970141915,-0.003725588863560725,181,319
9150,0.46487333246561907,0.5153582753882392,-0.050484942922620124,181,288
9151,0.45282534521633544,0.39149106620642077,0.06133427900991467,181,359
9152,0.36118570305112746,0.460876851587135,-0.09969114853600752,181,312
9153,0.4262622750525566,0.44214154832213737,-0.015879273269580774,181,325
9154,0.4673670029997635,0.5046467375632836,-0.03727973456352007,181,296
9155,0.44689190247558574,0.5134816535696302,-0.06658975109404441,181,328
9156,0.454376690899307,0.486210093793615,-0.03183340289430803,181,293
9157,0.4548463257919626,0.49762382795401666,-0.04277750216205406,181,306
9158,0.4716222089969615,0.4643189224773597,0.007303286519601826,181,308
9159,0.4662180665802832,0.49594553229007016,-0.02972746570978696,181,309
9160,0.4487504682691848,0.4301811534913861,0.018569314777798718,181,331
9161,0.4616616359425126,0.4270760379326556,0.034585598009857,181,354
9162,0.45860281161512795,0.4689239639182289,-0.010321152303100933,181,327
9163,0.44307901573721437,0.497102436590475,-0.05402342085326062,181,318
9164,0.4485051859654809,0.5236678898812274,-0.07516270391574648,181,298
9165,0.41373327678739763,0.45137931738828957,-0.03764604060089194,181,332
9166,0.5088886808071129,0.4591444846312102,0.0497441961759027,181,303
9167,0.501983673032366,0.4729419718073063,0.029041701225059724,181,304
9168,0.4488805156670364,0.4355692374343141,0.013311278232722323,181,332
9169,0.49039583249944313,0.5114099558318624,-0.02101412333241931,181,292
9170,0.40335001727191877,0.38148979591836735,0.021860221353551423,181,331
9171,0.4836021826012925,0.4451918457410257,0.03841033686026679,181,322
9172,0.45496444707299355,0.42839106254713133,0.02657338452586222,181,339
9173,0.42460493341625555,0.4471486670384734,-0.022543733622217843,181,303
9174,0.3772260049036369,0.453392415023713,-0.07616641012007613,181,334
9175,0.44724347072683673,0.5143423626843315,-0.0670988919574948,181,319
9176,0.4497771457769614,0.48471584734224094,-0.03493870156527956,181,326
9177,0.46571497613621354,0.4724835322661409,-0.006768556129927383,181,306
9178,0.4522992679412209,0.4992729427381089,-0.04697367479688802,181,294
9179,0.49663298480343127,0.4420075284183835,0.05462545638504779,181,343
9180,0.48589945696392467,0.43214161520176864,0.05375784176215603,181,340
9181,0.43586528470500224,0.4925737364456269,-0.056708451740624666,181,304
9182,0.37388461878257795,0.48646768741404856,-0.1125830686314706,181,326
9183,0.3792266200389657,0.5053627235098711,-0.12613610347090543,181,305
9184,0.4616087295133107,0.4309766657399145,0.030632063773396223,181,334
9185,0.49170129028162946,0.44667202515319143,0.04502926512843802,181,302
9186,0.43452060386196667,0.49841688102557663,-0.06389627716360996,181,284
9187,0.3587681198861482,0.47912337205641536,-0.12035525217026716,181,320
9188,0.42733305473379873,0.5037999854793592,-0.07646693074556049,181,312
9189,0.4573337088283945,0.39611323182671726,0.061220477001677265,181,329
9190,0.47693220088824484,0.5662182341277883,-0.08928603323954343,181,274
9191,0.5201234978614783,0.5409980985462018,-0.020874600684723577,181,281
9192,0.4922203945397425,0.5293620465511837,-0.037141652011441206,181,279
9193,0.43849324345122664,0.4221978025293067,0.016295440921919924,181,354
9194,0.41482360049532463,0.455366459865458,-0.040542859370133355,181,343
9195,0.45738745993848035,0.4976471541594694,-0.04025969422098907,181,322
9196,0.4429962209263484,0.44624271034520324,-0.0032464894188548588,181,354
9197,0.45408789821384615,0.3804963045285045,0.07359159368534163,181,354
9198,0.47373726327272625,0.43206488931171777,0.04167237396100848,181,347
9199,0.49294203156747596,0.4847418745475988,0.008200157019877141,181,292
9200,0.5429110678975452,0.48416466392929286,0.058746403968252314,181,307
9201,0.4165898642637792,0.425607667284046,-0.00901780302026678,181,334
9202,0.4621474450858337,0.5080970576201366,-0.04594961253430285,181,287
9203,0.4588369423513002,0.4659930919792397,-0.007156149627939534,181,359
9204,0.4466864996653594,0.4022530715048038,0.044433428160555566,181,358
9205,0.468777383639512,0.5044802222431979,-0.035702838603685894,181,300
9206,0.4993318037274082,0.4947915067730918,0.004540296954316403,181,308
9207,0.5132055340651707,0.4499286039225203,0.06327693014265034,181,322
9208,0.478402895060015,0.45146785674831463,0.026935038311700354,181,330
9209,0.4360546814379516,0.49100679192303165,-0.05495211048508003,181,314
9210,0.48851234842664987,0.47739979965744495,0.011112548769204922,181,305
9211,0.4861577865684903,0.49172296361842804,-0.005565177049937753,181,288
9212,0.4764978896087615,0.4392300453390679,0.037267844269693595,181,332
9213,0.4802505421492626,0.4457024450009427,0.03454809714831991,181,303
9214,0.4951550220914282,0.5299091874327084,-0.03475416534128023,181,293
9215,0.4845011737143362,0.4397844750708528,0.04471669864348343,181,305
9216,0.4593336669777357,0.525149202284389,-0.0658155353066533,181,295
9217,0.46846772751805854,0.49120119054962685,-0.022733463031568313,181,294
9218,0.49744233778877583,0.48677732674710744,0.010665011041668393,181,330
9219,0.4762307224141053,0.5379597074368487,-0.06172898502274343,181,312
9220,0.4486567119816991,0.4636937569300015,-0.01503704494830238,181,305
9221,0.5295344206721146,0.4467666829259003,0.08276773774621432,181,337
9222,0.3950609177846346,0.41156726543253586,-0.016506347647901265,181,310
9223,0.43434862645855443,0.5258152740833464,-0.09146664762479195,181,287
9224,0.5310310887161928,0.49101747876879903,0.040013609947393725,181,311
9225,0.46775515776576215,0.504671820624642,-0.036916662858879845,181,297
9226,0.42628118184427327,0.49395014442687973,-0.06766896258260646,181,294
9227,0.5314761609994166,0.4348267310505644,0.09664942994885223,181,323
9228,0.47409731579999514,0.47391351578536467,0.00018380001463047524,181,307
9229,0.4391963215118729,0.4678998628699809,-0.028703541358108042,181,326
9230,0.4265356099105629,0.47672080288020885,-0.050185192969645964,181,318
9231,0.4575573828170965,0.4581650529043659,-0.000607670087269363,181,340
9232,0.48262679529552965,0.4891039742570355,-0.006477178961505847,181,286
9233,0.4030093386887568,0.5141184281346006,-0.1111090894458438,181,274
9234,0.44208839036027975,0.46936717820824636,-0.027278787847966612,181,316
9235,0.42182164993224897,0.4729136607598508,-0.05109201082760184,181,294
9236,0.5295783512237511,0.4291528788844382,0.10042547233931287,181,317
9237,0.5276881389964554,0.439321036554351,0.08836710244210438,181,303
9238,0.4197146193896545,0.4715509389281175,-0.051836319538463016,181,316
9239,0.48310418414547934,0.49853778832107,-0.015433604175590643,181,322
9240,0.46165052487160274,0.4836480094061387,-0.021997484534535983,181,326
9241,0.47094864164470573,0.5091684893594314,-0.03821984771472564,181,313
9242,0.5133784166600025,0.41915488622951314,0.09422353043048937,181,313
9243,0.47103065274764433,0.48023384558291354,-0.009203192835269214,181,324
9244,0.4582750937922057,0.45442716743448397,0.0038479263577217426,181,311
9245,0.47177524683036637,0.5225281708809506,-0.050752924050584236,181,309
9246,0.45846876034237105,0.40027060707662304,0.05819815326574801,181,346
9247,0.47747380033094317,0.44069404860394906,0.0367797517269941,181,325
9248,0.48453104318650536,0.54371556476124,-0.05918452157473458,181,307
9249,0.452585005478479,0.49644757274676804,-0.04386256726828902,181,350
9250,0.4240621222438351,0.48523188316261284,-0.06116976091877774,181,307
9251,0.44041513047736697,0.37098223714466744,0.06943289333269953,181,343
9252,0.46552939840933716,0.4343795419153772,0.03114985649395996,181,328
9253,0.4896357746206498,0.4613435070604029,0.028292267560246886,181,316
9254,0.4920882104727976,0.4650760377709651,0.027012172701832482,181,331
9255,0.5238855747427176,0.553527445460943,-0.029641870718225438,181,279
9256,0.46208893282758734,0.43779555178598384,0.0242933810416035,181,342
9257,0.3912044032599659,0.4253103062173636,-0.03410590295739768,181,355
9258,0.4505097608358478,0.45237865973370256,-0.0018688988978547427,181,322
9259,0.46027541359972324,0.4575088558440993,0.002766557755623955,181,321
9260,0.4467186158460716,0.46319930815191357,-0.016480692305841982,181,353
9261,0.4973283725541622,0.47248913626387756,0.024839236290284616,181,302
9262,0.46680975730184154,0.4833231085291027,-0.016513351227261164,181,337
9263,0.36883536853745397,0.4788507838046012,-0.11001541526714725,181,335
9264,0.5018382895306102,0.43323977851140827,0.06859851101920189,181,359
9265,0.45526861642371413,0.5055552290846409,-0.050286612660926766,181,278
9266,0.4747174854868292,0.44663272586050523,0.028084759626323952,181,338
9267,0.4434074789662623,0.5268871139212754,-0.0834796349550131,181,308
9268,0.4614367291789062,0.486626007142055,-0.025189277963148793,181,319
9269,0.48908362227589464,0.47000419606394217,0.019079426211952466,181,335
9270,0.4702374916222281,0.4100278060586856,0.0602096855635425,181,318
9271,0.4024606833469903,0.4719491381214432,-0.06948845477445287,181,321
9272,0.39667574781088166,0.46795488106601935,-0.07127913325513768,181,333
9273,0.47309262645573974,0.42814761030773163,0.04494501614800811,181,315
9274,0.4849145478417541,0.4662570899548829,0.018657457886871176,181,354
9275,0.4750260090845764,0.4505169424307378,0.024509066653838563,181,300
9276,0.4270221430709936,0.4915764237336104,-0.06455428066261676,181,302
9277,0.4213217976188225,0.5116227329382517,-0.09030093531942918,181,297
9278,0.4462358054001229,0.45879689578678234,-0.012561090386659424,181,324
9279,0.4999225468151937,0.5046201432538113,-0.004697596438617613,181,286
9280,0.5207876688380677,0.5184866230512138,0.0023010457868538614,181,309
9281,0.4512617327355088,0.42605239787505794,0.02520933486045085,181,311
9282,0.46095222784877954,0.4874497107300128,-0.02649748288123327,181,301
9283,0.4919918192768802,0.4149018171312843,0.07709000214559586,181,335
9284,0.39312129206365276,0.4760050261843815,-0.08288373412072875,181,344
9285,0.41165321421132506,0.48621704358793,-0.07456382937660494,181,301
9286,0.3946649691790846,0.4876432007743632,-0.09297823159527857,181,318
9287,0.46210404456067905,0.44748898607370957,0.014615058486969479,181,341
9288,0.4610797609768185,0.4482307542985156,0.01284900667830291,181,322
9289,0.35548000886147263,0.45718203212686614,-0.10170202326539352,181,344
9290,0.4711933775325012,0.567457593777459,-0.09626421624495779,181,275
9291,0.4475695255543993,0.4539423857250141,-0.006372860170614836,181,315
9292,0.48393984515018584,0.5298343275138713,-0.04589448236368543,181,312
9293,0.47658369645599447,0.44923187334374154,0.027351823112252927,181,305
9294,0.48019530521934783,0.5185570473170275,-0.03836174209767962,181,282
9295,0.39881111804150826,0.43888925396649103,-0.04007813592498277,181,346
9296,0.49891937992034896,0.5134713067270201,-0.014551926806671167,181,300
9297,0.4643090204897171,0.44157842257572716,0.02273059791398996,181,349
9298,0.4684565970663349,0.5165710170944776,-0.0481144200281427,181,311
9299,0.5020059202153195,0.4683627421085184,0.03364317810680112,181,300
9300,0.42715225407926954,0.4690491848271634,-0.04189693074789386,181,325
9301,0.4802647521750854,0.4262863088926329,0.05397844328245249,181,338
9302,0.4370595078646473,0.46268029873124256,-0.025620790866595244,181,299
9303,0.4037078393075247,0.5124777508776722,-0.10876991157014754,181,321
9304,0.45662087495029274,0.426482064296518,0.030138810653774717,181,325
9305,0.5157793446266976,0.4102623544716727,0.10551699015502491,181,316
9306,0.4789157789444734,0.5384639212143377,-0.059548142269864324,181,306
9307,0.39795341287054875,0.4100332074393442,-0.012079794568795432,181,349
9308,0.362489874362204,0.4516549633341439,-0.08916508897193992,181,344
9309,0.43273059335637803,0.4542471696542618,-0.021516576297883783,181,328
9310,0.3679239585254623,0.47238060214892374,-0.10445664362346146,181,322
9311,0.41404253561925125,0.39297540721763546,0.021067128401615787,181,322
9312,0.4517365413966082,0.380840481061557,0.07089606033505119,181,324
9313,0.442605774065865,0.4910229188520356,-0.048417144786170596,181,299
9314,0.36124286104453074,0.4506733930117174,-0.08943053196718664,181,323
9315,0.4042583752859764,0.478080776930316,-0.07382240164433956,181,332
9316,0.4608595427560945,0.42690475513434534,0.03395478762174914,181,335
9317,0.4663245772012847,0.5299154012372149,-0.06359082403593025,181,293
9318,0.5198987064347368,0.5400609496598756,-0.02016224322513882,181,288
9319,0.4713242649694614,0.4614137800714156,0.009910484898045802,181,331
9320,0.4086273105733521,0.4122265512265512,-0.0035992406531991095,181,321
9321,0.5068722659744406,0.43318557066819224,0.07368669530624833,181,316
9322,0.4779931785602374,0.4732755071834629,0.004717671376774479,181,294
9323,0.5407285877419351,0.5258268708220705,0.014901716919864638,181,300
9324,0.39539437385901544,0.47687144748949145,-0.08147707363047602,181,301
9325,0.50549641176989,0.5279652287954004,-0.0224688170255104,181,287
9326,0.4584507381309292,0.5313613745803247,-0.07291063644939555,181,285
9327,0.43833767875137114,0.49695357648321686,-0.05861589773184572,181,325
9328,0.4895145764218882,0.4665292885657627,0.022985287856125525,181,301
9329,0.47650986635789067,0.5737324510187677,-0.09722258466087702,181,271
9330,0.4976605197989806,0.45366675290545,0.04399376689353063,181,319
9331,0.4890610165596049,0.4509928854170776,0.03806813114252727,181,345
9332,0.4564191493610335,0.45891724900433845,-0.0024980996433049407,181,315
9333,0.45144152899254947,0.45958109302007655,-0.00813956402752708,181,320
9334,0.4490452736734342,0.48419937205651487,-0.035154098383080645,181,319
9335,0.45473345722864966,0.4623256994507604,-0.0075922422221107455,181,302
9336,0.5494827979038506,0.49298812584678364,0.05649467205706693,181,308
9337,0.49565701878837654,0.5207070597998045,-0.025050041011427937,181,307
9338,0.39728446316712546,0.5045534532656594,-0.10726899009853391,181,309
9339,0.436048809291557,0.4605125755227175,-0.024463766231160533,181,350
9340,0.5140536623638865,0.4809225275092475,0.03313113485463898,181,303
9341,0.4426558925422528,0.3840733555239421,0.058582537018310676,181,335
9342,0.4697829502787995,0.39485349394319397,0.07492945633560555,181,356
9343,0.46117533142612244,0.39867648421499075,0.06249884721113169,181,361
9344,0.49984361010068384,0.4896419117198338,0.010201698380850055,181,317
9345,0.4772162465183751,0.5143486903847083,-0.03713244386633324,181,303
9346,0.352119434028871,0.4549904126467094,-0.1028709786178384,181,334
9347,0.36864348148898113,0.5406112333805064,-0.1719677518915253,181,297
9348,0.4306849367048166,0.4808356624016891,-0.05015072569687251,181,328
9349,0.45948469846984696,0.5342086697511149,-0.07472397128126795,181,311
9350,0.37135644505102633,0.4743883101025958,-0.10303186505156947,181,318
9351,0.39245210256140944,0.46129078236637727,-0.06883867980496783,181,283
9352,0.47441829004564756,0.4674411075549379,0.006977182490709666,181,323
9353,0.48343466210961034,0.46582866266199996,0.017605999447610376,181,287
9354,0.4916662298045967,0.5270597681888004,-0.03539353838420373,181,267
9355,0.4417006227972771,0.4558104756629159,-0.014109852865638761,181,345
9356,0.4294373007440993,0.4537730558630826,-0.024335755118983282,181,312
9357,0.509621058641485,0.5261566300568858,-0.01653557141540085,181,306
9358,0.4364980904089238,0.4155278241095873,0.020970266299336515,181,371
9359,0.3837598269481874,0.402168282446814,-0.01840845549862663,181,374
9360,0.49183736208580936,0.5285778284565428,-0.036740466370733416,181,273
9361,0.43083870147473396,0.4142106693107383,0.016628032163995665,181,319
9362,0.44272419744000346,0.47760192197627044,-0.034877724536266974,181,314
9363,0.4104173604173604,0.44828248605145765,-0.037865125634097274,181,336
9364,0.41308070662081936,0.48406482651680455,-0.07098411989598519,181,300
9365,0.47614333594602476,0.44956550581473725,0.026577830131287505,181,317
9366,0.47622777459893617,0.4712823094686936,0.004945465130242577,181,307
9367,0.42983112785344024,0.42557215286225064,0.004258974991189601,181,376
9368,0.4690174523460315,0.5160620743627832,-0.04704462201675169,181,302
9369,0.4889380678832946,0.5130213973701369,-0.024083329486842275,181,302
9370,0.46745316790997854,0.5322960029886371,-0.06484283507865857,181,303
9371,0.4937901216824758,0.42199103805133215,0.07179908363114368,181,297
9372,0.3413523304058466,0.4319866528409242,-0.09063432243507757,181,332
9373,0.4417381320142425,0.40779442698189666,0.03394370503234584,181,317
9374,0.43947978781541386,0.4308014684602493,0.008678319355164554,181,319
9375,0.4781671497308359,0.45990933025439334,0.01825781947644256,181,302
9376,0.4685458668315811,0.4708762346694429,-0.00233036783786178,181,310
9377,0.46367926019488154,0.4244284650496203,0.03925079514526125,181,322
9378,0.447502446707649,0.4932110880697706,-0.045708641362121605,181,312
9379,0.4749589334494995,0.4783349111470789,-0.0033759776975793576,181,323
9380,0.47276457642311304,0.4985411321470563,-0.025776555723943273,181,312
9381,0.4627840606925297,0.45644825723714433,0.006335803455385369,181,340
9382,0.4621781501093408,0.5553802076043093,-0.09320205749496846,181,296
9383,0.4356150669858693,0.4396467314165193,-0.0040316644306499505,181,334
9384,0.5064070242550928,0.49978890275963156,0.006618121495461204,181,276
9385,0.45069319200548436,0.5127695305526551,-0.062076338547170706,181,285
9386,0.4677003924360932,0.48988510444066885,-0.02218471200457567,181,321
9387,0.461282666912919,0.5110469872629261,-0.04976432035000705,181,299
9388,0.5082251082251082,0.4956554966003072,0.012569611624801025,181,299
9389,0.47302314706059884,0.548972638207088,-0.07594949114648913,181,299
9390,0.4942694126687711,0.40651457413324094,0.08775483853553018,181,326
9391,0.5223457549920946,0.5023400791469403,0.020005675845154225,181,308
9392,0.45541303999509963,0.4900949033816658,-0.03468186338656615,181,315
9393,0.3763126727302127,0.47845307379846835,-0.10214040106825567,181,326
9394,0.4259661321172505,0.47816496369127953,-0.05219883157402905,181,337
9395,0.493566203661029,0.4794435491457709,0.01412265451525807,181,331
9396,0.47782171020484693,0.5101639656096758,-0.03234225540482888,181,327
9397,0.41792509136558753,0.4505602826292482,-0.03263519126366066,181,328
9398,0.46391682178110794,0.5057065763224905,-0.04178975454138256,181,301
9399,0.481983996083287,0.5160377795821292,-0.03405378349884214,181,287
9400,0.45202045858099094,0.5208598214412349,-0.06883936286024395,181,295
9401,0.4771978110021427,0.4810826607775925,-0.0038848497754497835,181,292
9402,0.5026305726474029,0.41886032955617936,0.0837702430912235,181,340
9403,0.4703595317725752,0.5008684799558416,-0.030508948183266382,181,336
9404,0.4977879064571846,0.5507706454408605,-0.05298273898367589,181,285
9405,0.4558466871678826,0.453441244196105,0.0024054429717776382,181,333
9406,0.4537884170363938,0.5109281420602175,-0.05713972502382375,181,306
9407,0.48083183748316005,0.43115013340463826,0.04968170407852179,181,324
9408,0.461388170457869,0.5085470765337504,-0.04715890607588141,181,327
9409,0.5592035766341642,0.5267299054361049,0.03247367119805933,181,292
9410,0.4468821483527365,0.49305891254163753,-0.04617676418890104,181,273
9411,0.4913349321391022,0.4235196488756163,0.0678152832634859,181,323
9412,0.4928446157546154,0.475576047398189,0.017268568356426428,181,318
9413,0.45439470899309437,0.471263505678146,-0.016868796685051646,181,324
9414,0.4879980225267718,0.5079066161975134,-0.019908593670741603,181,297
9415,0.4848948282890281,0.5262390883579671,-0.04134426006893899,181,308
9416,0.4921089646217208,0.4646084074655503,0.027500557156170502,181,336
9417,0.45972979606281517,0.47526671460166,-0.015536918538844813,181,326
9418,0.38925117513827195,0.40102730660235253,-0.011776131464080575,181,340
9419,0.5099129037676099,0.4249551454598744,0.0849577583077355,181,337
9420,0.4367084739115685,0.5164236461671728,-0.07971517225560437,181,318
9421,0.49523968305242266,0.47107092877332424,0.024168754279098426,181,300
9422,0.4818016578162077,0.48841471341807857,-0.006613055601870865,181,307
9423,0.48743202882897746,0.5362076911202073,-0.048775662291229815,181,316
9424,0.4703286920015472,0.46520579288268765,0.005122899118859547,181,333
9425,0.5128776368711158,0.5023489907260044,0.010528646145111398,181,301
9426,0.48668107097202434,0.46411715581567786,0.02256391515634648,181,346
9427,0.45979855359889693,0.4646458063485264,-0.004847252749629494,181,320
9428,0.46165696697669645,0.4437598991358737,0.017897067840822733,181,336
9429,0.4446233752261152,0.4969699460778356,-0.0523465708517204,181,300
9430,0.4720751903025412,0.42139106353949235,0.05068412676304884,181,316
9431,0.4838035108772436,0.4930747626993295,-0.00927125182208588,181,307
9432,0.468351357749558,0.5115912517954176,-0.04323989404585965,181,289
9433,0.4622035938016568,0.5085340386500612,-0.04633044484840437,181,303
9434,0.45969524166372466,0.4439020202567,0.01579322140702466,181,327
9435,0.432830889999816,0.4849024343593572,-0.0520715443595412,181,299
9436,0.4330688001936248,0.4889203635018993,-0.05585156330827451,181,313
9437,0.44960606917194357,0.4152891768037095,0.03431689236823404,181,331
9438,0.44877832837169096,0.5037842350152381,-0.0550059066435471,181,291
9439,0.5118467964494402,0.450071266744351,0.061775529705089205,181,329
9440,0.3970749885035599,0.4181526627190329,-0.02107767421547302,181,356
9441,0.46322344720691294,0.5048847868059692,-0.04166133959905621,181,287
9442,0.42501987425094845,0.44028081621190446,-0.01526094196095601,181,289
9443,0.474215152981006,0.49695758221877623,-0.0227424292377702,181,324
9444,0.4600964868018647,0.4891378462807034,-0.02904135947883868,181,291
9445,0.4648618366019431,0.46029282198558125,0.004569014616361833,181,335
9446,0.47169116624857077,0.5164152918773393,-0.044724125628768485,181,291
9447,0.43712613774298037,0.446301645910183,-0.00917550816720264,181,350
9448,0.4374145810929112,0.4677840917433886,-0.030369510650477383,181,321
9449,0.5290378041264513,0.5459849985195608,-0.016947194393109544,181,270
9450,0.4647391557488136,0.4647255497781136,1.3605970699992476e-05,181,323
9451,0.4197806616308826,0.48872741768188294,-0.06894675605100031,181,372
9452,0.46786224040162117,0.5136956828007485,-0.045833442399127344,181,296
9453,0.49402181596980116,0.4551220362164887,0.038899779753312436,181,306
9454,0.45282171313323794,0.4532048713258246,-0.0003831581925866634,181,337
9455,0.46724629278224444,0.47535441153657,-0.008108118754325544,181,322
9456,0.48647359550346225,0.4663152201051454,0.02015837539831683,181,310
9457,0.3808658937581149,0.4610284256128144,-0.08016253185469946,181,336
9458,0.5337180603668082,0.5038407733651791,0.02987728700162917,181,305
9459,0.3569046001270962,0.4043302468140885,-0.04742564668699234,181,324
9460,0.4387314725990685,0.490128230648173,-0.05139675804910454,181,310
9461,0.4766979627369568,0.4168368074107876,0.0598611553261692,181,318
9462,0.44983712726596564,0.4564639749774068,-0.006626847711441175,181,320
9463,0.4820032937745017,0.5189051205399416,-0.03690182676543996,181,293
9464,0.4519226553040877,0.42053589152067034,0.03138676378341737,181,359
9465,0.43862392105115416,0.45664515203420947,-0.018021230983055303,181,319
9466,0.3809483521279736,0.40662378311648545,-0.025675430988511827,181,316
9467,0.5075777287050812,0.4997663147946517,0.007811413910429499,181,317
9468,0.5249680014679495,0.5122736041256756,0.012694397342273955,181,272
9469,0.38664811397672466,0.5006991508914076,-0.11405103691468294,181,316
9470,0.4983000117763458,0.47330622367186964,0.024993788104476167,181,305
9471,0.45337491126518864,0.4366800824120594,0.01669482885312923,181,304
9472,0.47095461135273775,0.509466592236695,-0.03851198088395724,181,279
9473,0.40268731464356267,0.4127540521261605,-0.010066737482597843,181,368
9474,0.38788319874746924,0.4514062341354453,-0.06352303538797605,181,300
9475,0.5072554164443716,0.4740313590570989,0.03322405738727263,181,307
9476,0.4604949188872557,0.4107124653170091,0.049782453570246576,181,309
9477,0.4538638072863965,0.4994813821736375,-0.045617574887241,181,279
9478,0.4661352563505205,0.47827998457131143,-0.012144728220790935,181,332
9479,0.4860919031837399,0.47263524215630826,0.013456661027431649,181,306
9480,0.4489232902421669,0.4923988420282142,-0.04347555178604734,181,306
9481,0.4321549745726592,0.46493998016837523,-0.03278500559571601,181,300
9482,0.3938197013962766,0.47389929578869666,-0.08007959439242007,181,301
9483,0.42984553393779207,0.5381712657213849,-0.10832573178359278,181,287
9484,0.4488657980185516,0.40946787932729156,0.039397918691260025,181,366
9485,0.40961324438285424,0.48642634267402357,-0.07681309829116933,181,302
9486,0.42246875267647244,0.48457332530584474,-0.0621045726293723,181,344
9487,0.4957229455734361,0.4603332116955663,0.03538973387786981,181,327
9488,0.3617823192858256,0.4508286014827872,-0.08904628219696159,181,325
9489,0.4151402279961213,0.3741446755316814,0.04099555246443992,181,370
9490,0.420466103748067,0.4665291966375557,-0.04606309288948873,181,308
9491,0.45105973068530286,0.40607035520842316,0.0449893754768797,181,334
9492,0.4824900912604928,0.5068196520406523,-0.024329560780159465,181,289
9493,0.445199645167247,0.49134514415098246,-0.04614549898373543,181,320
9494,0.45232828370373745,0.5557093818313287,-0.10338109812759122,181,293
9495,0.4658739075433913,0.48639002627950256,-0.020516118736111255,181,336
9496,0.43514526876144394,0.4936112760394831,-0.05846600727803919,181,307
9497,0.4658796070575327,0.451603334849644,0.014276272207888685,181,325
9498,0.4912606897580022,0.48176993183048067,0.00949075792752152,181,303
9499,0.47306184114444,0.4491274140596048,0.023934427084835175,181,308
9500,0.479840172860111,0.5630430547423553,-0.08320288188224428,181,279
9501,0.5201617186457105,0.5644605060672354,-0.04429878742152493,181,275
9502,0.43132175657456956,0.41032864969739974,0.02099310687716982,181,358
9503,0.45163471509935305,0.4580406301922158,-0.006405915092862757,181,306
9504,0.4641918009639971,0.4923212933741465,-0.028129492410149393,181,314
9505,0.469162836571073,0.4368582172106174,0.03230461936045559,181,314
9506,0.4485476742236572,0.48542433339948093,-0.03687665917582372,181,302
9507,0.47982815260491546,0.48291850791463803,-0.00309035530972257,181,327
9508,0.4044366105595995,0.456026530889846,-0.05158992033024651,181,319
9509,0.4920003322554745,0.4981489664236673,-0.006148634168192779,181,299
9510,0.4018500869120477,0.463472663566932,-0.0616225766548843,181,330
9511,0.4647013609746529,0.4577368676102103,0.006964493364442603,181,293
9512,0.4613505621086928,0.4998822605965462,-0.03853169848785343,181,267
9513,0.4466217762297703,0.4831756912664047,-0.03655391503663441,181,299
9514,0.4919998837980074,0.5126645057473916,-0.020664621949384232,181,304
9515,0.47232470881155936,0.4760517980375488,-0.003727089225989466,181,335
9516,0.47883478532814433,0.45708777629790415,0.021747009030240183,181,319
9517,0.4991100576492628,0.5235002276222243,-0.02439016997296145,181,296
9518,0.4741267934748602,0.4860230666061656,-0.011896273131305424,181,290
9519,0.45299933847375495,0.47148745328000713,-0.018488114806252176,181,327
9520,0.43299496254908476,0.4395624498049516,-0.006567487255866866,181,334
9521,0.4875848937745481,0.4696212505675569,0.01796364320699123,181,317
9522,0.46772151610861284,0.45657551558172665,0.01114600052688619,181,338
9523,0.4590186774358765,0.5234925348278986,-0.0644738573920221,181,302
9524,0.42732394530511425,0.5129456292984124,-0.08562168399329811,181,322
9525,0.44974432496565725,0.48224376005491887,-0.03249943508926162,181,313
9526,0.4277722741797774,0.48310584500726755,-0.05533357082749013,181,338
9527,0.4882015415773074,0.5135728647818134,-0.025371323204506024,181,317
9528,0.396973729024608,0.5061880079500031,-0.10921427892539509,181,300
9529,0.4990790641828989,0.5271361324225093,-0.02805706823961046,181,309
9530,0.47093378714108536,0.4307407247855684,0.04019306235551695,181,320
9531,0.46516544069165533,0.45866565366208994,0.006499787029565385,181,312
9532,0.46310588739385616,0.5032059157059157,-0.0401000283120595,181,287
9533,0.40520655842909925,0.4711014335574505,-0.06589487512835124,181,319
9534,0.4598950423372896,0.43952141420905283,0.020373628128236787,181,353
9535,0.4932210274164265,0.47436339302982955,0.018857634386596933,181,314
9536,0.4697897426818901,0.4697855171755706,4.225506319510686e-06,181,305
9537,0.5049272499425933,0.4937476045529337,0.011179645389659598,181,296
9538,0.4896385686648914,0.4925291401529665,-0.002890571488075089,181,306
9539,0.46133477634284625,0.5243271556945209,-0.06299237935167468,181,288
9540,0.44471427118576184,0.4223896386166688,0.02232463256909306,181,316
9541,0.47795378804892547,0.4192400341715543,0.058713753877371155,181,325
9542,0.4600423453311772,0.5159247160563817,-0.05588237072520447,181,303
9543,0.44940309345371665,0.4768256964122098,-0.027422602958493136,181,320
9544,0.5043774516026647,0.4711042006821845,0.03327325092048017,181,334
9545,0.4819025009495372,0.41856701862625273,0.06333548232328445,181,302
9546,0.5006914059913263,0.43544290866950963,0.0652484973218167,181,328
9547,0.4241547610066733,0.44662408918120156,-0.022469328174528236,181,322
9548,0.4758497788985731,0.497358143387983,-0.021508364489409904,181,310
9549,0.5193971871862523,0.5165009540637884,0.002896233122463898,181,296
9550,0.4170447351171633,0.43641119678623036,-0.01936646166906708,181,325
9551,0.36644613073345855,0.4692383619719311,-0.10279223123847253,181,319
9552,0.49369932950193934,0.37008100519333925,0.12361832430860009,181,350
9553,0.4418940021562852,0.539964176284931,-0.09807017412864577,181,305
9554,0.4487174615697826,0.4997452960208581,-0.051027834451075504,181,325
9555,0.4926124587185253,0.4823535148894958,0.010258943829029532,181,321
9556,0.4580410965597599,0.4214015144285592,0.036639582131200665,181,364
9557,0.5034523339711948,0.4914874838288341,0.011964850142360706,181,309
9558,0.3768149399485163,0.4666917113345685,-0.08987677138605221,181,334
9559,0.44855218260538354,0.45752165911957493,-0.008969476514191388,181,310
9560,0.5058774477532948,0.47898456943753115,0.026892878315763646,181,332
9561,0.5330474700261539,0.476434255418306,0.05661321460784796,181,283
9562,0.4347216899985234,0.41331881028081663,0.02140287971770677,181,333
9563,0.34665552276887934,0.48280350158590046,-0.13614797881702112,181,331
9564,0.4935710646601465,0.518311124865546,-0.024740060205399483,181,308
9565,0.45448055424255573,0.48482253591091606,-0.03034198166836033,181,321
9566,0.4440615826106143,0.49868323507760565,-0.054621652466991355,181,328
9567,0.49460501112897626,0.45947384058558194,0.03513117054339432,181,343
9568,0.5089128511747761,0.48816466102385275,0.020748190150923385,181,314
9569,0.5019924575673863,0.49539334538255886,0.006599112184827449,181,297
9570,0.4988879521522009,0.5643589464813924,-0.06547099432919151,181,295
9571,0.4796859602982052,0.4750187768425452,0.004667183455660029,181,335
9572,0.4414108216585925,0.438506790678389,0.0029040309802035313,181,319
9573,0.38605337611548796,0.4521101566803746,-0.06605678056488662,181,297
9574,0.5190943546857607,0.5252785409108148,-0.006184186225054122,181,290
9575,0.46690022950143734,0.40132947644403144,0.0655707530574059,181,319
9576,0.44105382219950523,0.44111960607820194,-6.578387869671243e-05,181,330
9577,0.4620905027438897,0.4430287702785175,0.019061732465372183,181,324
9578,0.4460015162302925,0.45716369071269447,-0.011162174482401976,181,313
9579,0.4793230352029227,0.45498240861410066,0.024340626588822023,181,303
9580,0.4923827638783182,0.53513137489648,-0.0427486110181618,181,280
9581,0.4289860396959623,0.5137388887901885,-0.0847528490942262,181,312
9582,0.4676982741213223,0.4758204835063996,-0.008122209385077295,181,322
9583,0.4287043758189381,0.477747303880821,-0.04904292806188287,181,289
9584,0.4325837405878526,0.4528043503847944,-0.02022060979694179,181,320
9585,0.5019750501030178,0.46496176001672795,0.03701329008628984,181,312
9586,0.4597169145066831,0.42599303719375303,0.033723877312930084,181,339
9587,0.4052902367117955,0.48912325773380544,-0.08383302102200996,181,333
9588,0.48206810870431116,0.4851695216002007,-0.003101412895889555,181,325
9589,0.496809526621576,0.4651549593324044,0.0316545672891716,181,321
9590,0.4426363348351793,0.4205991132381798,0.0220372215969995,181,338
9591,0.473609953095003,0.466989606933506,0.006620346161496982,181,303
9592,0.42309117645828664,0.46871050713195866,-0.04561933067367202,181,311
9593,0.451224783097516,0.47937543988320613,-0.02815065678569012,181,317
9594,0.4033971369472113,0.46964867305642966,-0.06625153610921836,181,316
9595,0.4558331201986127,0.44762521602910066,0.00820790416951206,181,320
9596,0.41805231980149254,0.5036053783040855,-0.08555305850259293,181,311
9597,0.4591916187500787,0.47238694758845934,-0.013195328838380649,181,313
9598,0.47889911259720164,0.4679354347850787,0.01096367781212293,181,314
9599,0.4555036466801172,0.4659148608429566,-0.010411214162839355,181,323
9600,0.38471683316183614,0.40387049510403406,-0.01915366194219792,181,342
9601,0.537128706580562,0.5294221690182523,0.007706537562309657,181,277
9602,0.4616217594807101,0.4818427171814604,-0.020220957700750275,181,325
9603,0.48696075330872074,0.46643579256181367,0.020524960746907073,181,326
9604,0.5074683192038257,0.4973065201318661,0.010161799071959632,181,298
9605,0.5024992906227739,0.46296274663010756,0.03953654399266632,181,315
9606,0.5172057683903875,0.39192660380461347,0.12527916458577398,181,329
9607,0.48591726569170174,0.47062023189842733,0.015297033793274406,181,314
9608,0.43937361858437235,0.451690202178998,-0.012316583594625674,181,339
9609,0.5090959199966343,0.44054548646027314,0.06855043353636114,181,333
9610,0.5071375230879376,0.4967238303579567,0.010413692729980883,181,299
9611,0.4288753400948804,0.4845600415956007,-0.0556847015007203,181,323
9612,0.43206916871201256,0.4719468703485542,-0.03987770163654164,181,313
9613,0.4608102090037948,0.5003948570192926,-0.039584648015497825,181,305
9614,0.40225920035955504,0.43157079930332803,-0.029311598943773,181,338
9615,0.4685114344568255,0.4740610895709243,-0.005549655114098773,181,308
9616,0.4096974397328828,0.4267400559449233,-0.017042616212040507,181,330
9617,0.5064755177726186,0.5343887527695306,-0.027913234996912006,181,308
9618,0.45484914144728167,0.4853173787118337,-0.030468237264552056,181,296
9619,0.47971358667719066,0.4716685823284939,0.00804500434869676,181,283
9620,0.45369017698474734,0.4853189373267094,-0.03162876034196205,181,313
9621,0.4878577071854382,0.4339417387991875,0.05391596838625068,181,313
9622,0.49598269614381324,0.5178308553236581,-0.021848159179844895,181,289
9623,0.48621148388719515,0.4872516536332996,-0.0010401697461044357,181,292
9624,0.4893386530087721,0.5421568062122785,-0.05281815320350636,181,298
9625,0.42614647949302525,0.39822538918163136,0.027921090311393892,181,373
9626,0.46416991417310666,0.4712164604924398,-0.007046546319333158,181,332
9627,0.5675677543649351,0.464848133582461,0.1027196207824741,181,320
9628,0.474821756170165,0.5318972547457478,-0.057075498575582806,181,291
9629,0.4437799103268646,0.5075534175568764,-0.06377350723001185,181,300
9630,0.35169015040437346,0.4528720540034508,-0.10118190359907736,181,343
9631,0.46976611619468756,0.4845568613150602,-0.01479074512037265,181,295
9632,0.46533880106569686,0.43381667562208864,0.03152212544360822,181,330
9633,0.4981860731300752,0.49209865091942884,0.006087422210646343,181,302
9634,0.4644671728594326,0.5302383978339862,-0.06577122497455357,181,304
9635,0.5170459238485174,0.5204035683392644,-0.003357644490746936,181,309
9636,0.5015739049242885,0.4614793031509095,0.040094601773379035,181,313
9637,0.3725484987430173,0.44895605370556574,-0.07640755496254842,181,319
9638,0.46300746178128993,0.46291729091990375,9.017086138618513e-05,181,335
9639,0.4615865216844404,0.3565100099371743,0.10507651174726612,181,360
9640,0.4184469040847957,0.4373065738244023,-0.01885966973960662,181,318
9641,0.4066525602973562,0.46051413145234654,-0.05386157115499035,181,330
9642,0.41708373057755826,0.5124930720139238,-0.09540934143636554,181,321
9643,0.3981515849859018,0.4443386326405195,-0.046187047654617674,181,331
9644,0.48620317976630184,0.44847942278706426,0.03772375697923758,181,316
9645,0.46094035763282776,0.45176409237268933,0.009176265260138428,181,342
9646,0.5532822879043643,0.5032565241884389,0.050025763715925375,181,296
9647,0.397733229061399,0.48381539772614285,-0.08608216866474383,181,314
9648,0.4775448815889992,0.46679294894799767,0.01075193264100155,181,314
9649,0.4567505907888105,0.4514640633736548,0.005286527415155673,181,303
9650,0.36355967601010086,0.5479270727191193,-0.18436739670901847,181,294
9651,0.41457179362973257,0.45979068985933974,-0.045218896229607175,181,311
9652,0.467768608727158,0.4651110853386304,0.002657523388527594,181,308
9653,0.48240737666498074,0.47970747981174794,0.002699896853232797,181,295
9654,0.4481550281366727,0.5067852866946251,-0.0586302585579524,181,331
9655,0.47162279868208035,0.4619079689241054,0.009714829757974941,181,310
9656,0.5241074443533428,0.47642514767543764,0.047682296677905134,181,320
9657,0.4598511770869219,0.530004959335925,-0.07015378224900304,181,310
9658,0.4537358132667301,0.5042711524113195,-0.05053533914458935,181,315
9659,0.5048894717198414,0.45410435842500324,0.0507851132948382,181,313
9660,0.4130616241422183,0.46714675070524675,-0.05408512656302844,181,299
9661,0.4076388707285817,0.4730743999898941,-0.06543552926131241,181,353
9662,0.44971029994071465,0.4905026366982437,-0.040792336757529024,181,296
9663,0.42292246523018145,0.5099550945589743,-0.0870326293287928,181,304
9664,0.4973338527972487,0.47101046490833876,0.02632338788890992,181,305
9665,0.4743871115659558,0.4526249956402797,0.021762115925676118,181,337
9666,0.416226805346109,0.46412092667980814,-0.047894121333699136,181,328
9667,0.4645070581445131,0.517892512699441,-0.053385454554927936,181,310
9668,0.40884577112441606,0.5220088581869687,-0.11316308706255268,181,303
9669,0.4080735560539526,0.47693044430887116,-0.06885688825491854,181,320
9670,0.46721605141660166,0.5136412653075951,-0.046425213890993466,181,298
9671,0.4456653263901672,0.4552544558755739,-0.009589129485406689,181,328
9672,0.43351506079231317,0.45954838404071324,-0.026033323248400075,181,332
9673,0.45340725036348806,0.4650051956391422,-0.011597945275654165,181,342
9674,0.4605240935629932,0.4811725213299041,-0.02064842776691095,181,305
9675,0.45330728897612704,0.4289572692830265,0.024350019693100522,181,326
9676,0.47989299201305285,0.44082858857828844,0.039064403434764416,181,301
9677,0.4626944023956508,0.4617021538628,0.0009922485328507924,181,342
9678,0.4156227470387886,0.47886934781344725,-0.06324660077465866,181,344
9679,0.4193120904851368,0.5094544962020148,-0.09014240571687798,181,287
9680,0.4459066440411233,0.4769977055827579,-0.0310910615416346,181,306
9681,0.41044051813016935,0.3921638850786709,0.01827663305149846,181,387
9682,0.49637509234340144,0.5136729718010506,-0.017297879457649212,181,317
9683,0.4497615980267512,0.4497543210362043,7.276990546922768e-06,181,355
9684,0.4006339449543788,0.5046809928369148,-0.10404704788253599,181,311
9685,0.5052949785509501,0.549322796603304,-0.044027818052353895,181,287
9686,0.4201051338169601,0.43461501296162813,-0.014509879144668059,181,341
9687,0.4594719469310527,0.4828507776613962,-0.023378830730343525,181,330
9688,0.41461141078756547,0.473468421525804,-0.05885701073823851,181,305
9689,0.5051365559905933,0.427009105186751,0.07812745080384226,181,317
9690,0.36195233731504484,0.4892384878479694,-0.12728615053292458,181,323
9691,0.48250450040725607,0.48167632684328826,0.0008281735639678045,181,326
9692,0.44795635518997706,0.4479311829205001,2.5172269476958498e-05,181,330
9693,0.4565542302402302,0.46559691594704017,-0.009042685706809994,181,311
9694,0.47486209957914244,0.4478673530198339,0.026994746559308558,181,349
9695,0.3996047460961054,0.47906697622662164,-0.07946223013051623,181,307
9696,0.4659588767496442,0.4654889493599171,0.00046992738972712056,181,319
9697,0.49652988648208035,0.4866169437071433,0.009912942774937039,181,301
9698,0.4696162291593093,0.45078216217810446,0.018834066981204822,181,328
9699,0.44689488380080666,0.46765294207012825,-0.02075805826932159,181,324
9700,0.36716048992267997,0.46642319586126263,-0.09926270593858266,181,339
9701,0.44261594424716766,0.417540812321396,0.025075131925771654,181,323
9702,0.46513457499525446,0.4896063219044586,-0.024471746909204117,181,321
9703,0.40398012501894087,0.4212778572408132,-0.01729773222187231,181,322
9704,0.5066864352578638,0.529043044096506,-0.02235660883864221,181,291
9705,0.47251947744597544,0.4935832211918161,-0.021063743745840635,181,315
9706,0.44665843918741704,0.4648853344603473,-0.018226895272930255,181,326
9707,0.4879309152992751,0.47229078808026176,0.015640127219013367,181,301
9708,0.46348686876273193,0.44080211039573447,0.02268475836699746,181,328
9709,0.41918285344580164,0.4996623639077881,-0.08047951046198648,181,297
9710,0.5107352884269198,0.5558996797426171,-0.04516439131569727,181,280
9711,0.3967852899129582,0.45311802936950213,-0.056332739456543934,181,347
9712,0.403837332659889,0.48937651118057757,-0.08553917852068854,181,302
9713,0.4828398863518462,0.4951289888864038,-0.012289102534557561,181,301
9714,0.4397657870577361,0.4653110547128821,-0.025545267655145976,181,328
9715,0.47412686136818305,0.4468290805213688,0.027297780846814224,181,314
9716,0.4570009874078412,0.5010755653612796,-0.04407457795343844,181,286
9717,0.44247056420969466,0.4899204126094883,-0.04744984839979366,181,291
9718,0.47679831226649455,0.509315221142894,-0.03251690887639941,181,287
9719,0.4582171659259658,0.47834210147321693,-0.020124935547251144,181,289
9720,0.42884610801156725,0.47596305683999124,-0.04711694882842399,181,349
9721,0.4464249935598362,0.39656279052038573,0.04986220303945049,181,346
9722,0.4388898641475961,0.41692439294390937,0.02196547120368675,181,335
9723,0.42970077015814107,0.41347794240618346,0.016222827751957603,181,318
9724,0.48607156773724336,0.46608968159147374,0.019981886145769623,181,316
9725,0.43013291085780675,0.5103385734372791,-0.08020566257947231,181,313
9726,0.42396496800063405,0.42618729415589074,-0.002222326155256693,181,354
9727,0.42241805813234384,0.45251573856252886,-0.030097680430185014,181,304
9728,0.4656674351577991,0.45205974020402745,0.013607694953771676,181,329
9729,0.4966854489047271,0.4672485476088021,0.029436901295925022,181,306
9730,0.4599798344433833,0.5139765084537116,-0.05399667401032826,181,293
9731,0.42539345242980087,0.41676033155887166,0.008633120870929212,181,354
9732,0.42387213139092844,0.48303314238222284,-0.059161010991294394,181,309
9733,0.4591632733467904,0.45176617461913493,0.007397098727655482,181,332
9734,0.4508945053488266,0.4295898111516357,0.021304694197190888,181,335
9735,0.4542231139546788,0.4552934929803074,-0.0010703790256286205,181,343
9736,0.5015182256715834,0.44008184067254064,0.061436384999042803,181,319
9737,0.3810521939011016,0.4696122396785188,-0.08856004577741716,181,304
9738,0.44405823241557346,0.4671513953629129,-0.02309316294733943,181,307
9739,0.4680260528211645,0.5228103450468196,-0.05478429222565506,181,311
9740,0.450293247407883,0.4538146085249859,-0.0035213611171028836,181,307
9741,0.4635486590588672,0.4432685864235714,0.0202800726352958,181,356
9742,0.44071577150425717,0.44326804784351087,-0.0025522763392537007,181,344
9743,0.5134725352084281,0.4349497617572387,0.07852277345118935,181,313
9744,0.44485100845182546,0.3469383582165538,0.09791265023527168,181,377
9745,0.42261184960368847,0.5392332812671796,-0.11662143166349115,181,309
9746,0.4019396280429997,0.415759690222135,-0.013820062179135284,181,355
9747,0.4905051489818493,0.38036135449999564,0.11014379448185369,181,339
9748,0.4549457348721312,0.4708908950369044,-0.01594516016477321,181,316
9749,0.45775582985850033,0.47576449204493915,-0.018008662186438817,181,336
9750,0.44914559456862335,0.4220317500734839,0.027113844495139428,181,344
9751,0.45480626489125997,0.4610670902596368,-0.0062608253683768544,181,317
9752,0.42256176942999063,0.4882961443917254,-0.06573437496173479,181,335
9753,0.4234349519077733,0.45779548629861505,-0.034360534390841746,181,324
9754,0.45935679689574005,0.42344863624082535,0.0359081606549147,181,322
9755,0.4563219960843175,0.4260724704010204,0.030249525683297085,181,328
9756,0.43944434026503415,0.445566176834448,-0.006121836569413841,181,343
9757,0.5077554461389433,0.5883549844962811,-0.0805995383573378,181,275
9758,0.5156853549706377,0.4744430740671342,0.041242280903503514,181,318
9759,0.349084374023681,0.5540668118415556,-0.20498243781787462,181,303
9760,0.4126798956518411,0.520664415982174,-0.10798452033033284,181,282
9761,0.502355814290034,0.5148471958387665,-0.012491381548732527,181,318
9762,0.476116078288563,0.47897478149954376,-0.002858703210980751,181,306
9763,0.4783940876317283,0.5090686935737697,-0.03067460594204141,181,324
9764,0.4631451197449636,0.48419949773661564,-0.02105437799165205,181,283
9765,0.4418820454897753,0.4831670425607823,-0.041284997071007024,181,305
9766,0.401490657386747,0.47815248880121414,-0.07666183141446714,181,314
9767,0.4583876102307302,0.4677178950549927,-0.009330284824262514,181,315
9768,0.5179261969786074,0.48172428145809987,0.036201915520507555,181,282
9769,0.44705493327953766,0.4563272144108775,-0.009272281131339821,181,360
9770,0.4312997721733001,0.5156690825555028,-0.08436931038220269,181,317
9771,0.4365593994141765,0.4711470371921898,-0.034587637778013325,181,343
9772,0.4891876875750885,0.48098112105543717,0.008206566519651348,181,317
9773,0.5014391217842261,0.5368435913536158,-0.035404469569389696,181,291
9774,0.4387077087955892,0.49606351918101443,-0.057355810385425254,181,291
9775,0.46797627089289984,0.4946180702520576,-0.02664179935915778,181,308
9776,0.47597297969627067,0.49762109683684297,-0.0216481171405723,181,305
9777,0.4810767442081149,0.42521909557944315,0.05585764862867176,181,340
9778,0.4029315376960114,0.4351489951605861,-0.03221745746457466,181,329
9779,0.3936732094434827,0.388085396803036,0.005587812640446721,181,359
9780,0.39031840383279326,0.506407902262814,-0.1160894984300207,181,308
9781,0.49314612577673717,0.43225408368182217,0.060892042094915,181,344
9782,0.4430831537436175,0.4230228797800954,0.020060273963522113,181,327
9783,0.4367501053915911,0.425615926290329,0.011134179101262076,181,347
9784,0.4799069465969224,0.4348122974851085,0.04509464911181388,181,324
9785,0.48715585398495387,0.5124533603120006,-0.025297506327046748,181,307
9786,0.4936888096805528,0.4771544326103839,0.01653437707016886,181,299
9787,0.43527752930050806,0.46494022013998026,-0.029662690839472206,181,308
9788,0.4332602190194875,0.506686532496658,-0.07342631347717044,181,300
9789,0.47415227999040466,0.41121363963408364,0.06293864035632102,181,307
9790,0.5098773666247715,0.4733695997824206,0.03650776684235085,181,303
9791,0.4426485367021988,0.4640437624325093,-0.021395225730310496,181,289
9792,0.41662516569670266,0.477611603012312,-0.06098643731560932,181,319
9793,0.45923249960132445,0.4703181284379844,-0.011085628836659922,181,292
9794,0.4106702207217281,0.4835704745947334,-0.0729002538730053,181,311
9795,0.41184819755249624,0.4687177729435616,-0.05686957539106535,181,315
9796,0.4997954592956006,0.4535958496720474,0.046199609623553184,181,309
9797,0.4284761048023292,0.4991864870636472,-0.07071038226131798,181,307
9798,0.36131144407006477,0.4598834784783263,-0.09857203440826151,181,307
9799,0.48323445655386127,0.4601746993374029,0.023059757216458365,181,312
9800,0.4741214459314243,0.5081390858319675,-0.03401763990054324,181,304
9801,0.5299278016669321,0.47809250787949426,0.05183529378743784,181,304
9802,0.40379665750186006,0.40494667837478115,-0.0011500208729210981,181,359
9803,0.44434229445092577,0.4678499792862732,-0.02350768483534743,181,323
9804,0.48066304982880464,0.4881303150721189,-0.007467265243314258,181,314
9805,0.4471174230919092,0.44834329997902117,-0.001225876887111954,181,317
9806,0.4188519237215684,0.44445975642919616,-0.025607832707627787,181,341
9807,0.42714514018505634,0.5056201930889165,-0.07847505290386014,181,311
9808,0.4485087773132463,0.46168533340403156,-0.013176556090785274,181,321
9809,0.4178509430263321,0.46133462686448695,-0.043483683838154874,181,337
9810,0.48986817618263967,0.46174834503099055,0.02811983115164912,181,341
9811,0.45875314818151885,0.47609959838108556,-0.01734645019956671,181,299
9812,0.4631879298138107,0.4594566000559853,0.0037313297578253635,181,350
9813,0.5383361222197447,0.49008758498132143,0.04824853723842326,181,300
9814,0.44259400876224536,0.3806737631063956,0.06192024565584975,181,369
9815,0.4823890381649002,0.5245660651398523,-0.04217702697495207,181,304
9816,0.4735100800004383,0.4549662701669673,0.018543809833471037,181,350
9817,0.4775938142611641,0.4329531605471329,0.0446406537140312,181,334
9818,0.5094283985025175,0.4679396914290551,0.041488707073462416,181,321
9819,0.44380368475650894,0.4887438476128626,-0.04494016285635366,181,315
9820,0.4563279956276172,0.5185933312748155,-0.06226533564719833,181,295
9821,0.5016201872304136,0.49435547163030685,0.007264715600106719,181,321
9822,0.45609690384126467,0.44042117275095344,0.01567573109031123,181,350
9823,0.5011643118785977,0.3914588927230901,0.10970541915550758,181,303
9824,0.495011866801324,0.5028170655904186,-0.007805198789094636,181,288
9825,0.46195012695085674,0.41244372362725895,0.04950640332359779,181,319
9826,0.4881993127679264,0.39674379290926115,0.09145551985866524,181,310
9827,0.4873295976272691,0.5407241614594556,-0.05339456383218649,181,284
9828,0.5037133772662384,0.48620998865796905,0.017503388608269388,181,294
9829,0.4673256498960311,0.5086042638665323,-0.041278613970501254,181,296
9830,0.49121802431510814,0.43388051489482626,0.057337509420281874,181,323
9831,0.4391113240593843,0.5355740238532645,-0.09646269979388017,181,304
9832,0.3933245200049643,0.47006496854109764,-0.07674044853613332,181,331
9833,0.5132598961554031,0.3700926575799154,0.14316723857548774,181,347
9834,0.4655644813866297,0.5264645380037781,-0.060900056617148424,181,291
9835,0.4147674261682928,0.4070416492913899,0.007725776876902901,181,372
9836,0.490556146552093,0.504045803448241,-0.013489656896148006,181,314
9837,0.40382748769747007,0.4357509650851953,-0.03192347738772522,181,345
9838,0.4235345428848903,0.44843595075163706,-0.024901407866746772,181,331
9839,0.4325421541831859,0.4461968222667955,-0.0136546680836096,181,316
9840,0.4524436047537309,0.44948928326938553,0.002954321484345379,181,339
9841,0.47406027771161313,0.4928129587565061,-0.01875268104489297,181,327
9842,0.468981528035541,0.5081766414536062,-0.0391951134180652,181,296
9843,0.4338361369503238,0.4539178031659235,-0.020081666215599703,181,335
9844,0.43012414581363767,0.46401231441380836,-0.03388816860017069,181,300
9845,0.44311955085064325,0.47242753775690793,-0.029307986906264683,181,334
9846,0.39315462061457485,0.47922661030903335,-0.0860719896944585,181,307
9847,0.3454688041952102,0.42922214612575255,-0.08375334193054235,181,330
9848,0.3752565182576251,0.45196593569570626,-0.07670941743808113,181,351
9849,0.4702618470539364,0.480004551308387,-0.009742704254450563,181,305
9850,0.488398012092013,0.52191099674834,-0.03351298465632696,181,298
9851,0.49889301394794555,0.563037788517825,-0.06414477456987949,181,285
9852,0.37385210395414475,0.44187339552431254,-0.06802129157016779,181,346
9853,0.4651748963830388,0.46474662709409414,0.00042826928894468264,181,329
9854,0.49347015214797996,0.49795728044320586,-0.004487128295225906,181,306
9855,0.4392833686492361,0.48261230293785445,-0.04332893428861834,181,316
9856,0.48842951937418194,0.4469801773149608,0.04144934205922113,181,307
9857,0.39301958640568024,0.48372992093030864,-0.0907103345246284,181,327
9858,0.4568937191970819,0.4766174852469513,-0.019723766049869418,181,318
9859,0.4890956374167508,0.44453416093166026,0.04456147648509051,181,340
9860,0.4621201979162097,0.4752284663205614,-0.013108268404351753,181,322
9861,0.38897341450716866,0.4665791601881827,-0.07760574568101403,181,324
9862,0.49507587576599604,0.5001915060558212,-0.005115630289825146,181,304
9863,0.35217968705757025,0.5128431749020685,-0.1606634878444983,181,304
9864,0.47574365909799526,0.42505113933685357,0.0506925197611417,181,306
9865,0.5257845780075145,0.4938273661950838,0.031957211812430775,181,302
9866,0.4882808377058592,0.4272337311810996,0.06104710652475964,181,318
9867,0.49467959649513976,0.5424771154718607,-0.047797518976720965,181,315
9868,0.48008118367365427,0.5181904310999278,-0.03810924742627353,181,295
9869,0.44642156514173614,0.43010459442982374,0.016316970711912404,181,343
9870,0.44603771592104496,0.5000283254218495,-0.05399060950080453,181,321
9871,0.37993724864329553,0.47701808449181543,-0.0970808358485199,181,304
9872,0.49306615996968933,0.4960422154487681,-0.002976055479078754,181,299
9873,0.4515207220306999,0.4402591624054737,0.01126155962522618,181,337
9874,0.3947566338444074,0.45454239351993136,-0.059785759675523964,181,324
9875,0.5192962423064463,0.4912494393233106,0.02804680298313572,181,290
9876,0.4417811022050511,0.4356075763638789,0.0061735258411722005,181,349
9877,0.44499259458947915,0.5304134465813943,-0.08542085199191518,181,290
9878,0.4500790792507479,0.4562491966318408,-0.00617011738109291,181,312
9879,0.47692362410356676,0.4557800210624095,0.021143603041157255,181,312
9880,0.4493331853691154,0.4701550246760552,-0.020821839306939816,181,300
9881,0.46536056999167175,0.41286718471412615,0.0524933852775456,181,340
9882,0.4769104943487048,0.42927351122839846,0.04763698312030634,181,347
9883,0.49576654025559896,0.48212749120739434,0.013639049048204621,181,308
9884,0.4898045835945623,0.521038495044951,-0.03123391145038873,181,290
9885,0.449752430109573,0.4607854946985382,-0.011033064588965191,181,321
9886,0.43704674642028596,0.4419496860858585,-0.004902939665572537,181,329
9887,0.43652020355265303,0.5004054422528985,-0.06388523870024548,181,310
9888,0.4608944677952454,0.4714038342609771,-0.010509366465731695,181,331
9889,0.3946757211335055,0.4774597799807884,-0.0827840588472829,181,313
9890,0.5020857071629758,0.5351508980379368,-0.03306519087496096,181,284
9891,0.36761144821025066,0.46459784888560757,-0.09698640067535691,181,356
9892,0.43609069603614375,0.4148356567167509,0.021255039319392877,181,332
9893,0.516615322730241,0.4518797928936178,0.06473552983662323,181,305
9894,0.42261867731514985,0.48858961792647854,-0.06597094061132869,181,301
9895,0.4219167109299322,0.4643913860297601,-0.042474675099827885,181,326
9896,0.49530525543982235,0.5126189858883663,-0.01731373044854395,181,297
9897,0.5122290410517338,0.49316961638087037,0.019059424670863467,181,290
9898,0.44720682642998216,0.48096970074450723,-0.03376287431452507,181,341
9899,0.4850311043588355,0.47859810125310787,0.0064330031057276416,181,293
9900,0.5109353397794637,0.43914136094320433,0.07179397883625938,181,316
9901,0.47783623575319567,0.4630132627392901,0.01482297301390556,181,310
9902,0.5126318251475149,0.5102322193106431,0.002399605836871821,181,286
9903,0.5277944290039746,0.5545420173789533,-0.026747588374978704,181,296
9904,0.5056460212832754,0.4144826865553558,0.0911633347279196,181,337
9905,0.47042865217011315,0.488002013119051,-0.017573360948937855,181,305
9906,0.45767916080212917,0.4353979353979354,0.02228122540419375,181,336
9907,0.480295293760937,0.5389088952432913,-0.05861360148235434,181,308
9908,0.4345422682743208,0.5034343220072138,-0.06889205373289303,181,292
9909,0.4579735261101447,0.5109268169260729,-0.0529532908159282,181,326
9910,0.450044119947948,0.5254338365204607,-0.0753897165725127,181,319
9911,0.47713978676785157,0.5072466925033122,-0.030106905735460654,181,313
9912,0.4875609808373015,0.4660958834053031,0.02146509743199837,181,327
9913,0.4862712736874952,0.4488201150198394,0.03745115866765575,181,326
9914,0.45059799391871497,0.4038251887319122,0.04677280518680277,181,345
9915,0.452680231515389,0.48346425690664097,-0.030784025391251968,181,349
9916,0.373734702214219,0.42440817967565875,-0.05067347746143974,181,352
9917,0.4634979459939116,0.4536785086089679,0.009819437384943674,181,295
9918,0.5448580395513088,0.5135230867548576,0.031334952796451265,181,275
9919,0.472803720711991,0.35601928854077236,0.11678443217121864,181,387
9920,0.4831538817077218,0.4814049717481216,0.0017489099596001978,181,305
9921,0.4480703663978925,0.49391938269511554,-0.045849016297223044,181,325
9922,0.4761401266699038,0.49508158690133053,-0.018941460231426732,181,304
9923,0.39318932690079905,0.5095085058509419,-0.11631917895014282,181,313
9924,0.4800035255447742,0.490653636863626,-0.010650111318851796,181,298
9925,0.4596887179714371,0.537895348235942,-0.07820663026450486,181,309
9926,0.4592885590365385,0.5421583768642593,-0.0828698178277208,181,281
9927,0.4887313601870701,0.47651917697761415,0.01221218320945594,181,332
9928,0.5026607597618459,0.4952613089506442,0.007399450811201691,181,291
9929,0.44974572566856447,0.5207556395551299,-0.07100991388656547,181,284
9930,0.4410163675637883,0.45894772948943136,-0.01793136192564304,181,306
9931,0.43477090949548725,0.4789674020609785,-0.04419649256549124,181,336
9932,0.5062807449479328,0.4775172322856108,0.02876351266232202,181,313
9933,0.43018933929569236,0.41411158600498155,0.016077753290710817,181,351
9934,0.39301885547473897,0.4830292963675425,-0.09001044089280352,181,317
9935,0.4652247618614283,0.49014952875935774,-0.02492476689792944,181,321
9936,0.44069169375553036,0.4946982154196225,-0.054006521664092144,181,314
9937,0.44813815796582446,0.4579982336282894,-0.00986007566246494,181,318
9938,0.48938252550544153,0.45756213531355844,0.0318203901918831,181,326
9939,0.49530139679157553,0.4691386567463956,0.026162740045179933,181,344
9940,0.46818849448235017,0.45315156558090824,0.015036928901441926,181,321
9941,0.40513154020829695,0.47257432678595024,-0.06744278657765329,181,332
9942,0.45470702503620936,0.4689845779041476,-0.014277552867938248,181,295
9943,0.494679337717924,0.5064339254546418,-0.011754587736717836,181,315
9944,0.4447669789423438,0.44281919121339175,0.001947787728952044,181,344
9945,0.471024968281604,0.4688755269887346,0.002149441292869425,181,290
9946,0.4762084508600188,0.481357100976239,-0.0051486501162202325,181,300
9947,0.3950387092940251,0.48787866417240117,-0.09283995487837604,181,341
9948,0.4520676723284209,0.45697128065087,-0.004903608322449127,181,311
9949,0.45193419684671904,0.497270059408116,-0.04533586256139699,181,289
9950,0.5102363859715542,0.5425901033087841,-0.032353717337229915,181,298
9951,0.4509532714712048,0.4418900658622559,0.00906320560894891,181,360
9952,0.5058315321473216,0.5183528967142413,-0.012521364566919768,181,299
9953,0.4682969136827509,0.46983800185539903,-0.0015410881726481418,181,325
9954,0.48041329860505405,0.44445172507689207,0.03596157352816198,181,343
9955,0.5311574752083414,0.4490915359349527,0.08206593927338873,181,312
9956,0.4409498002572877,0.4853722461478123,-0.04442244589052463,181,309
9957,0.4918049410675812,0.48627884649741515,0.005526094570166062,181,306
9958,0.3709902602117601,0.500061814101223,-0.12907155388946284,181,307
9959,0.4494099156775003,0.5286227736817514,-0.07921285800425104,181,304
9960,0.46068405101113674,0.4462192402602621,0.014464810750874635,181,330
9961,0.43761510742471205,0.5445641644895737,-0.10694905706486163,181,292
9962,0.5081715544730641,0.5316474158386278,-0.023475861365563788,181,289
9963,0.4268223104550917,0.4665768022991227,-0.03975449184403096,181,336
9964,0.44904579817027335,0.4586128120958955,-0.009567013925622148,181,317
9965,0.4447799288914062,0.40056481431724045,0.04421511457416577,181,345
9966,0.4286673585589322,0.4124954458350419,0.01617191272389029,181,357
9967,0.4566937670929267,0.5198145468263916,-0.06312077973346492,181,309
9968,0.5063873115003272,0.5339904636350135,-0.027603152134686226,181,287
9969,0.3315891439241404,0.44005711574247186,-0.10846797181833145,181,328
9970,0.438345128351108,0.4649075282824522,-0.026562399931344183,181,309
9971,0.4665715051928044,0.4523725242013924,0.01419898099141198,181,307
9972,0.4807113971564099,0.4586701176649995,0.022041279491410437,181,309
9973,0.45506058681702843,0.4678889503383515,-0.01282836352132305,181,316
9974,0.48501870063273567,0.5364071086692652,-0.051388408036529554,181,288
9975,0.45394627144224586,0.5396868603744716,-0.08574058893222569,181,298
9976,0.43386417489823953,0.45600667058979044,-0.022142495691550912,181,316
9977,0.4807804364170691,0.5172919938530468,-0.036511557435977726,181,310
9978,0.4453044245035637,0.4585854371352827,-0.013281012631718991,181,323
9979,0.46227106227106224,0.49617669324233077,-0.03390563097126853,181,308
9980,0.41667337463932835,0.47782062716140933,-0.061147252522080975,181,334
9981,0.4758675767840991,0.4462443617016846,0.0296232150824145,181,328
9982,0.4912417383005618,0.45852965876870166,0.032712079531860117,181,322
9983,0.45525389963171076,0.5309896852941118,-0.07573578566240108,181,300
9984,0.417999737677994,0.4776468241076549,-0.059647086429660934,181,325
9985,0.42315175880865297,0.41512277321167146,0.008028985596981508,181,338
9986,0.4745801149513794,0.455564616393251,0.019015498558128396,181,317
9987,0.4408279267249668,0.4570923540119696,-0.016264427287002836,181,353
9988,0.4523394855959254,0.4194861248963158,0.03285336069960959,181,352
9989,0.4921214381634442,0.4885710485348822,0.003550389628562023,181,316
9990,0.5200821391548208,0.5072170278637661,0.01286511129105472,181,285
9991,0.4587664666929325,0.4361372515891042,0.02262921510382826,181,346
9992,0.45795885355972427,0.4684581893346294,-0.010499335774905139,181,301
9993,0.46398798014649767,0.4723064011797354,-0.00831842103323771,181,308
9994,0.45741080744536644,0.4614493733275654,-0.0040385658821989745,181,325
9995,0.41172114962320705,0.372870726868288,0.03885042275491907,181,412
9996,0.44828822806446916,0.39408424919847956,0.0542039788659896,181,320
9997,0.46113289273730473,0.47462737201658706,-0.013494479279282323,181,308
9998,0.44812366392786857,0.4384791022123965,0.009644561715472066,181,318
9999,0.5007498698905664,0.47281920118494075,0.027930668705625605,181,312
10000,0.4491822982847861,0.45624779867432974,-0.007065500389543622,181,316
